document_id,family_id,parent_id,datetime,sender_author,recipients,custodian,document_type,subject_title,arc,event_id,intended_evidentiary_role,expected_attachment_count,status
EMAIL-001,EMAIL-001,,01/11/2022 09:14:00 PST,Priya Shah <pshah@alderpointpartners.com>,Tom Reyes <treyes@alderpointpartners.com>,Priya Shah,email,Coastal Solar Credit Program — kickoff,N,,seed-canonical; Routine,1,existing
EMAIL-002,EMAIL-002,,01/12/2022 08:03:00 PST,Elena Marlowe <emarlowe@cascadetimber.com>,Robert Denniston <rdenniston@cascadetimber.com>,Elena Marlowe,email,Re: Q1 projections,F,,seed-canonical; Key Stakeholder Comms,0,existing
EMAIL-003,EMAIL-003,,03/02/2022 11:47:00 PST,Tom Reyes <treyes@alderpointpartners.com>,Priya Shah <pshah@alderpointpartners.com>,Tom Reyes,email,Land parcel eligibility — need a second look,A,,seed-canonical; Knowledge/Scienter,0,existing
EMAIL-004,EMAIL-004,,06/14/2022 14:22:00 PDT,Sarah Nguyen <snguyen@cascadetimber.com>,John Ellery <jellery@cascadetimber.com>,Sarah Nguyen,email,Compliance question re: Coastal Solar eligibility,A,,seed-canonical; Knowledge/Scienter,0,existing
EMAIL-005,EMAIL-005,,06/15/2022 09:05:00 PDT,John Ellery <jellery@cascadetimber.com>,Sarah Nguyen <snguyen@cascadetimber.com>,John Ellery,email,RE: Compliance question re: Coastal Solar eligibility,H,,seed-canonical; Privileged Legal Advice,0,existing
EMAIL-006,EMAIL-006,,07/01/2022 10:30:00 PDT,Priya Shah <pshah@alderpointpartners.com>,Jay Whitfield <jwhitfield@alderpointpartners.com>,Priya Shah,email,Broker network — Bellhaven,D,,seed-canonical; Red Flag,0,existing
EMAIL-007,EMAIL-007,,07/01/2022 15:52:00 PDT,Kane <jwhitfield@alderpointpartners.com>,Priya Shah <pshah@alderpointpartners.com>,Jay Whitfield,email,RE: Broker network — Bellhaven,D,,seed-canonical; Red Flag,0,existing
EMAIL-008,EMAIL-008,,09/02/2022 08:40:00 PDT,Tom Reyes <treyes@alderpointpartners.com>,Derek Holt <dholt@bellhavenadvisory.com>; Priya Shah <pshah@alderpointpartners.com>,Tom Reyes,email,Engagement — Coastal Solar credit placements,C,,seed-canonical; Routine,0,existing
EMAIL-009,EMAIL-009,,09/15/2022 13:15:00 MDT,Derek Holt <dholt@bellhavenadvisory.com>,Tom Reyes <treyes@alderpointpartners.com>,Derek Holt,email,RE: Engagement — Coastal Solar credit placements,D,,seed-canonical; Red Flag,1,existing
EMAIL-010,EMAIL-010,,09/16/2022 09:02:00 PDT,Tom Reyes <treyes@alderpointpartners.com>,Priya Shah <pshah@alderpointpartners.com>,Tom Reyes,email,RE: Bellhaven registration,D,,seed-canonical; Due Diligence Failure,0,existing
EMAIL-011,EMAIL-011,,09/16/2022 09:41:00 PDT,Priya Shah <pshah@alderpointpartners.com>,Tom Reyes <treyes@alderpointpartners.com>,Priya Shah,email,RE: Bellhaven registration,D,,seed-canonical; Due Diligence Failure,0,existing
EMAIL-012,EMAIL-012,,10/04/2022 16:05:00 PDT,John Ellery <jellery@cascadetimber.com>,Elena Marlowe <emarlowe@cascadetimber.com>,John Ellery,email,Privileged — Coastal Solar program risk assessment,H,,seed-canonical; Privileged Legal Advice,1,existing
EMAIL-013,EMAIL-013,,10/05/2022 08:22:00 PDT,Elena Marlowe <emarlowe@cascadetimber.com>,Robert Denniston <rdenniston@cascadetimber.com>; John Ellery <jellery@cascadetimber.com>,Elena Marlowe,email,RE: Coastal Solar program risk assessment,F,,seed-canonical; Key Stakeholder Comms,0,existing
EMAIL-014,EMAIL-014,,10/06/2022 10:11:00 PDT,Robert Denniston <rdenniston@cascadetimber.com>,Elena Marlowe <emarlowe@cascadetimber.com>,Robert Denniston,email,RE: Coastal Solar program risk assessment,D,,seed-canonical; Due Diligence Failure,1,existing
EMAIL-015,EMAIL-015,,11/11/2022 09:37:00 PST,Tom Reyes <treyes@alderpointpartners.com>,Priya Shah <pshah@alderpointpartners.com>,Tom Reyes,email,Parcel eligibility follow-up,A,,seed-canonical; Knowledge/Scienter,0,existing
EMAIL-016,EMAIL-016,,11/12/2022 11:05:00 PST,Priya Shah <pshah@alderpointpartners.com>,Tom Reyes <treyes@alderpointpartners.com>,Priya Shah,email,RE: Parcel eligibility follow-up,D,,seed-canonical; Due Diligence Failure,0,existing
EMAIL-017,EMAIL-017,,01/09/2023 09:50:00 PST,Jay Whitfield <jwhitfield@alderpointpartners.com>,Priya Shah <pshah@alderpointpartners.com>,Jay Whitfield,email,Broker licensing check-in,D,,seed-canonical; Red Flag,0,existing
EMAIL-018,EMAIL-018,,01/10/2023 14:18:00 PST,Priya Shah <pshah@alderpointpartners.com>,Jay Whitfield <jwhitfield@alderpointpartners.com>,Priya Shah,email,RE: Broker licensing check-in,D,,seed-canonical; Due Diligence Failure,0,existing
EMAIL-019,EMAIL-019,,02/20/2023 07:58:00 PST,Sarah Nguyen <snguyen@cascadetimber.com>,John Ellery <jellery@cascadetimber.com>; Elena Marlowe <emarlowe@cascadetimber.com>,Sarah Nguyen,email,Whistleblower complaint received,H,,seed-canonical; Chronology Key Event,0,existing
EMAIL-020,EMAIL-020,,02/21/2023 09:12:00 PST,John Ellery <jellery@cascadetimber.com>,Elena Marlowe <emarlowe@cascadetimber.com>; Sarah Nguyen <snguyen@cascadetimber.com>,John Ellery,email,RE: Whistleblower complaint received — privileged,H,,seed-canonical; Privileged Legal Advice,1,existing
EMAIL-021,EMAIL-021,,02/24/2023 15:40:00 PST,John Ellery <jellery@cascadetimber.com>,Grace Lin <glin@llassociates.com>; Elena Marlowe <emarlowe@cascadetimber.com>,John Ellery,email,Engagement — Coastal Solar internal review,H,,seed-canonical; Privileged Legal Advice,1,existing
EMAIL-022,EMAIL-022,,03/01/2023 10:26:00 PST,Grace Lin <glin@llassociates.com>,John Ellery <jellery@cascadetimber.com>,Grace Lin,email,RE: Engagement — Coastal Solar internal review,H,,seed-canonical; Privileged Legal Advice,1,existing
EMAIL-023,EMAIL-023,,05/23/2023 08:05:00 PDT,John Ellery <jellery@cascadetimber.com>,Elena Marlowe <emarlowe@cascadetimber.com>; Robert Denniston <rdenniston@cascadetimber.com>,John Ellery,email,IRS subpoena received,H,,seed-canonical; Chronology Key Event,1,existing
EMAIL-024,EMAIL-024,,06/13/2023 17:00:00 PDT,John Ellery <jellery@cascadetimber.com>,All Staff <allstaff@cascadetimber.com>,John Ellery,email,Legal hold notice — Coastal Solar Credit Program,H,,seed-canonical; Chronology Key Event,1,existing
EMAIL-025,EMAIL-025,,06/14/2023 09:15:00 PDT,Priya Shah <pshah@alderpointpartners.com>,Tom Reyes <treyes@alderpointpartners.com>; Jay Whitfield <jwhitfield@alderpointpartners.com>,Priya Shah,email,Legal hold — please confirm,H,,seed-canonical; Routine,0,existing
EMAIL-026,EMAIL-026,,06/20/2023 13:47:00 PDT,Robert Denniston <rdenniston@cascadetimber.com>,Elena Marlowe <emarlowe@cascadetimber.com>,Robert Denniston,email,Budget for internal review,F,,seed-canonical; Key Stakeholder Comms,0,existing
EMAIL-027,EMAIL-027,,06/21/2023 10:33:00 PDT,John Ellery <jellery@cascadetimber.com>,Robert Denniston <rdenniston@cascadetimber.com>; Elena Marlowe <emarlowe@cascadetimber.com>,John Ellery,email,RE: Budget for internal review,F,,seed-canonical; Key Stakeholder Comms,0,existing
EMAIL-028,EMAIL-028,,06/22/2023 16:20:00 PDT,Tom Reyes <treyes@alderpointpartners.com>,Priya Shah <pshah@alderpointpartners.com>,Tom Reyes,email,Re-reading old threads,A,,seed-canonical; Knowledge/Scienter,0,existing
EMAIL-029,EMAIL-029,,06/25/2023 11:09:00 MDT,Derek Holt <dholt@bellhavenadvisory.com>,Tom Reyes <treyes@alderpointpartners.com>,Derek Holt,email,Registration status,D,,seed-canonical; Routine,0,existing
EMAIL-030,EMAIL-030,,06/27/2023 15:02:00 PDT,Elena Marlowe <emarlowe@cascadetimber.com>,Robert Denniston <rdenniston@cascadetimber.com>; John Ellery <jellery@cascadetimber.com>,Elena Marlowe,email,RE: Coastal Solar — path forward,F,,seed-canonical; Key Stakeholder Comms,0,existing
EMAIL-031,EMAIL-031,,11/02/2021 09:20:00 PDT,Elena Marlowe <emarlowe@cascadetimber.com>,Robert Denniston <rdenniston@cascadetimber.com>,Elena Marlowe,email,Coastal Solar Credit Program — business case,N,,seed-canonical; Routine,0,existing
EMAIL-032,EMAIL-032,,11/05/2021 13:40:00 PDT,Robert Denniston <rdenniston@cascadetimber.com>,Elena Marlowe <emarlowe@cascadetimber.com>,Robert Denniston,email,RE: Coastal Solar Credit Program — business case,F,,seed-canonical; Key Stakeholder Comms,0,existing
EMAIL-033,EMAIL-033,,12/01/2021 10:00:00 PST,Priya Shah <pshah@alderpointpartners.com>,Elena Marlowe <emarlowe@cascadetimber.com>; Robert Denniston <rdenniston@cascadetimber.com>,Priya Shah,email,Coastal Solar Credit Program — partnership proposal,N,,seed-canonical; Routine,1,existing
EMAIL-034,EMAIL-034,,12/10/2021 11:15:00 PST,John Ellery <jellery@cascadetimber.com>,Elena Marlowe <emarlowe@cascadetimber.com>,John Ellery,email,RE: Coastal Solar Credit Program — partnership proposal — legal review,H,,seed-canonical; Privileged Legal Advice,0,existing
EMAIL-035,EMAIL-035,,12/15/2021 09:30:00 PST,Elena Marlowe <emarlowe@cascadetimber.com>,John Ellery <jellery@cascadetimber.com>,Elena Marlowe,email,RE: partnership agreement sign-off,N,,seed-canonical; Routine,0,existing
EMAIL-036,EMAIL-036,,02/10/2022 09:05:00 PST,Tom Reyes <treyes@alderpointpartners.com>,Nina Alvarez <nalvarez@alderpointpartners.com>,Tom Reyes,email,Parcel data request — Northwest batch,A,,seed-canonical; Routine,0,existing
EMAIL-037,EMAIL-037,,02/14/2022 15:22:00 PST,Nina Alvarez <nalvarez@alderpointpartners.com>,Tom Reyes <treyes@alderpointpartners.com>,Nina Alvarez,email,RE: Parcel data request — Northwest batch,A,,seed-canonical; Knowledge/Scienter,1,existing
EMAIL-038,EMAIL-038,,03/05/2022 10:45:00 PST,Tom Reyes <treyes@alderpointpartners.com>,GreenAcre Land Survey Co. <surveys@greenacresurvey.com>,Tom Reyes,email,Survey request — Coastal Solar parcels,A,,seed-canonical; Knowledge/Scienter,0,existing
EMAIL-039,EMAIL-039,,03/15/2022 16:10:00 PDT,GreenAcre Land Survey Co. <surveys@greenacresurvey.com>,Tom Reyes <treyes@alderpointpartners.com>,Tom Reyes,email,RE: Survey request — Coastal Solar parcels,A,,seed-canonical; Knowledge/Scienter,1,existing
EMAIL-040,EMAIL-040,,06/20/2022 13:00:00 PDT,Sarah Nguyen <snguyen@cascadetimber.com>,John Ellery <jellery@cascadetimber.com>,Sarah Nguyen,email,RE: Compliance question re: Coastal Solar eligibility,H,,seed-canonical; Privileged Legal Advice,0,existing
EMAIL-041,EMAIL-041,,09/10/2022 11:00:00 MDT,Renee Ford <rford@bellhavenadvisory.com>,Derek Holt <dholt@bellhavenadvisory.com>,Derek Holt,email,OR/WA broker registration renewal — status,D,,seed-canonical; Red Flag,0,existing
EMAIL-042,EMAIL-042,,09/12/2022 09:30:00 MDT,Derek Holt <dholt@bellhavenadvisory.com>,Renee Ford <rford@bellhavenadvisory.com>,Derek Holt,email,RE: OR/WA broker registration renewal — status,D,,seed-canonical; Due Diligence Failure,0,existing
EMAIL-043,EMAIL-043,,11/01/2022 14:20:00 MDT,Renee Ford <rford@bellhavenadvisory.com>,Tom Reyes <treyes@alderpointpartners.com>; Derek Holt <dholt@bellhavenadvisory.com>,Derek Holt,email,Following up — registration and marketing status,D,,seed-canonical; Due Diligence Failure,0,existing
EMAIL-044,EMAIL-044,,11/03/2022 08:50:00 PDT,Tom Reyes <treyes@alderpointpartners.com>,Priya Shah <pshah@alderpointpartners.com>,Tom Reyes,email,FW: Following up — registration and marketing status,D,,seed-canonical; Due Diligence Failure,0,existing
EMAIL-045,EMAIL-045,,12/20/2022 10:05:00 MST,Derek Holt <dholt@bellhavenadvisory.com>,Tom Reyes <treyes@alderpointpartners.com>,Derek Holt,email,Registration finalized,D,,seed-canonical; Routine,0,existing
EMAIL-046,EMAIL-046,,02/20/2023 16:45:00 PST,Sarah Nguyen <snguyen@cascadetimber.com>,John Ellery <jellery@cascadetimber.com>,Sarah Nguyen,email,Complaint details,H,,seed-canonical; Chronology Key Event,1,existing
EMAIL-047,EMAIL-047,,02/26/2023 09:00:00 PST,John Ellery <jellery@cascadetimber.com>,Alan Brooks <abrooks@llassociates.com>,John Ellery,email,Document collection kickoff — Coastal Solar internal review,H,,seed-canonical; Privileged Legal Advice,0,existing
EMAIL-048,EMAIL-048,,02/28/2023 14:30:00 PST,Alan Brooks <abrooks@llassociates.com>,John Ellery <jellery@cascadetimber.com>,John Ellery,email,RE: Document collection kickoff — custodian list draft v1,H,,seed-canonical; Privileged Legal Advice,1,existing
EMAIL-049,EMAIL-049,,03/05/2023 11:10:00 PST,Mia Chen <mchen@llassociates.com>,John Ellery <jellery@cascadetimber.com>; Grace Lin <glin@llassociates.com>,John Ellery,email,Review status update,H,,seed-canonical; Privileged Legal Advice,0,existing
EMAIL-050,EMAIL-050,,03/10/2023 17:00:00 PST,Grace Lin <glin@llassociates.com>,John Ellery <jellery@cascadetimber.com>,Grace Lin,email,Interim findings memo,H,,seed-canonical; Privileged Legal Advice,1,existing
EMAIL-051,EMAIL-051,,03/15/2023 10:20:00 PDT,John Ellery <jellery@cascadetimber.com>,Elena Marlowe <emarlowe@cascadetimber.com>; Robert Denniston <rdenniston@cascadetimber.com>,John Ellery,email,Privileged — internal review status update,H,,seed-canonical; Privileged Legal Advice,0,existing
EMAIL-052,EMAIL-052,,03/20/2023 08:40:00 PDT,Elena Marlowe <emarlowe@cascadetimber.com>,Marcus Webb <mwebb@cascadetimber.com>,Elena Marlowe,email,Coastal Solar — board update needed,F,,seed-canonical; Key Stakeholder Comms,0,existing
EMAIL-053,EMAIL-053,,03/22/2023 12:15:00 PDT,Marcus Webb <mwebb@cascadetimber.com>,Elena Marlowe <emarlowe@cascadetimber.com>,Elena Marlowe,email,RE: Coastal Solar — board update needed,F,,seed-canonical; Key Stakeholder Comms,0,existing
EMAIL-054,EMAIL-054,,05/23/2023 09:15:00 PDT,John Ellery <jellery@cascadetimber.com>,Grace Lin <glin@llassociates.com>,John Ellery,email,FW: IRS subpoena received,H,,seed-canonical; Privileged Legal Advice,0,existing
EMAIL-055,EMAIL-055,,05/24/2023 10:00:00 PDT,Grace Lin <glin@llassociates.com>,John Ellery <jellery@cascadetimber.com>,Grace Lin,email,RE: FW: IRS subpoena received,H,,seed-canonical; Privileged Legal Advice,0,existing
EMAIL-056,EMAIL-056,,05/25/2023 13:30:00 PDT,John Ellery <jellery@cascadetimber.com>,Kevin Tran <kevin.tran@irs.gov>,John Ellery,email,Coastal Solar Credit Program subpoena — extension request,H,,seed-canonical; Routine,0,existing
EMAIL-057,EMAIL-057,,05/31/2023 09:45:00 EDT,Kevin Tran <kevin.tran@irs.gov>,John Ellery <jellery@cascadetimber.com>,John Ellery,email,RE: Coastal Solar Credit Program subpoena — extension request,H,,seed-canonical; Routine,0,existing
EMAIL-058,EMAIL-058,,05/30/2023 15:00:00 PDT,Alan Brooks <abrooks@llassociates.com>,Dan Osei <dosei@cascadetimber.com>,Dan Osei,email,Document collection — technical scope,H,,seed-canonical; Routine,0,existing
EMAIL-059,EMAIL-059,,06/02/2023 11:20:00 PDT,Dan Osei <dosei@cascadetimber.com>,Alan Brooks <abrooks@llassociates.com>,Dan Osei,email,RE: Document collection — technical scope,H,,seed-canonical; Routine,1,existing
EMAIL-060,EMAIL-060,,06/13/2023 18:10:00 PDT,Dan Osei <dosei@cascadetimber.com>,All Staff <allstaff@cascadetimber.com>,Dan Osei,email,IT actions for legal hold — Coastal Solar,H,,seed-canonical; Chronology Key Event,0,existing
EMAIL-061,EMAIL-061,,06/14/2023 10:05:00 PDT,Wendy Park <wpark@cascadetimber.com>,John Ellery <jellery@cascadetimber.com>,John Ellery,email,RE: Legal hold — departing employee mailbox,H,,seed-canonical; Routine,0,existing
EMAIL-062,EMAIL-062,,06/15/2023 09:30:00 PDT,John Ellery <jellery@cascadetimber.com>,Wendy Park <wpark@cascadetimber.com>,John Ellery,email,RE: Legal hold — departing employee mailbox,H,,seed-canonical; Routine,0,existing
EMAIL-063,EMAIL-063,,06/19/2023 14:00:00 PDT,Grace Lin <glin@llassociates.com>,John Ellery <jellery@cascadetimber.com>,Grace Lin,email,Review cost estimate,H,,seed-canonical; Privileged Legal Advice,0,existing
EMAIL-064,EMAIL-064,,06/23/2023 09:50:00 PDT,Mia Chen <mchen@llassociates.com>,Alan Brooks <abrooks@llassociates.com>,Alan Brooks,email,Search term / TAR workflow options,H,,seed-canonical; Privileged Legal Advice,0,existing
EMAIL-065,EMAIL-065,,06/24/2023 16:40:00 PDT,John Ellery <jellery@cascadetimber.com>,Grace Lin <glin@llassociates.com>,John Ellery,email,RE: Review cost estimate,H,,seed-canonical; Privileged Legal Advice,0,existing
EMAIL-066,EMAIL-066,,06/28/2023 11:00:00 PDT,Frank Delgado <fdelgado@cascadetimber.com>,Elena Marlowe <emarlowe@cascadetimber.com>,Elena Marlowe,email,Investor question — Coastal Solar pause,F,,seed-canonical; Key Stakeholder Comms,0,existing
EMAIL-067,EMAIL-067,,06/29/2023 08:15:00 PDT,Elena Marlowe <emarlowe@cascadetimber.com>,Frank Delgado <fdelgado@cascadetimber.com>,Elena Marlowe,email,RE: Investor question — Coastal Solar pause,F,,seed-canonical; Key Stakeholder Comms,0,existing
EMAIL-068,EMAIL-068,,06/30/2023 15:30:00 PDT,Marcus Webb <mwebb@cascadetimber.com>,Elena Marlowe <emarlowe@cascadetimber.com>; Robert Denniston <rdenniston@cascadetimber.com>,Elena Marlowe,email,RE: Coastal Solar — path forward,F,,seed-canonical; Key Stakeholder Comms,0,existing
EMAIL-069,EMAIL-069,,07/05/2023 09:00:00 PDT,Priya Shah <pshah@alderpointpartners.com>,Broker Network <brokernetwork@alderpointpartners.com>,Priya Shah,email,Coastal Solar — placements paused,C,,seed-canonical; Routine,0,existing
EMAIL-070,EMAIL-070,,07/06/2023 10:40:00 MDT,Renee Ford <rford@bellhavenadvisory.com>,Derek Holt <dholt@bellhavenadvisory.com>,Derek Holt,email,RE: Coastal Solar — placements paused,D,,seed-canonical; Due Diligence Failure,0,existing
EMAIL-071,EMAIL-071,,07/10/2023 14:00:00 PDT,Craig Sato <csato@cascadetimber.com>,Robert Denniston <rdenniston@cascadetimber.com>,Robert Denniston,email,Q3 financial impact — Coastal Solar pause,F,,seed-canonical; Key Stakeholder Comms,1,existing
EMAIL-072,EMAIL-072,,06/25/2023 08:00:00 PDT,Robert Denniston <rdenniston@cascadetimber.com>,Elena Marlowe <emarlowe@cascadetimber.com>; John Ellery <jellery@cascadetimber.com>; Sarah Nguyen <snguyen@cascadetimber.com>,Robert Denniston,email,Invite: Q3 Budget Review,F,,seed-canonical; Not Responsive,1,existing
EMAIL-073,EMAIL-073,,01/05/2022 09:00:00 PST,Priya Shah <pshah@alderpointpartners.com>,Tom Reyes <treyes@alderpointpartners.com>; Jay Whitfield <jwhitfield@alderpointpartners.com>,Priya Shah,email,Invite: Weekly Broker Network Sync,D,,seed-canonical; Not Responsive,1,existing
EMAIL-074,EMAIL-074,,12/01/2022 09:00:00 PST,Elena Marlowe <emarlowe@cascadetimber.com>,All Staff <allstaff@cascadetimber.com>,Elena Marlowe,email,Invite: Cascade Timber Holiday Party,N,,seed-canonical; Not Responsive,1,existing
EMAIL-075,EMAIL-075,,02/24/2023 16:00:00 PST,John Ellery <jellery@cascadetimber.com>,Grace Lin <glin@llassociates.com>,John Ellery,email,Invite: Coastal Solar Internal Review Kickoff Call,H,,seed-canonical; Privileged Legal Advice,1,existing
EMAIL-076,EMAIL-076,,03/18/2023 10:00:00 PDT,Marcus Webb <mwebb@cascadetimber.com>,Elena Marlowe <emarlowe@cascadetimber.com>; Robert Denniston <rdenniston@cascadetimber.com>; John Ellery <jellery@cascadetimber.com>,Elena Marlowe,email,Invite: Board Meeting — March,F,,seed-canonical; Key Stakeholder Comms,1,existing
EMAIL-077,EMAIL-077,,08/01/2022 07:00:00 PDT,Tom Reyes <treyes@alderpointpartners.com>,Priya Shah <pshah@alderpointpartners.com>,Tom Reyes,email,Automatic Reply: Out of Office,N,,seed-canonical; Not Responsive,0,existing
EMAIL-078,EMAIL-078,,12/23/2022 08:00:00 PST,Priya Shah <pshah@alderpointpartners.com>,Tom Reyes <treyes@alderpointpartners.com>,Priya Shah,email,Automatic Reply: Out of Office,N,,seed-canonical; Not Responsive,0,existing
EMAIL-079,EMAIL-079,,04/10/2023 08:00:00 PDT,Sarah Nguyen <snguyen@cascadetimber.com>,John Ellery <jellery@cascadetimber.com>,Sarah Nguyen,email,Automatic Reply: Out of Office,N,,seed-canonical; Not Responsive,0,existing
EMAIL-080,EMAIL-080,,07/15/2022 08:00:00 MDT,Derek Holt <dholt@bellhavenadvisory.com>,Tom Reyes <treyes@alderpointpartners.com>,Derek Holt,email,Automatic Reply: Out of Office,N,,seed-canonical; Not Responsive,0,existing
EMAIL-081,EMAIL-081,,04/01/2023 08:00:00 PDT,Grace Lin <glin@llassociates.com>,John Ellery <jellery@cascadetimber.com>,Grace Lin,email,Automatic Reply: Out of Office,N,,seed-canonical; Not Responsive,0,existing
EMAIL-082,EMAIL-082,,06/26/2023 08:00:00 PDT,Nina Alvarez <nalvarez@alderpointpartners.com>,Jay Whitfield <jwhitfield@alderpointpartners.com>,Jay Whitfield,email,Automatic Reply: Out of Office — Last Day June 30,N,,seed-canonical; Not Responsive,0,existing
EMAIL-083,EMAIL-083,,04/01/2022 08:00:00 PDT,IT Notifications <it-notifications@cascadetimber.com>,All Staff <allstaff@cascadetimber.com>,IT Notifications,email,Mandatory Password Reset — April 2022,N,,seed-canonical; Not Responsive,0,existing
EMAIL-084,EMAIL-084,,10/15/2022 08:00:00 PDT,IT Notifications <it-notifications@cascadetimber.com>,All Staff <allstaff@cascadetimber.com>,IT Notifications,email,Phishing Awareness Training Due,N,,seed-canonical; Not Responsive,0,existing
EMAIL-085,EMAIL-085,,01/20/2023 08:00:00 PST,IT Notifications <it-notifications@cascadetimber.com>,All Staff <allstaff@cascadetimber.com>,IT Notifications,email,VPN Maintenance Window — January 22,N,,seed-canonical; Not Responsive,0,existing
EMAIL-086,EMAIL-086,,05/01/2023 08:00:00 PDT,IT Notifications <it-notifications@cascadetimber.com>,All Staff <allstaff@cascadetimber.com>,IT Notifications,email,New Laptop Rollout Schedule,N,,seed-canonical; Not Responsive,0,existing
EMAIL-087,EMAIL-087,,10/01/2022 08:00:00 PDT,Human Resources <hr@cascadetimber.com>,All Staff <allstaff@cascadetimber.com>,Human Resources,email,Open Enrollment Begins October 3,N,,seed-canonical; Not Responsive,0,existing
EMAIL-088,EMAIL-088,,12/20/2022 08:00:00 PST,Human Resources <hr@cascadetimber.com>,All Staff <allstaff@cascadetimber.com>,Human Resources,email,Holiday Office Closure Schedule,N,,seed-canonical; Not Responsive,0,existing
EMAIL-089,EMAIL-089,,07/03/2023 09:00:00 PDT,HR <hr@alderpointpartners.com>,Broker Network <brokernetwork@alderpointpartners.com>,HR,email,Welcome Our New Regional Sales Rep,N,,seed-canonical; Not Responsive,0,existing
EMAIL-090,EMAIL-090,,02/01/2023 07:00:00 PST,Human Resources <hr@cascadetimber.com>,All Staff <allstaff@cascadetimber.com>,Human Resources,email,Winter Storm — Office Closure,N,,seed-canonical; Not Responsive,0,existing
EMAIL-091,EMAIL-091,,09/20/2022 10:00:00 PDT,Deb Sanchez <dsanchez@cascadetimber.com>,Tom Reyes <treyes@alderpointpartners.com>,Tom Reyes,email,Expense Report Approved — September Trip,N,,seed-canonical; Not Responsive,0,existing
EMAIL-092,EMAIL-092,,11/08/2022 09:15:00 PST,Deb Sanchez <dsanchez@cascadetimber.com>,Elena Marlowe <emarlowe@cascadetimber.com>,Elena Marlowe,email,Travel Itinerary Confirmation — NYC Investor Trip,C,,seed-canonical; Not Responsive,0,existing
EMAIL-093,EMAIL-093,,01/15/2023 09:00:00 PST,Deb Sanchez <dsanchez@cascadetimber.com>,Robert Denniston <rdenniston@cascadetimber.com>,Robert Denniston,email,Corporate Card Statement Reminder,N,,seed-canonical; Not Responsive,0,existing
EMAIL-094,EMAIL-094,,05/10/2022 11:00:00 PDT,Deb Sanchez <dsanchez@cascadetimber.com>,Sarah Nguyen <snguyen@cascadetimber.com>,Sarah Nguyen,email,Conference Registration Confirmed — Compliance Summit,D,,seed-canonical; Not Responsive,0,existing
EMAIL-095,EMAIL-095,,04/05/2022 09:30:00 PDT,Tom Reyes <treyes@alderpointpartners.com>,Priya Shah <pshah@alderpointpartners.com>,Tom Reyes,email,Mountain Ridge Reforestation Credit — parcel list,I,,seed-canonical; Not Responsive,0,existing
EMAIL-096,EMAIL-096,,04/08/2022 10:15:00 PDT,Priya Shah <pshah@alderpointpartners.com>,Tom Reyes <treyes@alderpointpartners.com>,Priya Shah,email,RE: Mountain Ridge Reforestation Credit — parcel list,I,,seed-canonical; Not Responsive,0,existing
EMAIL-097,EMAIL-097,,08/15/2022 13:20:00 PDT,Jay Whitfield <jwhitfield@alderpointpartners.com>,Priya Shah <pshah@alderpointpartners.com>,Jay Whitfield,email,Mountain Ridge — broker interest strong,I,,seed-canonical; Not Responsive,0,existing
EMAIL-098,EMAIL-098,,05/01/2022 08:30:00 PDT,Elena Marlowe <emarlowe@cascadetimber.com>,Robert Denniston <rdenniston@cascadetimber.com>,Elena Marlowe,email,Mountain Ridge Reforestation Credit — Q2 update,I,,seed-canonical; Not Responsive,0,existing
EMAIL-099,EMAIL-099,,01/25/2023 09:40:00 PST,Priya Shah <pshah@alderpointpartners.com>,Jay Whitfield <jwhitfield@alderpointpartners.com>,Priya Shah,email,Mountain Ridge — year one wrap-up,I,,seed-canonical; Not Responsive,0,existing
EMAIL-100,EMAIL-100,,04/20/2023 11:00:00 PDT,Tom Reyes <treyes@alderpointpartners.com>,Priya Shah <pshah@alderpointpartners.com>,Tom Reyes,email,Mountain Ridge parcel eligibility — all clear,I,,seed-canonical; Not Responsive,0,existing
EMAIL-101,EMAIL-101,,05/20/2022 12:00:00 PDT,Tom Reyes <treyes@alderpointpartners.com>,Priya Shah <pshah@alderpointpartners.com>,Tom Reyes,email,Lunch Thursday?,N,,seed-canonical; Not Responsive,0,existing
EMAIL-102,EMAIL-102,,06/01/2022 09:10:00 PDT,Jay Whitfield <jwhitfield@alderpointpartners.com>,Priya Shah <pshah@alderpointpartners.com>,Jay Whitfield,email,Congrats on the Cascade deal!,N,,seed-canonical; Not Responsive,0,existing
EMAIL-103,EMAIL-103,,08/10/2022 15:00:00 PDT,Elena Marlowe <emarlowe@cascadetimber.com>,Robert Denniston <rdenniston@cascadetimber.com>,Elena Marlowe,email,Client dinner — Thursday,N,,seed-canonical; Not Responsive,0,existing
EMAIL-104,EMAIL-104,,10/10/2022 09:00:00 MDT,Derek Holt <dholt@bellhavenadvisory.com>,Tom Reyes <treyes@alderpointpartners.com>,Derek Holt,email,Good seeing you at the conference,N,,seed-canonical; Not Responsive,0,existing
EMAIL-105,EMAIL-105,,11/20/2022 10:30:00 PST,Sarah Nguyen <snguyen@cascadetimber.com>,John Ellery <jellery@cascadetimber.com>,Sarah Nguyen,email,Volunteer Day sign-up,N,,seed-canonical; Not Responsive,0,existing
EMAIL-106,EMAIL-106,,01/15/2023 08:45:00 PST,Priya Shah <pshah@alderpointpartners.com>,Tom Reyes <treyes@alderpointpartners.com>,Priya Shah,email,Office parking notice,N,,seed-canonical; Not Responsive,0,existing
EMAIL-107,EMAIL-107,,03/01/2023 08:00:00 PST,Facilities <facilities@cascadetimber.com>,All Staff <allstaff@cascadetimber.com>,Facilities,email,Elevator Maintenance — Portland HQ,N,,seed-canonical; Not Responsive,0,existing
EMAIL-108,EMAIL-108,,04/15/2023 17:30:00 PDT,Grace Lin <glin@llassociates.com>,John Ellery <jellery@cascadetimber.com>,Grace Lin,email,Great catching up at the bar association event,N,,seed-canonical; Not Responsive,0,existing
EMAIL-109,EMAIL-109,,05/05/2023 13:15:00 PDT,Tom Reyes <treyes@alderpointpartners.com>,Priya Shah <pshah@alderpointpartners.com>,Tom Reyes,email,Office fantasy football pool,N,,seed-canonical; Not Responsive,0,existing
EMAIL-110,EMAIL-110,,06/01/2023 08:00:00 PDT,Wendy Park <wpark@cascadetimber.com>,All Staff <allstaff@cascadetimber.com>,Wendy Park,email,Happy Birthday to Our June Team Members!,N,,seed-canonical; Not Responsive,0,existing
EMAIL-111,EMAIL-111,,07/10/2023 08:15:00 PDT,Deb Sanchez <dsanchez@cascadetimber.com>,Elena Marlowe <emarlowe@cascadetimber.com>,Elena Marlowe,email,Industry coverage — coastal credit programs,N,,seed-canonical; Not Responsive,0,existing
EMAIL-112,EMAIL-112,,07/10/2023 09:02:00 PDT,Elena Marlowe <emarlowe@cascadetimber.com>,Deb Sanchez <dsanchez@cascadetimber.com>,Elena Marlowe,email,RE: Industry coverage — coastal credit programs,N,,seed-canonical; Not Responsive,0,existing
EMAIL-113,EMAIL-113,,07/12/2023 16:40:00 PDT,Tom Reyes <treyes@alderpointpartners.com>,Priya Shah <pshah@alderpointpartners.com>,Tom Reyes,email,Southern tracts file — need it before Friday,A,,seed-canonical; Routine,0,existing
EMAIL-114,EMAIL-114,,07/13/2023 08:25:00 PDT,Priya Shah <pshah@alderpointpartners.com>,Tom Reyes <treyes@alderpointpartners.com>,Priya Shah,email,RE: Southern tracts file — need it before Friday,A,,seed-canonical; Routine,0,existing
EMAIL-115,EMAIL-115,,07/13/2023 09:10:00 PDT,Tom Reyes <treyes@alderpointpartners.com>,Priya Shah <pshah@alderpointpartners.com>,Tom Reyes,email,RE: Southern tracts file — need it before Friday,A,,seed-canonical; Knowledge/Scienter,0,existing
EMAIL-116,EMAIL-116,,07/14/2023 11:05:00 PDT,Jay Whitfield <jwhitfield@alderpointpartners.com>,Tom Reyes <treyes@alderpointpartners.com>,Jay Whitfield,email,County recorder flagged a couple filings,A,,seed-canonical; Routine,0,existing
EMAIL-117,EMAIL-117,,07/14/2023 13:30:00 PDT,Tom Reyes <treyes@alderpointpartners.com>,Jay Whitfield <jwhitfield@alderpointpartners.com>,Tom Reyes,email,RE: County recorder flagged a couple filings,A,,seed-canonical; Not Responsive,0,existing
EMAIL-118,EMAIL-118,,07/17/2023 09:30:00 PDT,John Ellery <jellery@cascadetimber.com>,Elena Marlowe <emarlowe@cascadetimber.com>; Robert Denniston <rdenniston@cascadetimber.com>,John Ellery,email,Coastal Solar — examination strategy and fall pricing,H,,seed-canonical; Privileged Legal Advice,0,existing
EMAIL-119,EMAIL-119,,07/17/2023 11:15:00 PDT,Elena Marlowe <emarlowe@cascadetimber.com>,John Ellery <jellery@cascadetimber.com>; Robert Denniston <rdenniston@cascadetimber.com>,Elena Marlowe,email,RE: Coastal Solar — examination strategy and fall pricing,H,,seed-canonical; Privileged Legal Advice,0,existing
EMAIL-120,EMAIL-120,,07/18/2023 10:00:00 PDT,John Ellery <jellery@cascadetimber.com>,Hannah Cole <hcole@cascadetimber.com>,Hannah Cole,email,Confidential — records needed for counsel's legal review,H,,seed-canonical; Privileged Legal Advice,0,existing
EMAIL-121,EMAIL-121,,07/18/2023 14:45:00 PDT,Hannah Cole <hcole@cascadetimber.com>,John Ellery <jellery@cascadetimber.com>,Hannah Cole,email,RE: Confidential — records needed for counsel's legal review,H,,seed-canonical; Privileged Legal Advice,0,existing
EMAIL-122,EMAIL-122,,07/19/2023 09:20:00 PDT,John Ellery <jellery@cascadetimber.com>,Hannah Cole <hcole@cascadetimber.com>,John Ellery,email,RE: Confidential — records needed for counsel's legal review,H,,seed-canonical; Privileged Legal Advice,0,existing
EMAIL-123,EMAIL-123,,07/19/2023 13:00:00 PDT,John Ellery <jellery@cascadetimber.com>,Wendy Park <wpark@cascadetimber.com>,John Ellery,email,Review team war room — logistics,H,,seed-canonical; Routine,0,existing
EMAIL-124,EMAIL-124,,07/19/2023 14:10:00 PDT,Wendy Park <wpark@cascadetimber.com>,John Ellery <jellery@cascadetimber.com>,Wendy Park,email,RE: Review team war room — logistics,H,,seed-canonical; Routine,0,existing
EMAIL-125,EMAIL-125,,07/21/2023 12:05:00 PDT,Dan Osei <dosei@cascadetimber.com>,John Ellery <jellery@cascadetimber.com>,Dan Osei,email,Summer barbecue,N,,seed-canonical; Not Responsive,0,existing
EMAIL-126,EMAIL-126,,07/21/2023 12:40:00 PDT,John Ellery <jellery@cascadetimber.com>,Dan Osei <dosei@cascadetimber.com>,John Ellery,email,RE: Summer barbecue,N,,seed-canonical; Not Responsive,0,existing
EMAIL-127,EMAIL-127,,07/20/2023 16:30:00 PDT,Mia Chen <mchen@llassociates.com>,Grace Lin <glin@llassociates.com>,Grace Lin,email,Draft chronology and risk analysis — Coastal Solar,A,,seed-canonical; Privileged Work Product,0,existing
EMAIL-128,EMAIL-128,,07/21/2023 10:15:00 PDT,Grace Lin <glin@llassociates.com>,Mia Chen <mchen@llassociates.com>,Grace Lin,email,RE: Draft chronology and risk analysis — Coastal Solar,A,,seed-canonical; Privileged Work Product,0,existing
EMAIL-129,EMAIL-129,,07/24/2023 17:00:00 PDT,Alan Brooks <abrooks@llassociates.com>,Grace Lin <glin@llassociates.com>,Alan Brooks,email,Witness interview memo — H. Cole (7/21),A,,seed-canonical; Privileged Work Product,1,existing
EMAIL-130,EMAIL-130,,07/25/2023 09:40:00 PDT,Grace Lin <glin@llassociates.com>,Alan Brooks <abrooks@llassociates.com>,Alan Brooks,email,RE: Witness interview memo — H. Cole (7/21),A,,seed-canonical; Privileged Work Product,0,existing
EMAIL-131,EMAIL-131,,07/25/2023 11:20:00 PDT,Wendy Park <wpark@cascadetimber.com>,Elena Marlowe <emarlowe@cascadetimber.com>; Robert Denniston <rdenniston@cascadetimber.com>,Wendy Park,email,HR investigation report — Salem office complaint,G,,seed-canonical; Routine,0,existing
EMAIL-132,EMAIL-132,,07/25/2023 15:00:00 PDT,Elena Marlowe <emarlowe@cascadetimber.com>,Wendy Park <wpark@cascadetimber.com>,Elena Marlowe,email,RE: HR investigation report — Salem office complaint,G,,seed-canonical; Routine,0,existing
EMAIL-133,EMAIL-133,,07/26/2023 09:30:00 PDT,Wendy Park <wpark@cascadetimber.com>,Elena Marlowe <emarlowe@cascadetimber.com>,Wendy Park,email,RE: HR investigation report — Salem office complaint,G,,seed-canonical; Routine,0,existing
EMAIL-134,EMAIL-134,,08/02/2023 15:45:00 PDT,Alan Brooks <abrooks@llassociates.com>,Grace Lin <glin@llassociates.com>,Alan Brooks,email,Interview notes — S. Nguyen (8/1),A,,seed-canonical; Privileged Work Product,0,existing
EMAIL-135,EMAIL-135,,08/03/2023 10:05:00 PDT,Grace Lin <glin@llassociates.com>,Alan Brooks <abrooks@llassociates.com>,Alan Brooks,email,RE: Interview notes — S. Nguyen (8/1),A,,seed-canonical; Privileged Work Product,0,existing
EMAIL-136,EMAIL-136,,08/04/2023 14:20:00 PDT,Mia Chen <mchen@llassociates.com>,Grace Lin <glin@llassociates.com>,Grace Lin,email,Exposure analysis — attorney assessment,A,,seed-canonical; Privileged Work Product,0,existing
EMAIL-137,EMAIL-137,,07/27/2023 10:30:00 PDT,Grace Lin <glin@llassociates.com>,Dana Whitaker <dwhitaker@whitakerforensic.com>,Grace Lin,email,Engagement — forensic accounting support for counsel,H,,seed-canonical; Privileged Legal Advice,1,existing
EMAIL-138,EMAIL-138,,07/28/2023 09:15:00 PDT,Dana Whitaker <dwhitaker@whitakerforensic.com>,Grace Lin <glin@llassociates.com>,Grace Lin,email,RE: Engagement — forensic accounting support for counsel,H,,seed-canonical; Privileged Legal Advice,0,existing
EMAIL-139,EMAIL-139,,08/07/2023 11:00:00 PDT,Alan Brooks <abrooks@llassociates.com>,Dana Whitaker <dwhitaker@whitakerforensic.com>; Grace Lin <glin@llassociates.com>,Alan Brooks,email,Data transmittal — parcel payment records,H,,seed-canonical; Privileged Legal Advice,0,existing
EMAIL-140,EMAIL-140,,08/14/2023 16:45:00 PDT,Dana Whitaker <dwhitaker@whitakerforensic.com>,Grace Lin <glin@llassociates.com>; Alan Brooks <abrooks@llassociates.com>,Grace Lin,email,Preliminary findings — parcel payment tracing,H,,seed-canonical; Privileged Legal Advice,1,existing
EMAIL-141,EMAIL-141,,08/16/2023 09:30:00 PDT,Grace Lin <glin@llassociates.com>,John Ellery <jellery@cascadetimber.com>,John Ellery,email,Forensic accountant findings — privileged summary,H,,seed-canonical; Privileged Legal Advice,0,existing
EMAIL-142,EMAIL-142,,08/01/2023 09:00:00 PDT,Craig Sato <csato@cascadetimber.com>,Owen Larsen <olarsen@larsentaxadvisory.com>,Craig Sato,email,Q3 tax provision support,F,,seed-canonical; Routine,0,existing
EMAIL-143,EMAIL-143,,08/01/2023 14:30:00 PDT,Owen Larsen <olarsen@larsentaxadvisory.com>,Craig Sato <csato@cascadetimber.com>,Craig Sato,email,RE: Q3 tax provision support,F,,seed-canonical; Routine,0,existing
EMAIL-144,EMAIL-144,,08/22/2023 10:45:00 PDT,Owen Larsen <olarsen@larsentaxadvisory.com>,Craig Sato <csato@cascadetimber.com>,Craig Sato,email,Q3 provision memo — final,F,,seed-canonical; Routine,1,existing
EMAIL-145,EMAIL-145,,08/22/2023 16:10:00 PDT,Craig Sato <csato@cascadetimber.com>,John Ellery <jellery@cascadetimber.com>,John Ellery,email,FW: Q3 provision memo — final,F,,seed-canonical; Routine,0,existing
EMAIL-146,EMAIL-146,,08/03/2023 11:30:00 PDT,Frank Delgado <fdelgado@cascadetimber.com>,John Ellery <jellery@cascadetimber.com>,John Ellery,email,PR support for investor messaging — how should we structure it?,H,,seed-canonical; Privileged Legal Advice,0,existing
EMAIL-147,EMAIL-147,,08/03/2023 15:00:00 PDT,John Ellery <jellery@cascadetimber.com>,Frank Delgado <fdelgado@cascadetimber.com>,John Ellery,email,RE: PR support for investor messaging — how should we structure it?,H,,seed-canonical; Privileged Legal Advice,0,existing
EMAIL-148,EMAIL-148,,08/04/2023 10:20:00 PDT,Frank Delgado <fdelgado@cascadetimber.com>,Rosa Kim <rkim@northstar-comms.com>,Frank Delgado,email,Investor messaging — Coastal Solar pause,F,,seed-canonical; Key Stakeholder Comms,0,existing
EMAIL-149,EMAIL-149,,08/08/2023 09:45:00 EDT,Rosa Kim <rkim@northstar-comms.com>,Frank Delgado <fdelgado@cascadetimber.com>,Frank Delgado,email,RE: Investor messaging — Coastal Solar pause,F,,seed-canonical; Key Stakeholder Comms,1,existing
EMAIL-150,EMAIL-150,,08/09/2023 10:00:00 MDT,Renee Ford <rford@bellhavenadvisory.com>,Priya Shah <pshah@alderpointpartners.com>,Priya Shah,email,Placement timeline — checking in,C,,seed-canonical; Routine,0,existing
EMAIL-151,EMAIL-151,,08/09/2023 11:45:00 PDT,Priya Shah <pshah@alderpointpartners.com>,John Ellery <jellery@cascadetimber.com>,John Ellery,email,FW: Placement timeline — checking in,C,,seed-canonical; Routine,0,existing
EMAIL-152,EMAIL-152,,08/10/2023 08:30:00 PDT,IT Notifications <it-notifications@cascadetimber.com>,Dan Osei <dosei@cascadetimber.com>,Dan Osei,email,Export job complete — mailbox batch 7,N,,seed-canonical; Not Responsive,0,existing
EMAIL-153,EMAIL-153,,08/10/2023 09:00:00 PDT,Dan Osei <dosei@cascadetimber.com>,John Ellery <jellery@cascadetimber.com>,John Ellery,email,FW: Export job complete — mailbox batch 7,N,,seed-canonical; Routine,0,existing
EMAIL-154,EMAIL-154,,08/10/2023 13:15:00 PDT,Tom Reyes <treyes@alderpointpartners.com>,Sarah Nguyen <snguyen@cascadetimber.com>,Sarah Nguyen,email,Parcel file inventory — 2022 submissions,A,,seed-canonical; Routine,0,existing
EMAIL-155,EMAIL-155,,08/10/2023 14:00:00 PDT,Sarah Nguyen <snguyen@cascadetimber.com>,John Ellery <jellery@cascadetimber.com>,John Ellery,email,FW: Parcel file inventory — 2022 submissions,A,,seed-canonical; Routine,0,existing
EMAIL-156,EMAIL-156,,08/11/2023 09:30:00 PDT,John Ellery <jellery@cascadetimber.com>,Sarah Nguyen <snguyen@cascadetimber.com>,John Ellery,email,RE: FW: Parcel file inventory — 2022 submissions,A,,seed-canonical; Routine,0,existing
EMAIL-157,EMAIL-157,,08/11/2023 10:00:00 PDT,Sarah Nguyen <snguyen@cascadetimber.com>,Tom Reyes <treyes@alderpointpartners.com>,Sarah Nguyen,email,RE: Parcel file inventory — 2022 submissions,A,,seed-canonical; Routine,0,existing
EMAIL-158,EMAIL-158,,07/05/2023 10:30:00 EDT,Kevin Tran <kevin.tran@irs.gov>,John Ellery <jellery@cascadetimber.com>,John Ellery,email,Coastal Solar examination — production schedule,H,,seed-canonical; Routine,0,existing
EMAIL-159,EMAIL-159,,07/06/2023 09:00:00 PDT,John Ellery <jellery@cascadetimber.com>,Kevin Tran <kevin.tran@irs.gov>,John Ellery,email,RE: Coastal Solar examination — production schedule,H,,seed-canonical; Routine,0,existing
EMAIL-160,EMAIL-160,,08/15/2023 11:00:00 EDT,Kevin Tran <kevin.tran@irs.gov>,John Ellery <jellery@cascadetimber.com>,John Ellery,email,Coastal Solar examination — follow-up requests,H,,seed-canonical; Routine,0,existing
EMAIL-161,EMAIL-161,,08/17/2023 14:20:00 PDT,John Ellery <jellery@cascadetimber.com>,Kevin Tran <kevin.tran@irs.gov>,John Ellery,email,RE: Coastal Solar examination — follow-up requests,H,,seed-canonical; Routine,0,existing
EMAIL-162,EMAIL-162,,09/06/2023 10:15:00 EDT,Kevin Tran <kevin.tran@irs.gov>,John Ellery <jellery@cascadetimber.com>,John Ellery,email,Coastal Solar examination — production received,H,,seed-canonical; Routine,0,existing
EMAIL-163,EMAIL-163,,03/02/2023 09:45:00 PST,Sarah Nguyen <snguyen@cascadetimber.com>,John Ellery <jellery@cascadetimber.com>,John Ellery,email,Interview scheduling — whistleblower counsel,H,,seed-canonical; Routine,0,existing
EMAIL-164,EMAIL-164,,03/02/2023 13:30:00 PST,John Ellery <jellery@cascadetimber.com>,Sarah Nguyen <snguyen@cascadetimber.com>,John Ellery,email,RE: Interview scheduling — whistleblower counsel,H,,seed-canonical; Routine,0,existing
EMAIL-165,EMAIL-165,,03/06/2023 10:00:00 PST,Alan Brooks <abrooks@llassociates.com>,Sarah Nguyen <snguyen@cascadetimber.com>,Sarah Nguyen,email,Compliance team interviews — scheduling,H,,seed-canonical; Routine,0,existing
EMAIL-166,EMAIL-166,,03/06/2023 15:45:00 PST,Sarah Nguyen <snguyen@cascadetimber.com>,Alan Brooks <abrooks@llassociates.com>,Sarah Nguyen,email,RE: Compliance team interviews — scheduling,H,,seed-canonical; Routine,0,existing
EMAIL-167,EMAIL-167,,04/03/2023 09:00:00 PDT,Marcus Webb <mwebb@cascadetimber.com>,John Ellery <jellery@cascadetimber.com>; Elena Marlowe <emarlowe@cascadetimber.com>,Elena Marlowe,email,D&O notice — whistleblower complaint,H,,seed-canonical; Privileged Legal Advice,0,existing
EMAIL-168,EMAIL-168,,04/03/2023 14:30:00 PDT,John Ellery <jellery@cascadetimber.com>,Marcus Webb <mwebb@cascadetimber.com>; Elena Marlowe <emarlowe@cascadetimber.com>,John Ellery,email,RE: D&O notice — whistleblower complaint,H,,seed-canonical; Privileged Legal Advice,0,existing
EMAIL-169,EMAIL-169,,04/04/2023 10:20:00 PDT,Elena Marlowe <emarlowe@cascadetimber.com>,John Ellery <jellery@cascadetimber.com>,Elena Marlowe,email,Pause scenarios — executive session,H,,seed-canonical; Privileged Legal Advice,0,existing
EMAIL-170,EMAIL-170,,04/04/2023 16:00:00 PDT,John Ellery <jellery@cascadetimber.com>,Elena Marlowe <emarlowe@cascadetimber.com>; Marcus Webb <mwebb@cascadetimber.com>,John Ellery,email,RE: Pause scenarios — executive session,H,,seed-canonical; Privileged Legal Advice,0,existing
EMAIL-171,EMAIL-171,,06/29/2023 09:30:00 PDT,Marcus Webb <mwebb@cascadetimber.com>,Elena Marlowe <emarlowe@cascadetimber.com>; John Ellery <jellery@cascadetimber.com>,Elena Marlowe,email,Board resolution — placement pause (draft),H,,seed-canonical; Privileged Legal Advice,0,existing
EMAIL-172,EMAIL-172,,06/29/2023 15:45:00 PDT,John Ellery <jellery@cascadetimber.com>,Marcus Webb <mwebb@cascadetimber.com>; Elena Marlowe <emarlowe@cascadetimber.com>,John Ellery,email,RE: Board resolution — placement pause (draft),H,,seed-canonical; Privileged Legal Advice,0,existing
EMAIL-173,EMAIL-173,,02/03/2022 10:10:00 PST,Priya Shah <pshah@alderpointpartners.com>,Jay Whitfield <jwhitfield@alderpointpartners.com>,Priya Shah,email,Southwest broker pipeline,D,,seed-canonical; Routine,0,existing
EMAIL-174,EMAIL-174,,02/04/2022 09:25:00 PST,Jay Whitfield <jwhitfield@alderpointpartners.com>,Priya Shah <pshah@alderpointpartners.com>,Jay Whitfield,email,RE: Southwest broker pipeline,D,,seed-canonical; Routine,0,existing
EMAIL-175,EMAIL-175,,03/15/2022 11:30:00 PDT,Tom Reyes <treyes@alderpointpartners.com>,Nina Alvarez <nalvarez@alderpointpartners.com>,Tom Reyes,email,Parcel scouting — Klamath County,A,,seed-canonical; Routine,0,existing
EMAIL-176,EMAIL-176,,03/16/2022 08:50:00 PDT,Nina Alvarez <nalvarez@alderpointpartners.com>,Tom Reyes <treyes@alderpointpartners.com>,Nina Alvarez,email,RE: Parcel scouting — Klamath County,A,,seed-canonical; Routine,0,existing
EMAIL-177,EMAIL-177,,05/04/2022 14:00:00 PDT,Priya Shah <pshah@alderpointpartners.com>,Derek Holt <dholt@bellhavenadvisory.com>,Derek Holt,email,Broker onboarding — marketing materials,D,,seed-canonical; Routine,0,existing
EMAIL-178,EMAIL-178,,05/05/2022 10:35:00 MDT,Derek Holt <dholt@bellhavenadvisory.com>,Priya Shah <pshah@alderpointpartners.com>,Derek Holt,email,RE: Broker onboarding — marketing materials,D,,seed-canonical; Routine,0,existing
EMAIL-179,EMAIL-179,,06/20/2022 09:15:00 PDT,Tom Reyes <treyes@alderpointpartners.com>,GreenAcre Land Survey Co. <surveys@greenacresurvey.com>,Tom Reyes,email,Survey quote — additional parcels,A,,seed-canonical; Routine,0,existing
EMAIL-180,EMAIL-180,,06/21/2022 13:40:00 PDT,GreenAcre Land Survey Co. <surveys@greenacresurvey.com>,Tom Reyes <treyes@alderpointpartners.com>,Tom Reyes,email,RE: Survey quote — additional parcels,A,,seed-canonical; Routine,0,existing
EMAIL-181,EMAIL-181,,08/09/2022 10:50:00 PDT,Jay Whitfield <jwhitfield@alderpointpartners.com>,Derek Holt <dholt@bellhavenadvisory.com>,Derek Holt,email,Co-marketing webinar — August,C,,seed-canonical; Routine,0,existing
EMAIL-182,EMAIL-182,,08/10/2022 11:20:00 MDT,Derek Holt <dholt@bellhavenadvisory.com>,Jay Whitfield <jwhitfield@alderpointpartners.com>,Derek Holt,email,RE: Co-marketing webinar — August,C,,seed-canonical; Routine,0,existing
EMAIL-183,EMAIL-183,,10/18/2022 15:30:00 PDT,Priya Shah <pshah@alderpointpartners.com>,Tom Reyes <treyes@alderpointpartners.com>,Priya Shah,email,Q4 placement targets,C,,seed-canonical; Routine,0,existing
EMAIL-184,EMAIL-184,,10/19/2022 09:05:00 PDT,Tom Reyes <treyes@alderpointpartners.com>,Priya Shah <pshah@alderpointpartners.com>,Tom Reyes,email,RE: Q4 placement targets,D,,seed-canonical; Red Flag,0,existing
EMAIL-185,EMAIL-185,,01/24/2022 10:40:00 PST,Sarah Nguyen <snguyen@cascadetimber.com>,Elena Marlowe <emarlowe@cascadetimber.com>,Elena Marlowe,email,Compliance framework — program launch,N,,seed-canonical; Routine,0,existing
EMAIL-186,EMAIL-186,,01/25/2022 09:15:00 PST,Elena Marlowe <emarlowe@cascadetimber.com>,Sarah Nguyen <snguyen@cascadetimber.com>,Elena Marlowe,email,RE: Compliance framework — program launch,N,,seed-canonical; Routine,0,existing
EMAIL-187,EMAIL-187,,04/11/2022 14:25:00 PDT,Robert Denniston <rdenniston@cascadetimber.com>,Craig Sato <csato@cascadetimber.com>,Robert Denniston,email,Revenue recognition — credit sales,F,,seed-canonical; Routine,0,existing
EMAIL-188,EMAIL-188,,04/12/2022 10:30:00 PDT,Craig Sato <csato@cascadetimber.com>,Robert Denniston <rdenniston@cascadetimber.com>,Craig Sato,email,RE: Revenue recognition — credit sales,F,,seed-canonical; Routine,0,existing
EMAIL-189,EMAIL-189,,07/19/2022 11:00:00 PDT,Frank Delgado <fdelgado@cascadetimber.com>,Elena Marlowe <emarlowe@cascadetimber.com>,Elena Marlowe,email,Investor messaging — program growth,F,,seed-canonical; Key Stakeholder Comms,0,existing
EMAIL-190,EMAIL-190,,07/20/2022 09:35:00 PDT,Elena Marlowe <emarlowe@cascadetimber.com>,Frank Delgado <fdelgado@cascadetimber.com>,Elena Marlowe,email,RE: Investor messaging — program growth,F,,seed-canonical; Key Stakeholder Comms,0,existing
EMAIL-191,EMAIL-191,,09/26/2022 13:50:00 PDT,Sarah Nguyen <snguyen@cascadetimber.com>,Priya Shah <pshah@alderpointpartners.com>,Priya Shah,email,Broker oversight — verification process,A,,seed-canonical; Knowledge/Scienter,0,existing
EMAIL-192,EMAIL-192,,09/27/2022 10:15:00 PDT,Priya Shah <pshah@alderpointpartners.com>,Sarah Nguyen <snguyen@cascadetimber.com>,Priya Shah,email,RE: Broker oversight — verification process,D,,seed-canonical; Due Diligence Failure,0,existing
EMAIL-193,EMAIL-193,,12/05/2022 16:00:00 PST,Robert Denniston <rdenniston@cascadetimber.com>,Elena Marlowe <emarlowe@cascadetimber.com>,Elena Marlowe,email,Year-end program revenue,F,,seed-canonical; Key Stakeholder Comms,0,existing
EMAIL-194,EMAIL-194,,12/06/2022 09:45:00 PST,Elena Marlowe <emarlowe@cascadetimber.com>,Robert Denniston <rdenniston@cascadetimber.com>,Elena Marlowe,email,RE: Year-end program revenue,F,,seed-canonical; Key Stakeholder Comms,0,existing
EMAIL-195,EMAIL-195,,06/29/2023 11:10:00 PDT,Priya Shah <pshah@alderpointpartners.com>,Derek Holt <dholt@bellhavenadvisory.com>,Derek Holt,email,Pause logistics — pipeline wind-down,C,,seed-canonical; Routine,0,existing
EMAIL-196,EMAIL-196,,06/30/2023 09:20:00 MDT,Derek Holt <dholt@bellhavenadvisory.com>,Priya Shah <pshah@alderpointpartners.com>,Derek Holt,email,RE: Pause logistics — pipeline wind-down,C,,seed-canonical; Routine,0,existing
EMAIL-197,EMAIL-197,,06/28/2023 10:45:00 PDT,Tom Reyes <treyes@alderpointpartners.com>,Nina Alvarez <nalvarez@alderpointpartners.com>,Nina Alvarez,email,Open parcel files — handoff,A,,seed-canonical; Routine,0,existing
EMAIL-198,EMAIL-198,,06/29/2023 14:15:00 PDT,Nina Alvarez <nalvarez@alderpointpartners.com>,Tom Reyes <treyes@alderpointpartners.com>,Nina Alvarez,email,RE: Open parcel files — handoff,A,,seed-canonical; Routine,0,existing
EMAIL-199,EMAIL-199,,07/11/2023 10:30:00 PDT,Frank Delgado <fdelgado@cascadetimber.com>,Elena Marlowe <emarlowe@cascadetimber.com>,Elena Marlowe,email,Investor FAQ — pause (draft),F,,seed-canonical; Key Stakeholder Comms,0,existing
EMAIL-200,EMAIL-200,,07/12/2023 09:50:00 PDT,Elena Marlowe <emarlowe@cascadetimber.com>,Frank Delgado <fdelgado@cascadetimber.com>,Elena Marlowe,email,RE: Investor FAQ — pause (draft),F,,seed-canonical; Key Stakeholder Comms,0,existing
EMAIL-201,EMAIL-201,,07/19/2023 15:10:00 PDT,Craig Sato <csato@cascadetimber.com>,Robert Denniston <rdenniston@cascadetimber.com>,Robert Denniston,email,Deferred revenue — pause impact,F,,seed-canonical; Key Stakeholder Comms,0,existing
EMAIL-202,EMAIL-202,,07/20/2023 10:05:00 PDT,Robert Denniston <rdenniston@cascadetimber.com>,Craig Sato <csato@cascadetimber.com>,Robert Denniston,email,RE: Deferred revenue — pause impact,F,,seed-canonical; Key Stakeholder Comms,0,existing
EMAIL-203,EMAIL-203,,08/08/2023 11:25:00 PDT,Sarah Nguyen <snguyen@cascadetimber.com>,John Ellery <jellery@cascadetimber.com>,John Ellery,email,Compliance remediation plan — outline,F,,seed-canonical; Routine,0,existing
EMAIL-204,EMAIL-204,,05/24/2023 09:10:00 PDT,Elena Marlowe <emarlowe@cascadetimber.com>,Robert Denniston <rdenniston@cascadetimber.com>,Robert Denniston,email,IRS subpoena — heads up,F,,seed-canonical; Key Stakeholder Comms,0,existing
EMAIL-205,EMAIL-205,,05/24/2023 13:40:00 PDT,Robert Denniston <rdenniston@cascadetimber.com>,Elena Marlowe <emarlowe@cascadetimber.com>,Robert Denniston,email,RE: IRS subpoena — heads up,F,,seed-canonical; Key Stakeholder Comms,0,existing
EMAIL-206,EMAIL-206,,05/26/2023 10:20:00 PDT,Dan Osei <dosei@cascadetimber.com>,Wendy Park <wpark@cascadetimber.com>,Wendy Park,email,Mailbox preservation — prep,H,,seed-canonical; Routine,0,existing
EMAIL-207,EMAIL-207,,05/26/2023 14:50:00 PDT,Wendy Park <wpark@cascadetimber.com>,Dan Osei <dosei@cascadetimber.com>,Wendy Park,email,RE: Mailbox preservation — prep,H,,seed-canonical; Routine,0,existing
EMAIL-208,EMAIL-208,,04/12/2023 10:35:00 PDT,Grace Lin <glin@llassociates.com>,John Ellery <jellery@cascadetimber.com>,John Ellery,email,Staffing — review team,H,,seed-canonical; Routine,0,existing
EMAIL-209,EMAIL-209,,04/12/2023 15:20:00 PDT,John Ellery <jellery@cascadetimber.com>,Grace Lin <glin@llassociates.com>,John Ellery,email,RE: Staffing — review team,H,,seed-canonical; Routine,0,existing
EMAIL-210,EMAIL-210,,06/05/2023 09:55:00 PDT,Mia Chen <mchen@llassociates.com>,Sarah Nguyen <snguyen@cascadetimber.com>,Sarah Nguyen,email,Interview rooms — week of 6/12,H,,seed-canonical; Routine,0,existing
EMAIL-211,EMAIL-211,,06/05/2023 13:10:00 PDT,Sarah Nguyen <snguyen@cascadetimber.com>,Mia Chen <mchen@llassociates.com>,Sarah Nguyen,email,RE: Interview rooms — week of 6/12,H,,seed-canonical; Routine,0,existing
EMAIL-212,EMAIL-212,,09/12/2022 15:00:00 PDT,Robert Denniston <rdenniston@cascadetimber.com>,Craig Sato <csato@cascadetimber.com>; Deb Sanchez <dsanchez@cascadetimber.com>,Robert Denniston,email,Invite: Q4 Planning Offsite,N,,seed-canonical; Not Responsive,1,existing
EMAIL-213,EMAIL-213,,08/15/2022 11:00:00 PDT,Priya Shah <pshah@alderpointpartners.com>,Tom Reyes <treyes@alderpointpartners.com>; Jay Whitfield <jwhitfield@alderpointpartners.com>; Nina Alvarez <nalvarez@alderpointpartners.com>,Priya Shah,email,Invite: Broker Webinar — Credit Basics,D,,seed-canonical; Not Responsive,1,existing
EMAIL-214,EMAIL-214,,10/03/2022 09:30:00 PDT,Sarah Nguyen <snguyen@cascadetimber.com>,Dan Osei <dosei@cascadetimber.com>; Wendy Park <wpark@cascadetimber.com>,Sarah Nguyen,email,Invite: Annual Compliance Training,N,,seed-canonical; Not Responsive,1,existing
EMAIL-215,EMAIL-215,,07/18/2023 14:00:00 PDT,Wendy Park <wpark@cascadetimber.com>,Dan Osei <dosei@cascadetimber.com>; Sarah Nguyen <snguyen@cascadetimber.com>; Deb Sanchez <dsanchez@cascadetimber.com>,Wendy Park,email,Invite: Summer Team BBQ,N,,seed-canonical; Not Responsive,1,existing
EMAIL-216,EMAIL-216,,01/02/2023 08:05:00 MST,Renee Ford <rford@bellhavenadvisory.com>,Tom Reyes <treyes@alderpointpartners.com>,Derek Holt,email,Automatic Reply: Out of Office,N,,seed-canonical; Not Responsive,0,existing
EMAIL-217,EMAIL-217,,12/23/2022 16:45:00 PST,Frank Delgado <fdelgado@cascadetimber.com>,Elena Marlowe <emarlowe@cascadetimber.com>,Elena Marlowe,email,Automatic Reply: Out of Office,N,,seed-canonical; Not Responsive,0,existing
EMAIL-218,EMAIL-218,,03/31/2023 17:20:00 PDT,Craig Sato <csato@cascadetimber.com>,Robert Denniston <rdenniston@cascadetimber.com>,Robert Denniston,email,Automatic Reply: Out of Office,N,,seed-canonical; Not Responsive,0,existing
EMAIL-219,EMAIL-219,,08/04/2023 12:00:00 PDT,Marcus Webb <mwebb@cascadetimber.com>,Elena Marlowe <emarlowe@cascadetimber.com>,Elena Marlowe,email,Automatic Reply: Out of Office,N,,seed-canonical; Not Responsive,0,existing
EMAIL-220,EMAIL-220,,10/10/2022 08:00:00 PDT,IT Notifications <it-notifications@cascadetimber.com>,All Staff <allstaff@cascadetimber.com>,IT Notifications,email,Scheduled Server Maintenance — October 15,N,,seed-canonical; Not Responsive,0,existing
EMAIL-221,EMAIL-221,,02/06/2023 08:00:00 PST,IT Notifications <it-notifications@cascadetimber.com>,All Staff <allstaff@cascadetimber.com>,IT Notifications,email,MFA Enrollment Required by February 20,N,,seed-canonical; Not Responsive,0,existing
EMAIL-222,EMAIL-222,,04/18/2023 08:00:00 PDT,IT Notifications <it-notifications@cascadetimber.com>,All Staff <allstaff@cascadetimber.com>,IT Notifications,email,Security Patch — Workstation Reboot Tonight,N,,seed-canonical; Not Responsive,0,existing
EMAIL-223,EMAIL-223,,05/30/2023 08:00:00 PDT,IT Notifications <it-notifications@cascadetimber.com>,All Staff <allstaff@cascadetimber.com>,IT Notifications,email,Mailbox Storage Limit Warning,N,,seed-canonical; Not Responsive,0,existing
EMAIL-224,EMAIL-224,,06/28/2023 09:00:00 PDT,Human Resources <hr@cascadetimber.com>,All Staff <allstaff@cascadetimber.com>,Human Resources,email,Performance Review Cycle Opens July 5,H,,seed-canonical; Not Responsive,0,existing
EMAIL-225,EMAIL-225,,11/07/2022 09:00:00 PST,Human Resources <hr@cascadetimber.com>,All Staff <allstaff@cascadetimber.com>,Human Resources,email,Updated Travel & Expense Policy,N,,seed-canonical; Not Responsive,0,existing
EMAIL-226,EMAIL-226,,01/16/2023 09:00:00 PST,Human Resources <hr@cascadetimber.com>,All Staff <allstaff@cascadetimber.com>,Human Resources,email,New Parental Leave Benefit,N,,seed-canonical; Not Responsive,0,existing
EMAIL-227,EMAIL-227,,06/30/2023 09:00:00 PDT,Human Resources <hr@cascadetimber.com>,All Staff <allstaff@cascadetimber.com>,Human Resources,email,Reminder: Q2 Timesheets Due Today,N,,seed-canonical; Not Responsive,0,existing
EMAIL-228,EMAIL-228,,09/19/2022 10:15:00 PDT,Deb Sanchez <dsanchez@cascadetimber.com>,Robert Denniston <rdenniston@cascadetimber.com>,Robert Denniston,email,Travel Itinerary Confirmation — Denver Broker Meetings,D,,seed-canonical; Not Responsive,0,existing
EMAIL-229,EMAIL-229,,02/13/2023 11:30:00 PST,Deb Sanchez <dsanchez@cascadetimber.com>,Frank Delgado <fdelgado@cascadetimber.com>,Frank Delgado,email,Expense Report Rejected — Missing Receipts,N,,seed-canonical; Not Responsive,0,existing
EMAIL-230,EMAIL-230,,11/28/2022 14:40:00 PST,Deb Sanchez <dsanchez@cascadetimber.com>,Elena Marlowe <emarlowe@cascadetimber.com>,Elena Marlowe,email,Hotel Confirmation — Portland Leadership Offsite,N,,seed-canonical; Not Responsive,0,existing
EMAIL-231,EMAIL-231,,06/06/2022 09:20:00 PDT,Deb Sanchez <dsanchez@cascadetimber.com>,Dan Osei <dosei@cascadetimber.com>,Dan Osei,email,Per Diem Reminder — Field Travel,N,,seed-canonical; Not Responsive,0,existing
EMAIL-232,EMAIL-232,,04/19/2022 10:40:00 PDT,Jay Whitfield <jwhitfield@alderpointpartners.com>,Nina Alvarez <nalvarez@alderpointpartners.com>,Jay Whitfield,email,Mountain Ridge — spring broker push,I,,seed-canonical; Not Responsive,0,existing
EMAIL-233,EMAIL-233,,04/20/2022 09:15:00 PDT,Nina Alvarez <nalvarez@alderpointpartners.com>,Jay Whitfield <jwhitfield@alderpointpartners.com>,Nina Alvarez,email,RE: Mountain Ridge — spring broker push,I,,seed-canonical; Not Responsive,0,existing
EMAIL-234,EMAIL-234,,03/14/2023 09:30:00 PDT,Tom Reyes <treyes@alderpointpartners.com>,GreenAcre Land Survey Co. <surveys@greenacresurvey.com>,Tom Reyes,email,Mountain Ridge survey scheduling,I,,seed-canonical; Not Responsive,0,existing
EMAIL-235,EMAIL-235,,03/15/2023 11:10:00 PDT,GreenAcre Land Survey Co. <surveys@greenacresurvey.com>,Tom Reyes <treyes@alderpointpartners.com>,Tom Reyes,email,RE: Mountain Ridge survey scheduling,I,,seed-canonical; Not Responsive,0,existing
EMAIL-236,EMAIL-236,,05/09/2023 13:20:00 PDT,Elena Marlowe <emarlowe@cascadetimber.com>,Robert Denniston <rdenniston@cascadetimber.com>,Elena Marlowe,email,Mountain Ridge — investor question,I,,seed-canonical; Not Responsive,0,existing
EMAIL-237,EMAIL-237,,05/10/2023 08:50:00 PDT,Robert Denniston <rdenniston@cascadetimber.com>,Elena Marlowe <emarlowe@cascadetimber.com>,Elena Marlowe,email,RE: Mountain Ridge — investor question,I,,seed-canonical; Not Responsive,0,existing
EMAIL-238,EMAIL-238,,11/09/2022 15:30:00 PST,Dan Osei <dosei@cascadetimber.com>,Tom Reyes <treyes@alderpointpartners.com>,Dan Osei,email,Fantasy football — week 10,N,,seed-canonical; Not Responsive,0,existing
EMAIL-239,EMAIL-239,,03/10/2023 11:45:00 PST,Wendy Park <wpark@cascadetimber.com>,Dan Osei <dosei@cascadetimber.com>,Wendy Park,email,Team lunch Friday?,N,,seed-canonical; Not Responsive,0,existing
EMAIL-240,EMAIL-240,,04/21/2023 10:05:00 PDT,Hannah Cole <hcole@cascadetimber.com>,Sarah Nguyen <snguyen@cascadetimber.com>,Hannah Cole,email,Congrats on the compliance award!,N,,seed-canonical; Not Responsive,0,existing
EMAIL-241,EMAIL-241,,09/14/2022 16:20:00 PDT,Priya Shah <pshah@alderpointpartners.com>,Nina Alvarez <nalvarez@alderpointpartners.com>,Priya Shah,email,Book club picks,N,,seed-canonical; Not Responsive,0,existing
EMAIL-242,EMAIL-242,,01/25/2023 09:40:00 PST,Tom Reyes <treyes@alderpointpartners.com>,Jay Whitfield <jwhitfield@alderpointpartners.com>,Tom Reyes,email,Coffee machine broken again,N,,seed-canonical; Not Responsive,0,existing
EMAIL-243,EMAIL-243,,05/02/2023 08:35:00 PDT,Mia Chen <mchen@llassociates.com>,Alan Brooks <abrooks@llassociates.com>,Alan Brooks,email,Carpool to the office?,N,,seed-canonical; Not Responsive,0,existing
EMAIL-244,EMAIL-244,,06/22/2023 15:50:00 PDT,Nina Alvarez <nalvarez@alderpointpartners.com>,Priya Shah <pshah@alderpointpartners.com>,Priya Shah,email,Happy hour Thursday,N,,seed-canonical; Not Responsive,0,existing
EMAIL-245,EMAIL-245,,08/24/2022 12:10:00 PDT,Sarah Nguyen <snguyen@cascadetimber.com>,Wendy Park <wpark@cascadetimber.com>,Sarah Nguyen,email,Dog sitter recommendations?,N,,seed-canonical; Not Responsive,0,existing
EMAIL-246,EMAIL-246,,03/16/2023 13:00:00 PDT,Craig Sato <csato@cascadetimber.com>,Robert Denniston <rdenniston@cascadetimber.com>,Robert Denniston,email,March Madness bracket,N,,seed-canonical; Not Responsive,0,existing
EMAIL-247,EMAIL-247,,07/15/2022 14:30:00 MDT,Derek Holt <dholt@bellhavenadvisory.com>,Renee Ford <rford@bellhavenadvisory.com>,Derek Holt,email,Weekend hiking plans,N,,seed-canonical; Not Responsive,0,existing
EMAIL-248,EMAIL-248,,06/12/2023 08:30:00 PDT,Facilities <facilities@cascadetimber.com>,All Staff <allstaff@cascadetimber.com>,Facilities,email,Parking Garage Resurfacing — Level B,N,,seed-canonical; Not Responsive,0,existing
EMAIL-249,EMAIL-249,,07/25/2023 08:00:00 PDT,IT Notifications <it-notifications@cascadetimber.com>,All Staff <allstaff@cascadetimber.com>,IT Notifications,email,Quarterly Phishing Test Results,N,,seed-canonical; Not Responsive,0,existing
EMAIL-250,EMAIL-250,,05/16/2022 09:00:00 PDT,HR <hr@alderpointpartners.com>,All Staff <allstaff@alderpointpartners.com>,HR,email,Welcome Our New Marketing Coordinator,C,,seed-canonical; Not Responsive,0,existing
EMAIL-251,FAM-1001,,01/17/2023 13:05:00 -0800,Nina Alvarez <nalvarez@alderpointpartners.com>,Tom Reyes <treyes@alderpointpartners.com>,Grace Lin,survey-field-sheet,Submission packet — NW-08 2022,A,EVT-A-01,parcel join record; increment-vs-full test; cites county/survey/packet,0,new
EMAIL-252,FAM-1002,,06/07/2022 11:30:00 -0700,Tom Reyes <treyes@alderpointpartners.com>,Hannah Cole <hcole@cascadetimber.com>,Frank Delgado,email,Application date confirmation — NW-06,A,EVT-A-26,parcel join record; increment-vs-full test; cites county/survey/packet,0,new
EMAIL-253,FAM-1003,,07/11/2023 10:35:00 -0700,GreenAcre Land Survey Co. <surveys@greenacresurvey.com>,Priya Shah <pshah@alderpointpartners.com>,Elena Marlowe,email,Recorder notice — parcel number cited (map required),A,EVT-A-29,parcel join record; increment-vs-full test; cites county/survey/packet,1,new
EMAIL-254,FAM-1004,,12/25/2021 08:10:00 -0800,Tom Reyes <treyes@alderpointpartners.com>,Jay Whitfield <jwhitfield@alderpointpartners.com>,Tom Reyes,memo,Recorder notice — parcel number cited (map required),A,EVT-A-31,county notice citing parcel number only; mapping requires county filing (no conclusion alone),0,new
EMAIL-255,FAM-1005,,11/12/2022 10:10:00 -0800,Hannah Cole <hcole@cascadetimber.com>,Priya Shah <pshah@alderpointpartners.com>,Jay Whitfield,spreadsheet,Survey status note — Klamath candidates (pre-field),A,EVT-A-17,status only; post-application cuts reveal Jul 2023,0,new
EMAIL-256,FAM-1006,,08/31/2023 10:25:00 -0700,Tom Reyes <treyes@alderpointpartners.com>,Hannah Cole <hcole@cascadetimber.com>,Nina Alvarez,board-record,Application date confirmation — NW-04,A,EVT-A-02,parcel join record; increment-vs-full test; cites county/survey/packet; alias-variant test [Nina departed Jun 30 (061/082); reassigned to active custodian],0,new
EMAIL-257,EMAIL-127,EMAIL-127,11/30/2023 14:25:00 -0800,Tom Reyes <treyes@alderpointpartners.com>,Priya Shah <pshah@alderpointpartners.com>,Craig Sato,email,Parcel payment ledger line — NW-07,A,EVT-A-34,parcel join record; increment-vs-full test; cites county/survey/packet [Nina departed Jun 30 (061/082); reassigned to active custodian],1,new
EMAIL-258,FAM-1007,,11/24/2023 11:45:00 -0800,Jay Whitfield <jwhitfield@alderpointpartners.com>,Tom Reyes <treyes@alderpointpartners.com>,Wendy Park,email,Submission packet — NW-05 2022,A,EVT-A-35,parcel join record; increment-vs-full test; cites county/survey/packet,0,new
EMAIL-259,FAM-1008,,05/08/2023 14:40:00 -0700,Priya Shah <pshah@alderpointpartners.com>,GreenAcre Land Survey Co. <surveys@greenacresurvey.com>,Mia Chen,email,Parcel file pull — southern tracts (routine),A,EVT-A-03,routine pull; disambiguation frame Jul 2023,0,new
EMAIL-260,FAM-1009,,12/07/2021 10:45:00 -0800,GreenAcre Land Survey Co. <surveys@greenacresurvey.com>,Priya Shah <pshah@alderpointpartners.com>,Facilities,memo,Parcel file checklist — pre-submission,A,EVT-A-14,checklist; no application filed yet,0,new
EMAIL-261,FAM-1010,,04/29/2023 09:10:00 -0700,Jay Whitfield <jwhitfield@alderpointpartners.com>,Hannah Cole <hcole@cascadetimber.com>,Elena Marlowe,email,Submission packet — NW-05 2022,A,EVT-A-09,parcel join record; increment-vs-full test; cites county/survey/packet,0,new
EMAIL-262,FAM-1011,,03/13/2023 09:10:00 -0700,Nina Alvarez <nalvarez@alderpointpartners.com>,GreenAcre Land Survey Co. <surveys@greenacresurvey.com>,Tom Reyes,spreadsheet,Survey status note — Klamath candidates (pre-field),A,EVT-A-13,status only; post-application cuts reveal Jul 2023,0,new
EMAIL-263,FAM-1012,,11/26/2022 09:15:00 -0800,Hannah Cole <hcole@cascadetimber.com>,GreenAcre Land Survey Co. <surveys@greenacresurvey.com>,Dan Osei,email,Easement file review — Lane/Klamath (routine diligence),A,EVT-A-17,routine review; re-check frame Jul 2023,0,new
EMAIL-264,FAM-1013,,04/01/2023 11:25:00 -0700,Priya Shah <pshah@alderpointpartners.com>,GreenAcre Land Survey Co. <surveys@greenacresurvey.com>,A Patel,email,Submission packet — NW-03 2022,A,EVT-A-37,parcel join record; increment-vs-full test; cites county/survey/packet,0,new
EMAIL-265,FAM-1014,,12/25/2022 16:20:00 -0800,Jay Whitfield <jwhitfield@alderpointpartners.com>,Priya Shah <pshah@alderpointpartners.com>,Mia Chen,board-record,Submission packet — NW-03 2022,A,EVT-A-30,parcel join record; increment-vs-full test; cites county/survey/packet,0,new
EMAIL-266,FAM-1065,EMAIL-331,12/23/2021 09:30:00 -0800,Nina Alvarez <nalvarez@alderpointpartners.com>,Jay Whitfield <jwhitfield@alderpointpartners.com>,Derek Holt,pdf-record,Recorder notice — parcel number cited (map required),A,EVT-A-39,county notice citing parcel number only; mapping requires county filing (no conclusion alone),0,new
EMAIL-267,FAM-1015,,10/13/2023 14:05:00 -0700,Hannah Cole <hcole@cascadetimber.com>,Tom Reyes <treyes@alderpointpartners.com>,Jay Whitfield,spreadsheet,Re-survey memo — Klamath pair (dates cited),A,EVT-A-18,parcel join record; increment-vs-full test; cites county/survey/packet,0,new
EMAIL-268,FAM-1016,,03/24/2022 08:35:00 -0700,Hannah Cole <hcole@cascadetimber.com>,GreenAcre Land Survey Co. <surveys@greenacresurvey.com>,Derek Holt,email,County easement filing — NW-07,A,EVT-A-11,parcel join record; increment-vs-full test; cites county/survey/packet,1,new
EMAIL-269,FAM-1017,,11/03/2023 16:55:00 -0800,GreenAcre Land Survey Co. <surveys@greenacresurvey.com>,Priya Shah <pshah@alderpointpartners.com>,Nina Alvarez,bank-record,Parcel payment ledger line — NW-07,A,EVT-A-16,parcel join record; increment-vs-full test; cites county/survey/packet,0,new
EMAIL-270,FAM-1013,EMAIL-264,08/02/2023 10:35:00 -0700,Hannah Cole <hcole@cascadetimber.com>,Tom Reyes <treyes@alderpointpartners.com>,Jay Whitfield,email,Parcel payment ledger line — NW-01,A,EVT-A-11,parcel join record; increment-vs-full test; cites county/survey/packet,0,new
EMAIL-271,FAM-1018,,08/30/2023 09:45:00 -0700,GreenAcre Land Survey Co. <surveys@greenacresurvey.com>,Jay Whitfield <jwhitfield@alderpointpartners.com>,Elena Marlowe,memo,Southern tracts file pull — disambiguation,A,EVT-A-08,parcel join record; increment-vs-full test; cites county/survey/packet,0,new
EMAIL-272,FAM-1019,,11/01/2022 13:05:00 -0800,Priya Shah <pshah@alderpointpartners.com>,Tom Reyes <treyes@alderpointpartners.com>,Hannah Cole,pdf-record,Parcel file pull — southern tracts (routine),A,EVT-A-22,routine pull; disambiguation frame Jul 2023,0,new
EMAIL-273,FAM-1020,,04/30/2023 11:50:00 -0700,Priya Shah <pshah@alderpointpartners.com>,Jay Whitfield <jwhitfield@alderpointpartners.com>,Sarah Nguyen,email,Survey status note — Klamath candidates (pre-field),A,EVT-A-03,status only; post-application cuts reveal Jul 2023,2,new
EMAIL-274,FAM-1004,EMAIL-254,03/09/2023 16:40:00 -0700,Tom Reyes <treyes@alderpointpartners.com>,Priya Shah <pshah@alderpointpartners.com>,Grace Lin,pdf-record,Application date confirmation — NW-02,A,EVT-A-27,parcel join record; increment-vs-full test; cites county/survey/packet,0,new
EMAIL-275,FAM-1021,,09/12/2023 15:40:00 -0700,Jay Whitfield <jwhitfield@alderpointpartners.com>,Tom Reyes <treyes@alderpointpartners.com>,Priya Shah,email,Easement language check — Lane/Klamath,A,EVT-A-07,parcel join record; increment-vs-full test; cites county/survey/packet,0,new
EMAIL-276,FAM-1022,,12/11/2021 09:10:00 -0800,GreenAcre Land Survey Co. <surveys@greenacresurvey.com>,Tom Reyes <treyes@alderpointpartners.com>,Priya Shah,memo,Survey planning note — candidate parcels (pre-field),A,EVT-A-28,planning note only; must not reference post-application cuts,0,new
EMAIL-277,FAM-1023,,01/19/2022 10:40:00 -0800,Hannah Cole <hcole@cascadetimber.com>,Nina Alvarez <nalvarez@alderpointpartners.com>,Alan Brooks,email,Recorder notice — parcel number cited (map required),A,EVT-A-28,county notice citing parcel number only; mapping requires county filing (no conclusion alone),0,new
EMAIL-278,FAM-1024,,11/09/2022 10:35:00 -0800,Nina Alvarez <nalvarez@alderpointpartners.com>,Priya Shah <pshah@alderpointpartners.com>,Hannah Cole,board-record,Recorder notice — parcel number cited (map required),A,EVT-A-09,parcel join record; increment-vs-full test; cites county/survey/packet,0,new
EMAIL-279,FAM-1025,,03/06/2023 16:10:00 -0700,Nina Alvarez <nalvarez@alderpointpartners.com>,Jay Whitfield <jwhitfield@alderpointpartners.com>,Frank Delgado,email,Easement file review — Lane/Klamath (routine diligence),A,EVT-A-07,routine review; re-check frame Jul 2023,0,new
EMAIL-280,FAM-1026,,01/26/2023 11:50:00 -0800,Hannah Cole <hcole@cascadetimber.com>,Nina Alvarez <nalvarez@alderpointpartners.com>,Dana Whitaker,email,Survey status note — Klamath candidates (pre-field),A,EVT-A-33,status only; post-application cuts reveal Jul 2023,0,new
EMAIL-281,FAM-1027,,04/07/2023 13:20:00 -0700,Hannah Cole <hcole@cascadetimber.com>,GreenAcre Land Survey Co. <surveys@greenacresurvey.com>,Brenda Moss,bank-record,Recorder notice — parcel number cited (map required),A,EVT-A-11,parcel join record; increment-vs-full test; cites county/survey/packet,0,new
EMAIL-282,EMAIL-179,EMAIL-179,02/15/2023 13:00:00 -0800,Hannah Cole <hcole@cascadetimber.com>,GreenAcre Land Survey Co. <surveys@greenacresurvey.com>,Kevin Tran,email,County easement filing — NW-05,A,EVT-A-30,parcel join record; increment-vs-full test; cites county/survey/packet,0,new
EMAIL-283,FAM-1028,,05/16/2023 14:40:00 -0700,Tom Reyes <treyes@alderpointpartners.com>,Hannah Cole <hcole@cascadetimber.com>,Grace Lin,email,GreenAcre field sheet — NW-01,A,EVT-A-14,parcel join record; increment-vs-full test; cites county/survey/packet,1,new
EMAIL-284,FAM-1029,,03/25/2023 17:10:00 -0700,Hannah Cole <hcole@cascadetimber.com>,Jay Whitfield <jwhitfield@alderpointpartners.com>,Tom Reyes,memo,County easement filing — NW-02,A,EVT-A-20,parcel join record; increment-vs-full test; cites county/survey/packet,0,new
EMAIL-285,FAM-1030,,09/07/2022 09:10:00 -0700,Tom Reyes <treyes@alderpointpartners.com>,GreenAcre Land Survey Co. <surveys@greenacresurvey.com>,Kevin Tran,certificate,Application date confirmation — NW-04,A,EVT-A-13,parcel join record; increment-vs-full test; cites county/survey/packet,0,new
EMAIL-286,FAM-1031,,08/03/2023 16:10:00 -0700,Hannah Cole <hcole@cascadetimber.com>,Jay Whitfield <jwhitfield@alderpointpartners.com>,Mia Chen,email,Recorder notice — parcel number cited (map required),A,EVT-A-21,parcel join record; increment-vs-full test; cites county/survey/packet,0,new
EMAIL-287,FAM-1032,,06/12/2022 13:20:00 -0700,Priya Shah <pshah@alderpointpartners.com>,Hannah Cole <hcole@cascadetimber.com>,IT Notifications,pdf-record,GreenAcre field sheet — NW-02,A,EVT-A-14,parcel join record; increment-vs-full test; cites county/survey/packet,0,new
EMAIL-288,EMAIL-180,EMAIL-299,06/12/2022 10:25:00 -0700,Jay Whitfield <jwhitfield@alderpointpartners.com>,Priya Shah <pshah@alderpointpartners.com>,Frank Delgado,email,GreenAcre field sheet — NW-06,A,EVT-A-12,parcel join record; increment-vs-full test; cites county/survey/packet,1,new
EMAIL-289,FAM-1033,,09/13/2022 10:35:00 -0700,Hannah Cole <hcole@cascadetimber.com>,Jay Whitfield <jwhitfield@alderpointpartners.com>,Robert Denniston,email,Parcel file pull — southern tracts (routine),A,EVT-A-22,routine pull; disambiguation frame Jul 2023,0,new
EMAIL-290,FAM-1034,,05/15/2022 11:30:00 -0700,GreenAcre Land Survey Co. <surveys@greenacresurvey.com>,Hannah Cole <hcole@cascadetimber.com>,Dana Whitaker,email,County easement filing — NW-05,A,EVT-A-34,parcel join record; increment-vs-full test; cites county/survey/packet,2,new
EMAIL-291,FAM-1035,,08/20/2023 08:25:00 -0700,Tom Reyes <treyes@alderpointpartners.com>,Hannah Cole <hcole@cascadetimber.com>,Elena Marlowe,email,Parcel payment ledger line — NW-06,A,EVT-A-32,parcel join record; increment-vs-full test; cites county/survey/packet [Nina departed Jun 30 (061/082); reassigned to active custodian],0,new
EMAIL-292,FAM-1036,,01/01/2023 11:15:00 -0800,Jay Whitfield <jwhitfield@alderpointpartners.com>,GreenAcre Land Survey Co. <surveys@greenacresurvey.com>,Priya Shah,email,Easement file review — Lane/Klamath (routine diligence),A,EVT-A-04,routine review; re-check frame Jul 2023,0,new
EMAIL-293,FAM-1037,,01/14/2023 09:50:00 -0800,Priya Shah <pshah@alderpointpartners.com>,Nina Alvarez <nalvarez@alderpointpartners.com>; GreenAcre Land Survey Co. <surveys@greenacresurvey.com>,Facilities,board-record,Easement file review — Lane/Klamath (routine diligence),A,EVT-A-14,routine review; re-check frame Jul 2023,0,new
EMAIL-294,EMAIL-180,EMAIL-180,11/05/2023 13:25:00 -0800,Tom Reyes <treyes@alderpointpartners.com>,Jay Whitfield <jwhitfield@alderpointpartners.com>,Mia Chen,email,GreenAcre field sheet — NW-03,A,EVT-A-39,parcel join record; increment-vs-full test; cites county/survey/packet [Nina departed Jun 30 (061/082); reassigned to active custodian],0,new
EMAIL-295,FAM-1038,,04/28/2022 10:35:00 -0700,GreenAcre Land Survey Co. <surveys@greenacresurvey.com>,Nina Alvarez <nalvarez@alderpointpartners.com>,Frank Delgado,email,Parcel payment ledger line — NW-06,A,EVT-A-08,parcel join record; increment-vs-full test; cites county/survey/packet,0,new
EMAIL-296,FAM-1039,,10/16/2022 09:00:00 -0700,Hannah Cole <hcole@cascadetimber.com>,Priya Shah <pshah@alderpointpartners.com>,Mia Chen,email,Survey status note — Klamath candidates (pre-field),A,EVT-A-24,status only; post-application cuts reveal Jul 2023,0,new
EMAIL-297,FAM-1033,EMAIL-289,05/29/2023 11:00:00 -0700,Priya Shah <pshah@alderpointpartners.com>,Jay Whitfield <jwhitfield@alderpointpartners.com>,Dana Whitaker,email,County easement filing — NW-07,A,EVT-A-17,parcel join record; increment-vs-full test; cites county/survey/packet,1,new
EMAIL-298,FAM-1040,,10/09/2022 10:25:00 -0700,Tom Reyes <treyes@alderpointpartners.com>,GreenAcre Land Survey Co. <surveys@greenacresurvey.com>,Jay Whitfield,bank-record,County easement filing — NW-03,A,EVT-A-38,parcel join record; increment-vs-full test; cites county/survey/packet,0,new
EMAIL-299,FAM-1048,EMAIL-308,04/06/2022 14:40:00 -0700,Nina Alvarez <nalvarez@alderpointpartners.com>,Tom Reyes <treyes@alderpointpartners.com>,Brenda Moss,email,Easement file review — Lane/Klamath (routine diligence),A,EVT-A-10,routine review; re-check frame begins Jul 2023,0,new
EMAIL-300,FAM-1041,,03/30/2022 10:35:00 -0700,Nina Alvarez <nalvarez@alderpointpartners.com>,Hannah Cole <hcole@cascadetimber.com>,Wendy Park,survey-field-sheet,Survey status note — Klamath candidates (pre-field),A,EVT-A-07,status note only; no post-application cuts in-period (reveal Jul 2023),0,new
EMAIL-301,FAM-1042,,10/27/2022 08:00:00 -0700,Nina Alvarez <nalvarez@alderpointpartners.com>,Jay Whitfield <jwhitfield@alderpointpartners.com>,Facilities,bank-record,Parcel payment ledger line — NW-04,A,EVT-A-08,parcel join record; increment-vs-full test; cites county/survey/packet,0,new
EMAIL-302,FAM-1043,,05/01/2023 08:45:00 -0700,GreenAcre Land Survey Co. <surveys@greenacresurvey.com>,Jay Whitfield <jwhitfield@alderpointpartners.com>,Human Resources,pdf-record,Submission packet — NW-05 2022,A,EVT-A-20,parcel join record; increment-vs-full test; cites county/survey/packet,0,new
EMAIL-303,FAM-1044,,11/08/2023 08:30:00 -0800,Jay Whitfield <jwhitfield@alderpointpartners.com>,Hannah Cole <hcole@cascadetimber.com>,IT Notifications,email,Application date confirmation — NW-04,A,EVT-A-27,parcel join record; increment-vs-full test; cites county/survey/packet,0,new
EMAIL-304,FAM-1045,,03/03/2022 09:45:00 -0700,GreenAcre Land Survey Co. <surveys@greenacresurvey.com>,Jay Whitfield <jwhitfield@alderpointpartners.com>,Robert Denniston,spreadsheet,Survey planning note — candidate parcels (pre-field),A,EVT-A-01,planning note only; must not reference post-application cuts,0,new
EMAIL-305,FAM-1046,,12/29/2022 10:15:00 -0800,GreenAcre Land Survey Co. <surveys@greenacresurvey.com>,Jay Whitfield <jwhitfield@alderpointpartners.com>,Craig Sato,filing-receipt,Parcel file pull — southern tracts (routine),A,EVT-A-06,routine pull; disambiguation frame Jul 2023,0,new
EMAIL-306,FAM-1047,,08/06/2022 09:10:00 -0700,Priya Shah <pshah@alderpointpartners.com>,GreenAcre Land Survey Co. <surveys@greenacresurvey.com>,Dan Osei,board-record,Application date confirmation — NW-04,A,EVT-A-06,parcel join record; increment-vs-full test; cites county/survey/packet,0,new
EMAIL-307,EMAIL-037,EMAIL-037,02/19/2022 16:25:00 -0800,Nina Alvarez <nalvarez@alderpointpartners.com>,Tom Reyes <treyes@alderpointpartners.com>,Priya Shah,certificate,Parcel payment ledger line — NW-03,A,EVT-A-04,parcel join record; increment-vs-full test; cites county/survey/packet,0,new
EMAIL-308,FAM-1048,,02/13/2022 10:50:00 -0800,GreenAcre Land Survey Co. <surveys@greenacresurvey.com>,Priya Shah <pshah@alderpointpartners.com>,Tom Reyes,email,Recorder notice — parcel number cited (map required),A,EVT-A-32,county notice citing parcel number only; mapping requires county filing (no conclusion alone),0,new
EMAIL-309,FAM-1049,,08/30/2023 09:40:00 -0700,Jay Whitfield <jwhitfield@alderpointpartners.com>,Tom Reyes <treyes@alderpointpartners.com>,Robert Denniston,email,Submission packet — NW-07 2022,A,EVT-A-35,parcel join record; increment-vs-full test; cites county/survey/packet,0,new
EMAIL-310,FAM-1050,,09/13/2023 11:20:00 -0700,GreenAcre Land Survey Co. <surveys@greenacresurvey.com>,Jay Whitfield <jwhitfield@alderpointpartners.com>; Priya Shah <pshah@alderpointpartners.com>,Jay Whitfield,email,GreenAcre field sheet — NW-06,A,EVT-A-03,parcel join record; increment-vs-full test; cites county/survey/packet,0,new
EMAIL-311,FAM-1051,,12/10/2023 08:00:00 -0800,Tom Reyes <treyes@alderpointpartners.com>,Jay Whitfield <jwhitfield@alderpointpartners.com>,Elena Marlowe,email,GreenAcre field sheet — NW-07,A,EVT-A-03,parcel join record; increment-vs-full test; cites county/survey/packet [Nina departed Jun 30 (061/082); reassigned to active custodian],0,new
EMAIL-312,FAM-1034,EMAIL-290,08/27/2022 08:40:00 -0700,Priya Shah <pshah@alderpointpartners.com>,Nina Alvarez <nalvarez@alderpointpartners.com>,Derek Holt,filing-receipt,Submission packet — NW-06 2022,A,EVT-A-40,parcel join record; increment-vs-full test; cites county/survey/packet,0,new
EMAIL-313,FAM-1052,,04/25/2022 09:35:00 -0700,Tom Reyes <treyes@alderpointpartners.com>,Nina Alvarez <nalvarez@alderpointpartners.com>; Hannah Cole <hcole@cascadetimber.com>,John Ellery,spreadsheet,Recorder notice — parcel number cited (map required),A,EVT-A-31,parcel join record; increment-vs-full test; cites county/survey/packet,0,new
EMAIL-314,FAM-1053,,05/20/2023 15:15:00 -0700,Priya Shah <pshah@alderpointpartners.com>,Tom Reyes <treyes@alderpointpartners.com>,A Patel,email,County easement filing — NW-05,A,EVT-A-27,parcel join record; increment-vs-full test; cites county/survey/packet,0,new
EMAIL-315,FAM-1054,,09/07/2023 09:10:00 -0700,Priya Shah <pshah@alderpointpartners.com>,Jay Whitfield <jwhitfield@alderpointpartners.com>,Sarah Nguyen,email,Easement language check — Lane/Klamath,A,EVT-A-02,parcel join record; increment-vs-full test; cites county/survey/packet,0,new
EMAIL-316,FAM-1055,,02/03/2023 13:00:00 -0800,Jay Whitfield <jwhitfield@alderpointpartners.com>,Tom Reyes <treyes@alderpointpartners.com>,Alan Brooks,pdf-record,GreenAcre field sheet — NW-04,A,EVT-A-36,parcel join record; increment-vs-full test; cites county/survey/packet,0,new
EMAIL-317,FAM-1031,EMAIL-286,12/09/2023 10:40:00 -0800,GreenAcre Land Survey Co. <surveys@greenacresurvey.com>,Jay Whitfield <jwhitfield@alderpointpartners.com>,Dan Osei,email,Re-survey memo — Klamath pair (dates cited),A,EVT-A-12,parcel join record; increment-vs-full test; cites county/survey/packet,0,new
EMAIL-318,FAM-1056,,05/05/2023 11:40:00 -0700,Jay Whitfield <jwhitfield@alderpointpartners.com>,Tom Reyes <treyes@alderpointpartners.com>,Kevin Tran,email,GreenAcre field sheet — NW-07,A,EVT-A-18,parcel join record; increment-vs-full test; cites county/survey/packet,0,new
EMAIL-319,FAM-1057,,04/25/2022 13:00:00 -0700,Priya Shah <pshah@alderpointpartners.com>,GreenAcre Land Survey Co. <surveys@greenacresurvey.com>,Sarah Nguyen,email,Parcel file pull — southern tracts (routine),A,EVT-A-37,routine pull; disambiguation frame begins Jul 2023 (113–115),0,new
EMAIL-320,FAM-1058,,03/13/2022 16:35:00 -0700,GreenAcre Land Survey Co. <surveys@greenacresurvey.com>,Jay Whitfield <jwhitfield@alderpointpartners.com>,Mia Chen,email,Recorder notice — parcel number cited (map required),A,EVT-A-18,county notice citing parcel number only; mapping requires county filing (no conclusion alone),0,new
EMAIL-321,FAM-1059,,01/28/2023 08:35:00 -0800,Tom Reyes <treyes@alderpointpartners.com>,Hannah Cole <hcole@cascadetimber.com>,Frank Delgado,pdf-record,Easement file review — Lane/Klamath (routine diligence),A,EVT-A-07,routine review; re-check frame Jul 2023,0,new
EMAIL-322,FAM-1060,,08/16/2023 09:20:00 -0700,Priya Shah <pshah@alderpointpartners.com>,Hannah Cole <hcole@cascadetimber.com>,Brenda Moss,memo,Application date confirmation — NW-07,A,EVT-A-08,parcel join record; increment-vs-full test; cites county/survey/packet,0,new
EMAIL-323,FAM-1061,,04/20/2022 08:40:00 -0700,Tom Reyes <treyes@alderpointpartners.com>,Nina Alvarez <nalvarez@alderpointpartners.com>,Elena Marlowe,memo,Recorder notice — parcel number cited (map required),A,EVT-A-20,parcel join record; increment-vs-full test; cites county/survey/packet,0,new
EMAIL-324,FAM-1016,EMAIL-268,04/21/2023 09:40:00 -0700,Nina Alvarez <nalvarez@alderpointpartners.com>,Priya Shah <pshah@alderpointpartners.com>,Craig Sato,email,Application date confirmation — NW-06,A,EVT-A-23,parcel join record; increment-vs-full test; cites county/survey/packet,0,new
EMAIL-325,FAM-1031,EMAIL-286,11/25/2023 09:55:00 -0800,GreenAcre Land Survey Co. <surveys@greenacresurvey.com>,Hannah Cole <hcole@cascadetimber.com>,Priya Shah,filing-receipt,Recorder notice — parcel number cited (map required),A,EVT-A-16,parcel join record; increment-vs-full test; cites county/survey/packet,0,new
EMAIL-326,FAM-1062,,08/30/2022 09:45:00 -0700,Hannah Cole <hcole@cascadetimber.com>,Tom Reyes <treyes@alderpointpartners.com>,Mia Chen,email,County easement filing — NW-01,A,EVT-A-23,parcel join record; increment-vs-full test; cites county/survey/packet,1,new
EMAIL-327,EMAIL-038,EMAIL-038,06/25/2022 09:05:00 -0700,Nina Alvarez <nalvarez@alderpointpartners.com>,Jay Whitfield <jwhitfield@alderpointpartners.com>,Dan Osei,email,Easement file review — Lane/Klamath (routine diligence),A,EVT-A-31,routine review; re-check frame begins Jul 2023,0,new
EMAIL-328,FAM-1063,,08/05/2023 09:50:00 -0700,Hannah Cole <hcole@cascadetimber.com>,Tom Reyes <treyes@alderpointpartners.com>,Hannah Cole,email,Southern tracts file pull — disambiguation,A,EVT-A-18,parcel join record; increment-vs-full test; cites county/survey/packet,0,new
EMAIL-329,FAM-1064,,09/26/2022 09:00:00 -0700,Tom Reyes <treyes@alderpointpartners.com>,Priya Shah <pshah@alderpointpartners.com>,Nina Alvarez,email,Parcel file pull — southern tracts (routine),A,EVT-A-35,routine pull; disambiguation frame Jul 2023,0,new
EMAIL-330,FAM-1065,,05/14/2023 10:10:00 -0700,GreenAcre Land Survey Co. <surveys@greenacresurvey.com>,Nina Alvarez <nalvarez@alderpointpartners.com>,Kevin Tran,bank-record,Application date confirmation — NW-08,A,EVT-A-10,parcel join record; increment-vs-full test; cites county/survey/packet,0,new
EMAIL-331,EMAIL-032,EMAIL-032,12/05/2021 11:10:00 -0800,Priya Shah <pshah@alderpointpartners.com>,Hannah Cole <hcole@cascadetimber.com>,Derek Holt,email,Parcel data sheet (internal draft) — NW-03,A,EVT-A-38,internal draft; no survey yet (GreenAcre engaged 3/5/22),0,new
EMAIL-332,FAM-1066,,06/09/2023 16:55:00 -0700,Tom Reyes <treyes@alderpointpartners.com>,Jay Whitfield <jwhitfield@alderpointpartners.com>; GreenAcre Land Survey Co. <surveys@greenacresurvey.com>,Elena Marlowe,certificate,Survey status note — Klamath candidates (pre-field),A,EVT-A-31,status only; cuts reveal Jul 18-19,0,new
EMAIL-333,FAM-1067,,01/30/2023 10:50:00 -0800,Priya Shah <pshah@alderpointpartners.com>,Nina Alvarez <nalvarez@alderpointpartners.com>,Robert Denniston,email,Easement file review — Lane/Klamath (routine diligence),A,EVT-A-19,routine review; re-check frame Jul 2023,0,new
EMAIL-334,FAM-1068,,05/06/2023 08:00:00 -0700,Priya Shah <pshah@alderpointpartners.com>,Nina Alvarez <nalvarez@alderpointpartners.com>,Hannah Cole,survey-field-sheet,Recorder notice — parcel number cited (map required),A,EVT-A-13,parcel join record; increment-vs-full test; cites county/survey/packet,0,new
EMAIL-335,FAM-1069,,02/13/2022 09:00:00 -0800,GreenAcre Land Survey Co. <surveys@greenacresurvey.com>,Nina Alvarez <nalvarez@alderpointpartners.com>,Robert Denniston,email,Parcel file pull — southern tracts (routine),A,EVT-A-40,routine pull; disambiguation frame Jul 2023,0,new
EMAIL-336,FAM-1070,,10/26/2022 08:10:00 -0700,Priya Shah <pshah@alderpointpartners.com>,Jay Whitfield <jwhitfield@alderpointpartners.com>,Alan Brooks,survey-field-sheet,Easement file review — Lane/Klamath (routine diligence),A,EVT-A-15,routine review; re-check frame Jul 2023,0,new
EMAIL-337,FAM-1071,,08/28/2022 10:05:00 -0700,Priya Shah <pshah@alderpointpartners.com>,Jay Whitfield <jwhitfield@alderpointpartners.com>,Grace Lin,email,Easement file review — Lane/Klamath (routine diligence),A,EVT-A-38,routine review; re-check frame Jul 2023,0,new
EMAIL-338,FAM-1016,EMAIL-268,05/05/2023 08:00:00 -0700,Hannah Cole <hcole@cascadetimber.com>,Jay Whitfield <jwhitfield@alderpointpartners.com>,Frank Delgado,email,County easement filing — NW-03,A,EVT-A-36,parcel join record; increment-vs-full test; cites county/survey/packet,2,new
EMAIL-339,FAM-1069,EMAIL-335,09/24/2022 16:55:00 -0700,Tom Reyes <treyes@alderpointpartners.com>,GreenAcre Land Survey Co. <surveys@greenacresurvey.com>; Priya Shah <pshah@alderpointpartners.com>,Frank Delgado,email,Application date confirmation — NW-03,A,EVT-A-20,parcel join record; increment-vs-full test; cites county/survey/packet,0,new
EMAIL-340,EMAIL-039,EMAIL-039,08/04/2022 08:40:00 -0700,GreenAcre Land Survey Co. <surveys@greenacresurvey.com>,Jay Whitfield <jwhitfield@alderpointpartners.com>,Nina Alvarez,email,County easement filing — NW-06,A,EVT-A-15,parcel join record; increment-vs-full test; cites county/survey/packet,0,new
EMAIL-341,FAM-1099,EMAIL-383,01/24/2022 17:35:00 -0800,Hannah Cole <hcole@cascadetimber.com>,GreenAcre Land Survey Co. <surveys@greenacresurvey.com>,Facilities,memo,Submission checklist (draft) — NW-05 2022,A,EVT-A-38,draft checklist; no filing yet,0,new
EMAIL-342,FAM-1072,,12/08/2023 13:05:00 -0800,Jay Whitfield <jwhitfield@alderpointpartners.com>,Tom Reyes <treyes@alderpointpartners.com>,Dana Whitaker,email,County easement filing — NW-08,A,EVT-A-13,parcel join record; increment-vs-full test; cites county/survey/packet,0,new
EMAIL-343,FAM-1073,,08/30/2022 11:10:00 -0700,Priya Shah <pshah@alderpointpartners.com>,Hannah Cole <hcole@cascadetimber.com>,Elena Marlowe,email,Application date confirmation — NW-02,A,EVT-A-03,parcel join record; increment-vs-full test; cites county/survey/packet,2,new
EMAIL-344,FAM-1070,EMAIL-336,05/06/2023 10:00:00 -0700,Tom Reyes <treyes@alderpointpartners.com>,GreenAcre Land Survey Co. <surveys@greenacresurvey.com>,Marcus Webb,certificate,Survey status note — Klamath candidates (pre-field),A,EVT-A-31,status only; post-application cuts reveal Jul 2023,0,new
EMAIL-345,FAM-1048,EMAIL-308,01/03/2023 14:20:00 -0800,Tom Reyes <treyes@alderpointpartners.com>,Jay Whitfield <jwhitfield@alderpointpartners.com>,Grace Lin,email,Easement file review — Lane/Klamath (routine diligence),A,EVT-A-35,routine review; re-check frame Jul 2023,0,new
EMAIL-346,FAM-1074,,07/06/2022 08:10:00 -0700,Priya Shah <pshah@alderpointpartners.com>,Jay Whitfield <jwhitfield@alderpointpartners.com>,Human Resources,email,Survey status note — Klamath candidates (pre-field),A,EVT-A-30,status only; no post-application cuts in-period,0,new
EMAIL-347,EMAIL-180,EMAIL-299,05/05/2023 09:05:00 -0700,Hannah Cole <hcole@cascadetimber.com>,Priya Shah <pshah@alderpointpartners.com>,IT Notifications,email,Submission packet — NW-06 2022,A,EVT-A-35,parcel join record; increment-vs-full test; cites county/survey/packet,0,new
EMAIL-348,FAM-1075,,07/11/2023 16:10:00 -0700,Hannah Cole <hcole@cascadetimber.com>,GreenAcre Land Survey Co. <surveys@greenacresurvey.com>,IT Notifications,survey-field-sheet,Parcel payment ledger line — NW-05,A,EVT-A-21,parcel join record; increment-vs-full test; cites county/survey/packet,0,new
EMAIL-349,FAM-1076,,06/01/2022 09:50:00 -0700,Nina Alvarez <nalvarez@alderpointpartners.com>,Hannah Cole <hcole@cascadetimber.com>,HR,email,Parcel file pull — southern tracts (routine),A,EVT-A-21,routine pull; disambiguation frame begins Jul 2023 (113–115),0,new
EMAIL-350,FAM-1077,,01/25/2023 14:15:00 -0800,Hannah Cole <hcole@cascadetimber.com>,GreenAcre Land Survey Co. <surveys@greenacresurvey.com>,Derek Holt,email,County easement filing — NW-03,A,EVT-A-28,parcel join record; increment-vs-full test; cites county/survey/packet,0,new
EMAIL-351,FAM-1049,EMAIL-324,09/05/2023 08:30:00 -0700,Jay Whitfield <jwhitfield@alderpointpartners.com>,Tom Reyes <treyes@alderpointpartners.com>,Sarah Nguyen,email,Application date confirmation — NW-04,A,EVT-A-14,parcel join record; increment-vs-full test; cites county/survey/packet,0,new
EMAIL-352,FAM-1078,,08/04/2023 16:50:00 -0700,Tom Reyes <treyes@alderpointpartners.com>,Priya Shah <pshah@alderpointpartners.com>,Brenda Moss,email,County easement filing — NW-02,A,EVT-A-02,parcel join record; increment-vs-full test; cites county/survey/packet [Nina departed Jun 30 (061/082); reassigned to active custodian],1,new
EMAIL-353,FAM-1076,EMAIL-349,11/26/2023 11:15:00 -0800,Tom Reyes <treyes@alderpointpartners.com>,Jay Whitfield <jwhitfield@alderpointpartners.com>,Elena Marlowe,bank-record,Southern tracts file pull — disambiguation,A,EVT-A-17,parcel join record; increment-vs-full test; cites county/survey/packet,0,new
EMAIL-354,FAM-1094,EMAIL-376,08/14/2022 09:55:00 -0700,Priya Shah <pshah@alderpointpartners.com>,GreenAcre Land Survey Co. <surveys@greenacresurvey.com>,HR,email,Recorder notice — parcel number cited (map required),A,EVT-A-06,parcel join record; increment-vs-full test; cites county/survey/packet,0,new
EMAIL-355,FAM-1079,,07/03/2022 08:20:00 -0700,Hannah Cole <hcole@cascadetimber.com>,Tom Reyes <treyes@alderpointpartners.com>,Grace Lin,filing-receipt,Application date confirmation — NW-03,A,EVT-A-11,parcel join record; increment-vs-full test; cites county/survey/packet,0,new
EMAIL-356,FAM-1080,,05/01/2022 16:00:00 -0700,Tom Reyes <treyes@alderpointpartners.com>,Jay Whitfield <jwhitfield@alderpointpartners.com>,Wendy Park,email,Easement file review — Lane/Klamath (routine diligence),A,EVT-A-32,routine review; re-check frame begins Jul 2023,0,new
EMAIL-357,FAM-1081,,11/22/2023 08:05:00 -0800,Tom Reyes <treyes@alderpointpartners.com>,Hannah Cole <hcole@cascadetimber.com>,Derek Holt,email,County easement filing — NW-06,A,EVT-A-07,parcel join record; increment-vs-full test; cites county/survey/packet,1,new
EMAIL-358,FAM-1082,,03/15/2022 13:55:00 -0700,Priya Shah <pshah@alderpointpartners.com>,Hannah Cole <hcole@cascadetimber.com>,Nina Alvarez,board-record,Parcel payment ledger line — NW-05,A,EVT-A-31,parcel join record; increment-vs-full test; cites county/survey/packet,0,new
EMAIL-359,FAM-1083,,04/20/2022 09:05:00 -0700,Nina Alvarez <nalvarez@alderpointpartners.com>,Jay Whitfield <jwhitfield@alderpointpartners.com>,Mia Chen,filing-receipt,Survey status note — Klamath candidates (pre-field),A,EVT-A-11,status note only; no post-application cuts in-period (reveal Jul 2023),0,new
EMAIL-360,EMAIL-175,EMAIL-175,07/31/2022 09:10:00 -0700,Jay Whitfield <jwhitfield@alderpointpartners.com>,Tom Reyes <treyes@alderpointpartners.com>,A Patel,email,Parcel file pull — southern tracts — (routine pull),A,EVT-A-37,routine pull; disambiguation frame Jul 2023,0,new
EMAIL-361,FAM-1084,,05/30/2022 10:40:00 -0700,GreenAcre Land Survey Co. <surveys@greenacresurvey.com>,Tom Reyes <treyes@alderpointpartners.com>,Grace Lin,email,Application date confirmation — NW-07,A,EVT-A-08,parcel join record; increment-vs-full test; cites county/survey/packet,0,new
EMAIL-362,FAM-1039,EMAIL-296,10/17/2023 11:15:00 -0700,Hannah Cole <hcole@cascadetimber.com>,Tom Reyes <treyes@alderpointpartners.com>,Marcus Webb,email,Southern tracts file pull — disambiguation,A,EVT-A-05,parcel join record; increment-vs-full test; cites county/survey/packet,0,new
EMAIL-363,FAM-1085,,04/25/2022 14:55:00 -0700,Jay Whitfield <jwhitfield@alderpointpartners.com>,GreenAcre Land Survey Co. <surveys@greenacresurvey.com>,Sarah Nguyen,email,Submission packet — NW-06 2022,A,EVT-A-40,parcel join record; increment-vs-full test; cites county/survey/packet,0,new
EMAIL-364,FAM-1086,,10/02/2022 17:35:00 -0700,Nina Alvarez <nalvarez@alderpointpartners.com>,Hannah Cole <hcole@cascadetimber.com>,Jay Whitfield,email,Easement file review — Lane/Klamath (routine diligence),A,EVT-A-29,routine review; re-check frame Jul 2023,0,new
EMAIL-365,FAM-1087,,04/21/2022 11:25:00 -0700,Nina Alvarez <nalvarez@alderpointpartners.com>,Tom Reyes <treyes@alderpointpartners.com>,Dan Osei,spreadsheet,County easement filing — NW-07,A,EVT-A-15,parcel join record; increment-vs-full test; cites county/survey/packet,0,new
EMAIL-366,FAM-1088,,11/05/2023 15:20:00 -0800,Tom Reyes <treyes@alderpointpartners.com>,GreenAcre Land Survey Co. <surveys@greenacresurvey.com>,Hannah Cole,email,Parcel payment ledger line — NW-07,A,EVT-A-27,parcel join record; increment-vs-full test; cites county/survey/packet,0,new
EMAIL-367,FAM-1089,,08/17/2023 10:35:00 -0700,Tom Reyes <treyes@alderpointpartners.com>,Jay Whitfield <jwhitfield@alderpointpartners.com>,Grace Lin,spreadsheet,GreenAcre field sheet — NW-05,A,EVT-A-08,parcel join record; increment-vs-full test; cites county/survey/packet; near-dupe/version test [Nina departed Jun 30 (061/082); reassigned to active custodian],0,new
EMAIL-368,FAM-1069,EMAIL-335,02/21/2022 16:25:00 -0800,GreenAcre Land Survey Co. <surveys@greenacresurvey.com>,Nina Alvarez <nalvarez@alderpointpartners.com>; Jay Whitfield <jwhitfield@alderpointpartners.com>,Priya Shah,survey-field-sheet,Easement file review — Lane/Klamath (routine diligence),A,EVT-A-36,routine review; re-check frame Jul 2023,0,new
EMAIL-369,FAM-1090,,01/25/2023 08:10:00 -0800,Jay Whitfield <jwhitfield@alderpointpartners.com>,GreenAcre Land Survey Co. <surveys@greenacresurvey.com>,Nina Alvarez,pdf-record,County easement filing — NW-03,A,EVT-A-14,parcel join record; increment-vs-full test; cites county/survey/packet,0,new
EMAIL-370,FAM-1080,EMAIL-356,10/25/2022 16:15:00 -0700,GreenAcre Land Survey Co. <surveys@greenacresurvey.com>,Jay Whitfield <jwhitfield@alderpointpartners.com>,Derek Holt,email,GreenAcre field sheet — NW-04,A,EVT-A-10,parcel join record; increment-vs-full test; cites county/survey/packet,0,new
EMAIL-371,FAM-1091,,09/03/2023 09:15:00 -0700,Tom Reyes <treyes@alderpointpartners.com>,Priya Shah <pshah@alderpointpartners.com>,Nina Alvarez,memo,Application date confirmation — NW-08,A,EVT-A-40,parcel join record; increment-vs-full test; cites county/survey/packet,0,new
EMAIL-372,FAM-1092,,05/24/2022 10:20:00 -0700,Hannah Cole <hcole@cascadetimber.com>,Tom Reyes <treyes@alderpointpartners.com>,Grace Lin,email,Application date confirmation — NW-05,A,EVT-A-34,parcel join record; increment-vs-full test; cites county/survey/packet,0,new
EMAIL-373,FAM-1093,,04/01/2023 10:45:00 -0700,Tom Reyes <treyes@alderpointpartners.com>,Priya Shah <pshah@alderpointpartners.com>,Dan Osei,filing-receipt,GreenAcre field sheet — NW-07,A,EVT-A-37,parcel join record; increment-vs-full test; cites county/survey/packet,0,new
EMAIL-374,FAM-1092,EMAIL-372,10/15/2022 08:30:00 -0700,Nina Alvarez <nalvarez@alderpointpartners.com>,GreenAcre Land Survey Co. <surveys@greenacresurvey.com>,Wendy Park,email,Survey status note — Klamath candidates (pre-field),A,EVT-A-14,status only; post-application cuts reveal Jul 2023,0,new
EMAIL-375,FAM-1039,EMAIL-296,09/09/2023 19:20:00 -0700,Jay Whitfield <jwhitfield@alderpointpartners.com>,Tom Reyes <treyes@alderpointpartners.com>,Kevin Tran,email,GreenAcre field sheet — NW-04,A,EVT-A-04,parcel join record; increment-vs-full test; cites county/survey/packet,0,new
EMAIL-376,FAM-1094,,06/04/2022 10:15:00 -0700,Nina Alvarez <nalvarez@alderpointpartners.com>,GreenAcre Land Survey Co. <surveys@greenacresurvey.com>,Jay Whitfield,email,GreenAcre field sheet — NW-03,A,EVT-A-17,parcel join record; increment-vs-full test; cites county/survey/packet,0,new
EMAIL-377,FAM-1095,,05/22/2022 09:00:00 -0700,Tom Reyes <treyes@alderpointpartners.com>,Jay Whitfield <jwhitfield@alderpointpartners.com>,Dana Whitaker,survey-field-sheet,Recorder notice — parcel number cited (map required),A,EVT-A-04,parcel join record; increment-vs-full test; cites county/survey/packet,0,new
EMAIL-378,FAM-1096,,01/26/2023 09:30:00 -0800,Nina Alvarez <nalvarez@alderpointpartners.com>,Tom Reyes <treyes@alderpointpartners.com>,John Ellery,bank-record,Recorder notice — parcel number cited (map required),A,EVT-A-23,parcel join record; increment-vs-full test; cites county/survey/packet,0,new
EMAIL-379,FAM-1097,,02/21/2022 08:10:00 -0800,Tom Reyes <treyes@alderpointpartners.com>,Priya Shah <pshah@alderpointpartners.com>,Mia Chen,certificate,Recorder notice — parcel number cited (map required),A,EVT-A-32,county notice citing parcel number only; mapping requires county filing (no conclusion alone),0,new
EMAIL-380,FAM-1058,EMAIL-320,10/05/2022 10:00:00 -0700,GreenAcre Land Survey Co. <surveys@greenacresurvey.com>,Jay Whitfield <jwhitfield@alderpointpartners.com>,Derek Holt,email,County easement filing — NW-02,A,EVT-A-33,parcel join record; increment-vs-full test; cites county/survey/packet,0,new
EMAIL-381,FAM-1098,,02/04/2022 10:35:00 -0800,Hannah Cole <hcole@cascadetimber.com>,Jay Whitfield <jwhitfield@alderpointpartners.com>,Grace Lin,memo,Parcel file checklist — pre-submission,A,EVT-A-19,checklist; no application filed yet,1,new
EMAIL-382,EMAIL-039,EMAIL-340,10/24/2023 16:15:00 -0700,Priya Shah <pshah@alderpointpartners.com>,Jay Whitfield <jwhitfield@alderpointpartners.com>,Facilities,email,Recorder notice — parcel number cited (map required),A,EVT-A-10,parcel join record; increment-vs-full test; cites county/survey/packet,0,new
EMAIL-383,FAM-1099,,01/20/2022 09:35:00 -0800,Jay Whitfield <jwhitfield@alderpointpartners.com>,Nina Alvarez <nalvarez@alderpointpartners.com>,Jay Whitfield,email,Recorder notice — parcel number cited (map required),A,EVT-A-16,county notice citing parcel number only; mapping requires county filing (no conclusion alone),0,new
EMAIL-384,FAM-1100,,08/03/2022 14:25:00 -0700,Priya Shah <pshah@alderpointpartners.com>,Tom Reyes <treyes@alderpointpartners.com>,Frank Delgado,email,Recorder notice — parcel number cited (map required),A,EVT-A-29,parcel join record; increment-vs-full test; cites county/survey/packet,0,new
EMAIL-385,FAM-1101,,06/07/2023 08:00:00 -0700,Hannah Cole <hcole@cascadetimber.com>,Priya Shah <pshah@alderpointpartners.com>,HR,filing-receipt,Survey status note — Klamath candidates (pre-field),A,EVT-A-27,status only; cuts reveal Jul 18-19,0,new
EMAIL-386,FAM-1102,,06/02/2022 10:50:00 -0700,Jay Whitfield <jwhitfield@alderpointpartners.com>,Priya Shah <pshah@alderpointpartners.com>,Craig Sato,certificate,County easement filing — NW-01,A,EVT-A-10,parcel join record; increment-vs-full test; cites county/survey/packet,0,new
EMAIL-387,FAM-1103,,03/14/2022 09:20:00 -0700,Jay Whitfield <jwhitfield@alderpointpartners.com>,Tom Reyes <treyes@alderpointpartners.com>,Sarah Nguyen,memo,Parcel file pull — southern tracts (routine),A,EVT-A-17,routine pull; disambiguation frame Jul 2023,0,new
EMAIL-388,FAM-1104,,06/15/2022 15:35:00 -0700,GreenAcre Land Survey Co. <surveys@greenacresurvey.com>,Jay Whitfield <jwhitfield@alderpointpartners.com>,John Ellery,filing-receipt,Parcel file pull — southern tracts (routine),A,EVT-A-25,routine pull; disambiguation frame begins Jul 2023 (113–115),0,new
EMAIL-389,FAM-1105,,08/25/2022 08:15:00 -0700,Nina Alvarez <nalvarez@alderpointpartners.com>,Jay Whitfield <jwhitfield@alderpointpartners.com>,Priya Shah,certificate,Parcel file pull — southern tracts — (routine pull),A,EVT-A-22,routine pull; disambiguation frame Jul 2023,0,new
EMAIL-390,FAM-1106,,02/15/2022 16:00:00 -0800,Priya Shah <pshah@alderpointpartners.com>,Jay Whitfield <jwhitfield@alderpointpartners.com>,Frank Delgado,memo,Parcel file checklist — pre-submission,A,EVT-A-28,checklist; no application filed yet,0,new
EMAIL-391,FAM-1107,,04/28/2022 09:25:00 -0700,Tom Reyes <treyes@alderpointpartners.com>,Priya Shah <pshah@alderpointpartners.com>,Dana Whitaker,memo,KW payment ledger — Clearwater,J,EVT-J-08,intent join input (dates only); KW option+app+ledger+Nina — no conclusion alone,0,new
EMAIL-392,FAM-1108,,09/15/2023 13:00:00 -0700,Tom Reyes <treyes@alderpointpartners.com>,Tom Reyes <treyes@alderpointpartners.com>,IT Notifications,email,KW option agreement — KW-02 (dated post-3/16/22),J,EVT-J-03,KW option record (Alder channel; counsel does not draft options) [Nina departed Jun 30 (061/082); reassigned to active custodian],0,new
EMAIL-393,FAM-1109,,11/27/2023 17:10:00 -0800,Grace Lin <glin@llassociates.com>,Tom Reyes <treyes@alderpointpartners.com>,Kevin Tran,filing-receipt,Clearwater record note — Route 97 (review),J,EVT-J-22,review record; not business correspondence,0,new
EMAIL-394,FAM-1110,,01/13/2023 17:45:00 -0800,Tom Reyes <treyes@alderpointpartners.com>,Nina Alvarez <nalvarez@alderpointpartners.com>,Mia Chen,email,KW payment ledger — Clearwater,J,EVT-J-21,intent join input (dates only); KW option+app+ledger+Nina — no conclusion alone,0,new
EMAIL-395,FAM-1111,,04/06/2022 11:50:00 -0700,Tom Reyes <treyes@alderpointpartners.com>,Priya Shah <pshah@alderpointpartners.com>,Brenda Moss,email,Nina Clearwater correspondence — Route 97,J,EVT-J-24,intent join input (dates only); KW option+app+ledger+Nina — no conclusion alone,0,new
EMAIL-396,FAM-1107,EMAIL-391,10/15/2023 10:20:00 -0700,Tom Reyes <treyes@alderpointpartners.com>,Priya Shah <pshah@alderpointpartners.com>,Hannah Cole,email,KW credit application — KW-01,J,EVT-J-34,KW application (Alder channel; forensic does not file; Nina departed),1,new
EMAIL-397,FAM-1115,EMAIL-402,12/20/2022 09:10:00 -0800,Tom Reyes <treyes@alderpointpartners.com>,Priya Shah <pshah@alderpointpartners.com>,Human Resources,email,KW option agreement — KW-01 (dated post-3/16/22),J,EVT-J-13,intent join input (dates only); KW option+app+ledger+Nina — no conclusion alone,0,new
EMAIL-398,FAM-1112,,06/30/2023 09:50:00 -0700,Grace Lin <glin@llassociates.com>,Tom Reyes <treyes@alderpointpartners.com>,Priya Shah,board-record,Clearwater file receipt note — review (internal),J,EVT-J-04,review-channel receipt; Alder handoff is Jun 29 (198),0,new
EMAIL-399,FAM-1118,EMAIL-445,10/19/2022 11:15:00 -0700,Tom Reyes <treyes@alderpointpartners.com>,Priya Shah <pshah@alderpointpartners.com>,Tom Reyes,email,KW option agreement — KW-01 (dated post-3/16/22),J,EVT-J-25,intent join input (dates only); KW option+app+ledger+Nina — no conclusion alone,0,new
EMAIL-400,FAM-1113,,09/04/2023 08:10:00 -0700,Dana Whitaker <dwhitaker@whitakerforensic.com>,Grace Lin <glin@llassociates.com>,Dan Osei,email,Clearwater tracing note — Route 97 (counsel-directed),J,EVT-J-10,Kovel analysis for counsel; not Alder correspondence,0,new
EMAIL-401,FAM-1114,,08/17/2022 16:30:00 -0700,Tom Reyes <treyes@alderpointpartners.com>,Nina Alvarez <nalvarez@alderpointpartners.com>,Brenda Moss,email,KW payment ledger — Clearwater,J,EVT-J-37,intent join input (dates only); KW option+app+ledger+Nina — no conclusion alone,0,new
EMAIL-402,FAM-1115,,07/13/2022 13:10:00 -0700,Tom Reyes <treyes@alderpointpartners.com>,Priya Shah <pshah@alderpointpartners.com>,Jay Whitfield,email,Clearwater file note — dates log (no conclusion),J,EVT-J-08,dates log only; intent framing Aug 2023 (141),1,new
EMAIL-403,FAM-1116,,03/20/2023 15:20:00 -0700,Nina Alvarez <nalvarez@alderpointpartners.com>,Grace Lin <glin@llassociates.com>,Robert Denniston,survey-field-sheet,Clearwater file note — dates log (no conclusion),J,EVT-J-03,dates log only; intent framing Aug 2023 (141),0,new
EMAIL-404,FAM-1117,,09/03/2022 15:05:00 -0700,Tom Reyes <treyes@alderpointpartners.com>,Nina Alvarez <nalvarez@alderpointpartners.com>,IT Notifications,email,Nina Clearwater correspondence — Route 97,J,EVT-J-38,Route 97 correspondence; pin drops and county-office hours,0,new
EMAIL-405,FAM-1118,,05/27/2023 09:30:00 -0700,Grace Lin <glin@llassociates.com>,Tom Reyes <treyes@alderpointpartners.com>,IT Notifications,memo,Clearwater file status note (interim),J,EVT-J-20,interim status; complete-handoff is Jun 29 (198),0,new
EMAIL-406,FAM-1119,,04/11/2022 08:55:00 -0700,Tom Reyes <treyes@alderpointpartners.com>,Nina Alvarez <nalvarez@alderpointpartners.com>,Robert Denniston,email,Nina Clearwater correspondence — Route 97,J,EVT-J-16,intent join input (dates only); KW option+app+ledger+Nina — no conclusion alone,0,new
EMAIL-407,FAM-1119,EMAIL-413,09/20/2022 15:45:00 -0700,Tom Reyes <treyes@alderpointpartners.com>,Priya Shah <pshah@alderpointpartners.com>,Human Resources,email,Nina Clearwater correspondence — Route 97,J,EVT-J-31,intent join input (dates only); KW option+app+ledger+Nina — no conclusion alone,1,new
EMAIL-408,FAM-1120,,08/31/2022 08:30:00 -0700,Tom Reyes <treyes@alderpointpartners.com>,Nina Alvarez <nalvarez@alderpointpartners.com>,Wendy Park,spreadsheet,KW option agreement — KW-01 (dated post-3/16/22),J,EVT-J-31,intent join input (dates only); KW option+app+ledger+Nina — no conclusion alone,0,new
EMAIL-409,FAM-1110,EMAIL-418,08/29/2023 09:30:00 -0700,Tom Reyes <treyes@alderpointpartners.com>,Dana Whitaker <dwhitaker@whitakerforensic.com>,Mia Chen,email,KW option agreement — KW-02 (dated post-3/16/22),J,EVT-J-15,intent join input (dates only); KW option+app+ledger+Nina — no conclusion alone; alias-variant test,0,new
EMAIL-410,FAM-1121,,10/04/2022 11:50:00 -0700,Nina Alvarez <nalvarez@alderpointpartners.com>,Tom Reyes <treyes@alderpointpartners.com>,Grace Lin,board-record,Nina Clearwater correspondence — Route 97,J,EVT-J-28,intent join input (dates only); KW option+app+ledger+Nina — no conclusion alone,0,new
EMAIL-411,FAM-1122,,09/21/2023 08:05:00 -0700,Dana Whitaker <dwhitaker@whitakerforensic.com>,Grace Lin <glin@llassociates.com>,Grace Lin,email,Clearwater tracing note — dates only (counsel-directed),J,EVT-J-14,Kovel analysis for counsel only; no conclusion alone,0,new
EMAIL-412,FAM-1123,,06/21/2022 14:25:00 -0700,Nina Alvarez <nalvarez@alderpointpartners.com>,Tom Reyes <treyes@alderpointpartners.com>,Nina Alvarez,email,KW credit application — KW-01,J,EVT-J-36,intent join input (dates only); KW option+app+ledger+Nina — no conclusion alone,0,new
EMAIL-413,FAM-1775,EMAIL-1364,03/29/2022 09:15:00 -0700,Nina Alvarez <nalvarez@alderpointpartners.com>,Tom Reyes <treyes@alderpointpartners.com>,Grace Lin,email,KW option agreement — KW-01 (dated post-3/16/22),J,EVT-J-17,intent join input (dates only); KW option+app+ledger+Nina — no conclusion alone,0,new
EMAIL-414,FAM-1119,EMAIL-413,07/05/2022 09:30:00 -0700,Tom Reyes <treyes@alderpointpartners.com>,Priya Shah <pshah@alderpointpartners.com>,HR,email,KW option agreement — KW-02 (dated post-3/16/22),J,EVT-J-31,intent join input (dates only); KW option+app+ledger+Nina — no conclusion alone,0,new
EMAIL-415,FAM-1119,EMAIL-406,05/08/2022 10:25:00 -0700,Tom Reyes <treyes@alderpointpartners.com>,Priya Shah <pshah@alderpointpartners.com>,Tom Reyes,spreadsheet,KW option agreement — KW-01 (dated post-3/16/22),J,EVT-J-34,intent join input (dates only); KW option+app+ledger+Nina — no conclusion alone,0,new
EMAIL-416,FAM-1124,,02/27/2023 09:00:00 -0800,Grace Lin <glin@llassociates.com>,Tom Reyes <treyes@alderpointpartners.com>,Alan Brooks,email,Clearwater file status note (interim),J,EVT-J-09,interim status; complete-handoff is Jun 2023 (198),0,new
EMAIL-417,FAM-1115,EMAIL-402,09/16/2022 11:40:00 -0700,Tom Reyes <treyes@alderpointpartners.com>,Priya Shah <pshah@alderpointpartners.com>,Priya Shah,filing-receipt,KW option agreement — KW-02 (dated post-3/16/22),J,EVT-J-20,intent join input (dates only); KW option+app+ledger+Nina — no conclusion alone,0,new
EMAIL-418,FAM-1775,EMAIL-413,11/03/2022 16:30:00 -0800,Tom Reyes <treyes@alderpointpartners.com>,Priya Shah <pshah@alderpointpartners.com>,Sarah Nguyen,email,Nina Clearwater correspondence — Route 97,J,EVT-J-03,intent join input (dates only); KW option+app+ledger+Nina — no conclusion alone,0,new
EMAIL-419,FAM-1125,,08/16/2022 15:55:00 -0700,Nina Alvarez <nalvarez@alderpointpartners.com>,Tom Reyes <treyes@alderpointpartners.com>,HR,email,Clearwater file status note (interim),J,EVT-J-32,interim status; complete-handoff is Jun 2023 (198),0,new
EMAIL-420,FAM-1110,EMAIL-418,09/22/2023 11:25:00 -0700,Grace Lin <glin@llassociates.com>,Tom Reyes <treyes@alderpointpartners.com>,Human Resources,email,Clearwater file receipt note — review (internal),J,EVT-J-34,review-channel receipt; Alder handoff Jun 29 (198),0,new
EMAIL-421,FAM-1110,EMAIL-407,01/07/2023 09:45:00 -0800,Nina Alvarez <nalvarez@alderpointpartners.com>,Tom Reyes <treyes@alderpointpartners.com>,Nina Alvarez,email,Clearwater file note — dates log (no conclusion),J,EVT-J-28,dates log only; intent framing Aug 2023 (141),0,new
EMAIL-422,FAM-1126,,06/01/2023 10:40:00 -0700,Tom Reyes <treyes@alderpointpartners.com>,Priya Shah <pshah@alderpointpartners.com>,Sarah Nguyen,spreadsheet,Clearwater file status note (interim),J,EVT-J-32,interim status; complete-handoff is Jun 29 (198),0,new
EMAIL-423,FAM-1127,,11/06/2023 09:25:00 -0800,Tom Reyes <treyes@alderpointpartners.com>,Grace Lin <glin@llassociates.com>,Brenda Moss,pdf-record,KW option agreement — KW-01 (dated post-3/16/22),J,EVT-J-04,intent join input (dates only); KW option+app+ledger+Nina — no conclusion alone,0,new
EMAIL-424,FAM-1128,,05/12/2023 08:10:00 -0700,Grace Lin <glin@llassociates.com>,Nina Alvarez <nalvarez@alderpointpartners.com>,Kevin Tran,email,Clearwater file note — dates log (no conclusion),J,EVT-J-24,dates log only; intent framing Aug 2023 (141),0,new
EMAIL-425,FAM-1129,,06/17/2022 08:00:00 -0700,Nina Alvarez <nalvarez@alderpointpartners.com>,Tom Reyes <treyes@alderpointpartners.com>,Craig Sato,email,Clearwater file note — dates log (no conclusion),J,EVT-J-28,dates log only; intent framing begins Aug 2023 (141),1,new
EMAIL-426,FAM-1130,,10/04/2023 17:40:00 -0700,Dana Whitaker <dwhitaker@whitakerforensic.com>,Grace Lin <glin@llassociates.com>,Sarah Nguyen,board-record,Clearwater tracing note — Route 97 (counsel-directed),J,EVT-J-40,Kovel analysis for counsel; not Alder correspondence,0,new
EMAIL-427,FAM-1131,,08/09/2023 11:40:00 -0700,Tom Reyes <treyes@alderpointpartners.com>,Alan Brooks <abrooks@llassociates.com>,A Patel,email,KW option agreement — KW-02 (dated post-3/16/22),J,EVT-J-33,transmittal via counsel channel; business does not contact Kovel agent directly,0,new
EMAIL-428,FAM-1132,,10/10/2023 09:45:00 -0700,Tom Reyes <treyes@alderpointpartners.com>,Grace Lin <glin@llassociates.com>,Marcus Webb,email,Clearwater file status note (late activity),J,EVT-J-31,late activity note; complete-handoff Jun 29 (198),0,new
EMAIL-429,FAM-1133,,08/17/2022 11:45:00 -0700,Nina Alvarez <nalvarez@alderpointpartners.com>,Tom Reyes <treyes@alderpointpartners.com>,Wendy Park,filing-receipt,KW payment ledger — Clearwater,J,EVT-J-23,intent join input (dates only); KW option+app+ledger+Nina — no conclusion alone,0,new
EMAIL-430,FAM-1110,EMAIL-421,03/20/2023 13:30:00 -0700,Nina Alvarez <nalvarez@alderpointpartners.com>,Nina Alvarez <nalvarez@alderpointpartners.com>,Mia Chen,email,KW credit application — KW-02,J,EVT-J-39,KW application packet (Alder channel; counsel does not file applications),0,new
EMAIL-431,FAM-1134,,07/21/2023 10:05:00 -0700,Tom Reyes <treyes@alderpointpartners.com>,Tom Reyes <treyes@alderpointpartners.com>,Tom Reyes,memo,KW credit application — KW-02,J,EVT-J-23,intent join input (dates only); KW option+app+ledger+Nina — no conclusion alone [Nina departed Jun 30 (061/082); reassigned to active custodian],0,new
EMAIL-432,FAM-1116,EMAIL-403,10/08/2023 14:50:00 -0700,Grace Lin <glin@llassociates.com>,Tom Reyes <treyes@alderpointpartners.com>,Grace Lin,bank-record,KW option agreement — KW-01 (dated post-3/16/22),J,EVT-J-05,intent join input (dates only); KW option+app+ledger+Nina — no conclusion alone,0,new
EMAIL-433,FAM-1135,,05/20/2022 09:55:00 -0700,Nina Alvarez <nalvarez@alderpointpartners.com>,Tom Reyes <treyes@alderpointpartners.com>; Priya Shah <pshah@alderpointpartners.com>,Kevin Tran,filing-receipt,KW payment ledger — Clearwater,J,EVT-J-36,intent join input (dates only); KW option+app+ledger+Nina — no conclusion alone,0,new
EMAIL-434,FAM-1136,,07/11/2022 16:00:00 -0700,Nina Alvarez <nalvarez@alderpointpartners.com>,Tom Reyes <treyes@alderpointpartners.com>,Sarah Nguyen,survey-field-sheet,KW payment ledger — Clearwater,J,EVT-J-32,intent join input (dates only); KW option+app+ledger+Nina — no conclusion alone,0,new
EMAIL-435,FAM-1137,,01/25/2023 08:10:00 -0800,Nina Alvarez <nalvarez@alderpointpartners.com>,Tom Reyes <treyes@alderpointpartners.com>,Priya Shah,filing-receipt,Clearwater file note — dates log (no conclusion),J,EVT-J-06,dates log only; intent framing Aug 2023 (141),0,new
EMAIL-436,FAM-1137,EMAIL-435,12/10/2023 17:05:00 -0800,Grace Lin <glin@llassociates.com>,Dana Whitaker <dwhitaker@whitakerforensic.com>,Nina Alvarez,email,KW option agreement — KW-02 (dated post-3/16/22),J,EVT-J-27,intent join input (dates only); KW option+app+ledger+Nina — no conclusion alone,0,new
EMAIL-437,FAM-1138,,09/13/2022 14:25:00 -0700,Nina Alvarez <nalvarez@alderpointpartners.com>,Tom Reyes <treyes@alderpointpartners.com>,Elena Marlowe,email,Handoff note — Clearwater files complete,J,EVT-J-26,intent join input (dates only); KW option+app+ledger+Nina — no conclusion alone,0,new
EMAIL-438,FAM-1139,,07/05/2023 14:55:00 -0700,Grace Lin <glin@llassociates.com>,Tom Reyes <treyes@alderpointpartners.com>,A Patel,bank-record,Clearwater file status note (interim),J,EVT-J-03,interim status; complete-handoff is Jun 29 (198),0,new
EMAIL-439,FAM-1140,,05/02/2022 11:45:00 -0700,Tom Reyes <treyes@alderpointpartners.com>,Priya Shah <pshah@alderpointpartners.com>,A Patel,email,Nina Clearwater correspondence — Route 97,J,EVT-J-11,intent join input (dates only); KW option+app+ledger+Nina — no conclusion alone,2,new
EMAIL-440,FAM-1141,,09/11/2022 17:45:00 -0700,Nina Alvarez <nalvarez@alderpointpartners.com>,Tom Reyes <treyes@alderpointpartners.com>,Kevin Tran,bank-record,KW option agreement — KW-01 (dated post-3/16/22),J,EVT-J-18,intent join input (dates only); KW option+app+ledger+Nina — no conclusion alone,0,new
EMAIL-441,FAM-1142,,05/25/2023 11:25:00 -0700,Nina Alvarez <nalvarez@alderpointpartners.com>,Tom Reyes <treyes@alderpointpartners.com>,Wendy Park,email,KW credit application — KW-01,J,EVT-J-17,KW application packet (Alder channel; counsel does not file applications),0,new
EMAIL-442,FAM-1143,,10/02/2023 14:40:00 -0700,Tom Reyes <treyes@alderpointpartners.com>,Dana Whitaker <dwhitaker@whitakerforensic.com>,Robert Denniston,email,KW credit application — KW-02,J,EVT-J-02,intent join input (dates only); KW option+app+ledger+Nina — no conclusion alone [Nina departed Jun 30 (061/082); reassigned to active custodian],0,new
EMAIL-443,FAM-1137,EMAIL-435,10/07/2023 10:40:00 -0700,Alan Brooks <abrooks@llassociates.com>,Grace Lin <glin@llassociates.com>,John Ellery,email,KW payment ledger — Clearwater,J,EVT-J-18,compilation at counsel direction; Nina departed Jun 30,0,new
EMAIL-444,FAM-1144,,12/20/2022 10:15:00 -0800,Nina Alvarez <nalvarez@alderpointpartners.com>,Tom Reyes <treyes@alderpointpartners.com>,Tom Reyes,email,KW payment ledger — Clearwater,J,EVT-J-29,intent join input (dates only); KW option+app+ledger+Nina — no conclusion alone,0,new
EMAIL-445,FAM-1775,EMAIL-413,04/02/2022 09:30:00 -0700,Tom Reyes <treyes@alderpointpartners.com>,Priya Shah <pshah@alderpointpartners.com>,Alan Brooks,email,Clearwater file note — dates log (no conclusion),J,EVT-J-06,dates log only; intent framing begins Aug 2023 (141),0,new
EMAIL-446,FAM-1145,,09/15/2023 16:10:00 -0700,Tom Reyes <treyes@alderpointpartners.com>,Priya Shah <pshah@alderpointpartners.com>,HR,email,KW option agreement — KW-01 (dated post-3/16/22),J,EVT-J-10,KW option record (Alder channel; counsel does not draft options),0,new
EMAIL-447,FAM-1146,,12/17/2022 08:25:00 -0800,Tom Reyes <treyes@alderpointpartners.com>,Priya Shah <pshah@alderpointpartners.com>,Dan Osei,memo,Nina Clearwater correspondence — Route 97,J,EVT-J-20,intent join input (dates only); KW option+app+ledger+Nina — no conclusion alone,0,new
EMAIL-448,FAM-1147,,03/26/2023 13:50:00 -0700,Tom Reyes <treyes@alderpointpartners.com>,Nina Alvarez <nalvarez@alderpointpartners.com>,Craig Sato,pdf-record,Clearwater file note — dates log (no conclusion),J,EVT-J-38,dates log only; intent framing Aug 2023 (141),0,new
EMAIL-449,FAM-1148,,09/29/2022 10:45:00 -0700,Tom Reyes <treyes@alderpointpartners.com>,Priya Shah <pshah@alderpointpartners.com>; Nina Alvarez <nalvarez@alderpointpartners.com>,John Ellery,board-record,KW credit application — KW-02,J,EVT-J-08,intent join input (dates only); KW option+app+ledger+Nina — no conclusion alone,0,new
EMAIL-450,FAM-1149,,10/24/2023 10:20:00 -0700,Grace Lin <glin@llassociates.com>,Alan Brooks <abrooks@llassociates.com>,John Ellery,email,Clearwater file receipt note — review (internal),J,EVT-J-03,review-channel receipt; Kovel agent not looped on admin,0,new
EMAIL-451,FAM-1150,,07/04/2023 11:55:00 -0700,Robert Denniston <rdenniston@cascadetimber.com>,Owen Larsen <olarsen@larsentaxadvisory.com>,Brenda Moss,email,Escrow statement — cash proceeds (discounted),B,EVT-B-21,money join (face vs cash vs fees); gross-face rule; auditor reliance,0,new
EMAIL-452,FAM-1151,,04/14/2023 17:30:00 -0700,Brenda Moss <bmoss@mosslane-cpa.com>,T Kim <tkim@mosslane-cpa.com>,Craig Sato,spreadsheet,Certificate listing — NW-04 (audit support request),B,EVT-B-02,auditor support request; auditors do not issue certificates,0,new
EMAIL-453,FAM-1152,,09/10/2023 11:05:00 -0700,Craig Sato <csato@cascadetimber.com>,Robert Denniston <rdenniston@cascadetimber.com>,Tom Reyes,certificate,Certificate listing review — NW-03 (close support),B,EVT-B-27,listing review; no issuance asserted,0,new
EMAIL-454,FAM-1153,,02/08/2023 09:40:00 -0800,Robert Denniston <rdenniston@cascadetimber.com>,Priya Shah <pshah@alderpointpartners.com>,Hannah Cole,board-record,Parcel credit build — NW-03 (face),B,EVT-B-08,money join (face vs cash vs fees); gross-face rule; auditor reliance,0,new
EMAIL-455,FAM-1168,EMAIL-590,05/11/2022 11:55:00 -0700,Owen Larsen <olarsen@larsentaxadvisory.com>,Priya Shah <pshah@alderpointpartners.com>,Wendy Park,email,Escrow statement — cash proceeds (discounted),B,EVT-B-01,money join (face vs cash vs fees); gross-face rule; auditor reliance,1,new
EMAIL-456,FAM-1154,,08/05/2023 13:55:00 -0700,Owen Larsen <olarsen@larsentaxadvisory.com>,Craig Sato <csato@cascadetimber.com>,Human Resources,certificate,Provision disclosure draft — Larsen,B,EVT-B-34,provision support on business channel; vendors do not coordinate outside counsel channel,0,new
EMAIL-457,FAM-1155,,06/03/2023 11:30:00 -0700,Robert Denniston <rdenniston@cascadetimber.com>,Owen Larsen <olarsen@larsentaxadvisory.com>,Craig Sato,email,Audit planning note — interim procedures (Moss & Lane),B,EVT-B-19,planning note; exam-era contingency develops,1,new
EMAIL-458,FAM-1156,,09/26/2023 14:40:00 -0700,Dana Whitaker <dwhitaker@whitakerforensic.com>,Grace Lin <glin@llassociates.com>,Grace Lin,email,Wire tracing analysis — fee payments (counsel-directed),B,EVT-B-06,Kovel analysis; forensic does not issue confirmations,0,new
EMAIL-459,FAM-1157,,07/27/2022 09:20:00 -0700,Robert Denniston <rdenniston@cascadetimber.com>,Craig Sato <csato@cascadetimber.com>,Dan Osei,email,Escrow statement — cash proceeds (discounted),B,EVT-B-13,money join (face vs cash vs fees); gross-face rule; auditor reliance,0,new
EMAIL-460,FAM-1158,,02/05/2022 11:50:00 -0800,Craig Sato <csato@cascadetimber.com>,Owen Larsen <olarsen@larsentaxadvisory.com>; T Kim <tkim@mosslane-cpa.com>,Derek Holt,spreadsheet,Parcel credit build — NW-08 (face),B,EVT-B-13,money join (face vs cash vs fees); gross-face rule; auditor reliance,0,new
EMAIL-461,FAM-1159,,12/11/2023 10:00:00 -0800,Craig Sato <csato@cascadetimber.com>,Brenda Moss <bmoss@mosslane-cpa.com>,Priya Shah,email,Escrow statement — cash proceeds (discounted),B,EVT-B-28,money join (face vs cash vs fees); gross-face rule; auditor reliance,0,new
EMAIL-462,FAM-1175,EMAIL-554,02/16/2022 08:00:00 -0800,Owen Larsen <olarsen@larsentaxadvisory.com>,Priya Shah <pshah@alderpointpartners.com>,Nina Alvarez,email,Parcel credit build — NW-05 (face),B,EVT-B-38,money join (face vs cash vs fees); gross-face rule; auditor reliance,1,new
EMAIL-463,FAM-1160,,11/23/2022 11:35:00 -0800,Robert Denniston <rdenniston@cascadetimber.com>,T Kim <tkim@mosslane-cpa.com>,Kevin Tran,filing-receipt,Wire confirmation — fee payment (6%/8% expensed),B,EVT-B-10,money join (face vs cash vs fees); gross-face rule; auditor reliance,0,new
EMAIL-464,FAM-1161,,11/10/2022 09:00:00 -0800,Brenda Moss <bmoss@mosslane-cpa.com>,Craig Sato <csato@cascadetimber.com>,Tom Reyes,email,Parcel credit build — NW-04 (face),B,EVT-B-32,money join (face vs cash vs fees); gross-face rule; auditor reliance,0,new
EMAIL-465,FAM-1162,,12/23/2021 14:40:00 -0800,Brenda Moss <bmoss@mosslane-cpa.com>,Robert Denniston <rdenniston@cascadetimber.com>,Brenda Moss,email,Audit planning — Coastal Solar scoping (pre-launch),B,EVT-B-11,audit planning record; no findings; Moss & Lane channel opens,0,new
EMAIL-466,FAM-1163,,12/04/2022 11:05:00 -0800,Owen Larsen <olarsen@larsentaxadvisory.com>,T Kim <tkim@mosslane-cpa.com>,Priya Shah,email,Audit planning note — interim procedures (Moss & Lane),B,EVT-B-15,planning only; no contingency language,0,new
EMAIL-467,FAM-1164,,03/23/2023 17:35:00 -0700,Owen Larsen <olarsen@larsentaxadvisory.com>,T Kim <tkim@mosslane-cpa.com>,Human Resources,email,GL support schedule — placement face value,B,EVT-B-06,support schedule for provision/audit work,1,new
EMAIL-468,FAM-1165,,10/16/2023 16:40:00 -0700,Owen Larsen <olarsen@larsentaxadvisory.com>,T Kim <tkim@mosslane-cpa.com>,John Ellery,survey-field-sheet,Provision disclosure draft — Larsen,B,EVT-B-18,money join (face vs cash vs fees); gross-face rule; auditor reliance,0,new
EMAIL-469,FAM-1166,,12/04/2022 15:05:00 -0800,Brenda Moss <bmoss@mosslane-cpa.com>,Priya Shah <pshah@alderpointpartners.com>,Wendy Park,email,Certificate listing — NW-04 (audit support request),B,EVT-B-31,auditor support request; auditors do not issue certificates,0,new
EMAIL-470,FAM-1175,EMAIL-462,06/05/2022 08:20:00 -0700,Robert Denniston <rdenniston@cascadetimber.com>,Brenda Moss <bmoss@mosslane-cpa.com>,Jay Whitfield,email,Rate card — batch 6,B,EVT-B-40,money join (face vs cash vs fees); gross-face rule; auditor reliance,0,new
EMAIL-471,FAM-1167,,12/10/2021 11:30:00 -0800,Brenda Moss <bmoss@mosslane-cpa.com>,T Kim <tkim@mosslane-cpa.com>,Brenda Moss,bank-record,Audit planning — Coastal Solar scoping (pre-launch),B,EVT-B-19,audit planning record; no findings; Moss & Lane channel opens,0,new
EMAIL-472,FAM-1251,EMAIL-584,03/28/2022 10:45:00 -0700,Craig Sato <csato@cascadetimber.com>,Brenda Moss <bmoss@mosslane-cpa.com>,Kevin Tran,email,Audit planning note — interim procedures (Moss & Lane),B,EVT-B-16,planning only; no contingency language in-period,0,new
EMAIL-473,FAM-1168,,11/05/2023 09:30:00 -0800,Robert Denniston <rdenniston@cascadetimber.com>,Brenda Moss <bmoss@mosslane-cpa.com>; Craig Sato <csato@cascadetimber.com>,Human Resources,email,Escrow statement — cash proceeds (discounted),B,EVT-B-19,money join (face vs cash vs fees); gross-face rule; auditor reliance,0,new
EMAIL-474,FAM-1169,,12/28/2021 10:20:00 -0800,Owen Larsen <olarsen@larsentaxadvisory.com>,T Kim <tkim@mosslane-cpa.com>; Brenda Moss <bmoss@mosslane-cpa.com>,HR,email,GL entry — placement face value,B,EVT-B-35,money join (face vs cash vs fees); gross-face rule; auditor reliance,0,new
EMAIL-475,FAM-1170,,10/14/2022 11:25:00 -0700,Craig Sato <csato@cascadetimber.com>,Owen Larsen <olarsen@larsentaxadvisory.com>,IT Notifications,pdf-record,Rate card — batch 3,B,EVT-B-18,money join (face vs cash vs fees); gross-face rule; auditor reliance,0,new
EMAIL-476,FAM-1171,,02/14/2023 08:10:00 -0800,Owen Larsen <olarsen@larsentaxadvisory.com>,Brenda Moss <bmoss@mosslane-cpa.com>,Human Resources,email,Parcel credit build — NW-02 (face),B,EVT-B-38,money join (face vs cash vs fees); gross-face rule; auditor reliance,2,new
EMAIL-477,FAM-1172,,09/02/2023 08:55:00 -0700,Robert Denniston <rdenniston@cascadetimber.com>,Craig Sato <csato@cascadetimber.com>,Mia Chen,email,Provision disclosure draft — Larsen,B,EVT-B-05,money join (face vs cash vs fees); gross-face rule; auditor reliance,0,new
EMAIL-478,FAM-1173,,07/22/2023 10:25:00 -0700,T Kim <tkim@mosslane-cpa.com>,Craig Sato <csato@cascadetimber.com>,Dana Whitaker,email,Parcel credit build — NW-03 (face),B,EVT-B-22,money join (face vs cash vs fees); gross-face rule; auditor reliance,0,new
EMAIL-479,FAM-1170,EMAIL-475,06/26/2023 10:20:00 -0700,Owen Larsen <olarsen@larsentaxadvisory.com>,T Kim <tkim@mosslane-cpa.com>,Priya Shah,certificate,Rate card — batch 6,B,EVT-B-11,money join (face vs cash vs fees); gross-face rule; auditor reliance,0,new
EMAIL-480,FAM-1174,,12/15/2023 14:05:00 -0800,Robert Denniston <rdenniston@cascadetimber.com>,Craig Sato <csato@cascadetimber.com>,Priya Shah,survey-field-sheet,Wire confirmation — fee payment (6%/8% expensed),B,EVT-B-11,money join (face vs cash vs fees); gross-face rule; auditor reliance,0,new
EMAIL-481,FAM-1175,,07/17/2022 10:30:00 -0700,Robert Denniston <rdenniston@cascadetimber.com>,T Kim <tkim@mosslane-cpa.com>,Brenda Moss,email,GL entry — placement face value,B,EVT-B-27,money join (face vs cash vs fees); gross-face rule; auditor reliance,0,new
EMAIL-482,FAM-1176,,09/10/2022 08:05:00 -0700,Robert Denniston <rdenniston@cascadetimber.com>,T Kim <tkim@mosslane-cpa.com>,A Patel,email,GL entry — placement face value,B,EVT-B-10,money join (face vs cash vs fees); gross-face rule; auditor reliance,0,new
EMAIL-483,FAM-1177,,11/03/2022 08:10:00 -0800,Robert Denniston <rdenniston@cascadetimber.com>,Craig Sato <csato@cascadetimber.com>,Hannah Cole,memo,Provision disclosure draft — Larsen,B,EVT-B-39,money join (face vs cash vs fees); gross-face rule; auditor reliance,0,new
EMAIL-484,FAM-1178,,11/02/2022 14:20:00 -0800,T Kim <tkim@mosslane-cpa.com>,Owen Larsen <olarsen@larsentaxadvisory.com>,Sarah Nguyen,email,Rate card — batch 5,B,EVT-B-25,money join (face vs cash vs fees); gross-face rule; auditor reliance,1,new
EMAIL-485,FAM-1179,,09/15/2023 14:20:00 -0700,Craig Sato <csato@cascadetimber.com>,Dana Whitaker <dwhitaker@whitakerforensic.com>,Human Resources,bank-record,Wire confirmation — fee payment (6%/8% expensed),B,EVT-B-33,money join (face vs cash vs fees); gross-face rule; auditor reliance,0,new
EMAIL-486,FAM-1180,,08/09/2023 14:15:00 -0700,Robert Denniston <rdenniston@cascadetimber.com>,T Kim <tkim@mosslane-cpa.com>,John Ellery,email,Parcel credit build — NW-08 (face),B,EVT-B-25,money join (face vs cash vs fees); gross-face rule; auditor reliance,0,new
EMAIL-487,FAM-1181,,11/19/2023 17:20:00 -0800,Brenda Moss <bmoss@mosslane-cpa.com>,Dana Whitaker <dwhitaker@whitakerforensic.com>,Dan Osei,email,Escrow reconciliation inquiry — cash proceeds (audit),B,EVT-B-34,audit inquiry; auditors do not issue statements,2,new
EMAIL-488,FAM-1182,,12/06/2021 09:15:00 -0800,Craig Sato <csato@cascadetimber.com>,Robert Denniston <rdenniston@cascadetimber.com>,Mia Chen,filing-receipt,Rate card — batch 3,B,EVT-B-17,money join (face vs cash vs fees); gross-face rule; auditor reliance,0,new
EMAIL-489,FAM-1183,,05/21/2023 14:00:00 -0700,Craig Sato <csato@cascadetimber.com>,Robert Denniston <rdenniston@cascadetimber.com>,Alan Brooks,email,Parcel credit build — NW-02 (face),B,EVT-B-14,Whitaker not yet engaged (Jul 28); review-team distribution only,0,new
EMAIL-490,FAM-1184,,02/27/2023 11:15:00 -0800,Robert Denniston <rdenniston@cascadetimber.com>,Craig Sato <csato@cascadetimber.com>,Wendy Park,email,Rate card — batch 1,B,EVT-B-40,Whitaker not yet engaged (Jul 28); review-team distribution only,0,new
EMAIL-491,FAM-1185,,06/09/2023 11:20:00 -0700,T Kim <tkim@mosslane-cpa.com>,Robert Denniston <rdenniston@cascadetimber.com>; Brenda Moss <bmoss@mosslane-cpa.com>,Human Resources,spreadsheet,Parcel credit build — NW-06 (face),B,EVT-B-12,money join (face vs cash vs fees); gross-face rule; auditor reliance,0,new
EMAIL-492,FAM-1186,,07/16/2023 10:15:00 -0700,Robert Denniston <rdenniston@cascadetimber.com>,Owen Larsen <olarsen@larsentaxadvisory.com>,Derek Holt,email,Tax position draft — Larsen (exam planning),B,EVT-B-01,exam-era planning draft; Q3 support begins Aug 1,1,new
EMAIL-493,FAM-1237,EMAIL-562,09/26/2023 19:40:00 -0700,T Kim <tkim@mosslane-cpa.com>,Robert Denniston <rdenniston@cascadetimber.com>,HR,email,Rate card — batch 6,B,EVT-B-18,money join (face vs cash vs fees); gross-face rule; auditor reliance,0,new
EMAIL-494,FAM-1187,,03/29/2022 08:30:00 -0700,Robert Denniston <rdenniston@cascadetimber.com>,Priya Shah <pshah@alderpointpartners.com>,Craig Sato,board-record,Rate card — batch 3,B,EVT-B-29,money join (face vs cash vs fees); gross-face rule; auditor reliance,0,new
EMAIL-495,FAM-1242,EMAIL-571,03/28/2023 15:50:00 -0700,T Kim <tkim@mosslane-cpa.com>,Brenda Moss <bmoss@mosslane-cpa.com>,Robert Denniston,email,Parcel credit build — NW-03 (face),B,EVT-B-24,Whitaker not yet engaged (Jul 28); review-team distribution only,2,new
EMAIL-496,FAM-1188,,02/06/2023 08:25:00 -0800,Owen Larsen <olarsen@larsentaxadvisory.com>,Priya Shah <pshah@alderpointpartners.com>,Hannah Cole,board-record,Wire confirmation — fee payment (6%/8% expensed),B,EVT-B-18,money join (face vs cash vs fees); gross-face rule; auditor reliance,0,new
EMAIL-497,FAM-1235,EMAIL-560,06/26/2023 08:15:00 -0700,Craig Sato <csato@cascadetimber.com>,Owen Larsen <olarsen@larsentaxadvisory.com>,Robert Denniston,email,Wire confirmation — fee payment (6%/8% expensed),B,EVT-B-36,money join (face vs cash vs fees); gross-face rule; auditor reliance,0,new
EMAIL-498,FAM-1189,,08/25/2023 14:30:00 -0700,T Kim <tkim@mosslane-cpa.com>,Brenda Moss <bmoss@mosslane-cpa.com>,Dan Osei,survey-field-sheet,Provision support schedule — Larsen (audit),B,EVT-B-09,audit-channel schedule; vendors do not coordinate outside counsel channel,0,new
EMAIL-499,FAM-1150,EMAIL-451,07/27/2023 10:20:00 -0700,Owen Larsen <olarsen@larsentaxadvisory.com>,Brenda Moss <bmoss@mosslane-cpa.com>,IT Notifications,email,Parcel credit build — NW-07 (face),B,EVT-B-17,money join (face vs cash vs fees); gross-face rule; auditor reliance; near-dupe/version test,0,new
EMAIL-500,FAM-1190,,03/23/2023 16:45:00 -0700,T Kim <tkim@mosslane-cpa.com>,Craig Sato <csato@cascadetimber.com>,Dana Whitaker,email,Escrow reconciliation support — cash proceeds (discounted),B,EVT-B-34,reconciliation support schedule; no statement asserted,0,new
EMAIL-501,FAM-1162,EMAIL-465,07/11/2022 09:40:00 -0700,Craig Sato <csato@cascadetimber.com>,Robert Denniston <rdenniston@cascadetimber.com>; Owen Larsen <olarsen@larsentaxadvisory.com>,IT Notifications,email,Provision disclosure draft — Larsen,B,EVT-B-01,money join (face vs cash vs fees); gross-face rule; auditor reliance,0,new
EMAIL-502,FAM-1175,EMAIL-554,08/25/2022 13:30:00 -0700,Owen Larsen <olarsen@larsentaxadvisory.com>,Robert Denniston <rdenniston@cascadetimber.com>,Dana Whitaker,email,Parcel credit build — NW-01 (face),B,EVT-B-13,money join (face vs cash vs fees); gross-face rule; auditor reliance,0,new
EMAIL-503,FAM-1191,,06/06/2022 15:20:00 -0700,Owen Larsen <olarsen@larsentaxadvisory.com>,Priya Shah <pshah@alderpointpartners.com>,Dan Osei,board-record,Audit planning note — interim procedures (Moss & Lane),B,EVT-B-05,planning only; no contingency language in-period,0,new
EMAIL-504,FAM-1192,,05/01/2023 08:40:00 -0700,Robert Denniston <rdenniston@cascadetimber.com>,Brenda Moss <bmoss@mosslane-cpa.com>,Sarah Nguyen,memo,Rate card — batch 5,B,EVT-B-33,money join (face vs cash vs fees); gross-face rule; auditor reliance,0,new
EMAIL-505,FAM-1175,EMAIL-502,09/12/2022 08:45:00 -0700,Craig Sato <csato@cascadetimber.com>,Robert Denniston <rdenniston@cascadetimber.com>,Robert Denniston,email,Provision disclosure draft — Larsen,B,EVT-B-07,money join (face vs cash vs fees); gross-face rule; auditor reliance,0,new
EMAIL-506,FAM-1193,,01/17/2023 10:50:00 -0800,Brenda Moss <bmoss@mosslane-cpa.com>,Craig Sato <csato@cascadetimber.com>,A Patel,email,GL support request — placement face value (audit inquiry),B,EVT-B-33,audit inquiry; auditors do not book entries,0,new
EMAIL-507,FAM-1230,EMAIL-553,01/03/2023 10:40:00 -0800,Robert Denniston <rdenniston@cascadetimber.com>,Brenda Moss <bmoss@mosslane-cpa.com>; Priya Shah <pshah@alderpointpartners.com>,Facilities,email,Rate card — batch 4,B,EVT-B-02,money join (face vs cash vs fees); gross-face rule; auditor reliance,0,new
EMAIL-508,FAM-1194,,08/13/2023 14:50:00 -0700,Robert Denniston <rdenniston@cascadetimber.com>,Owen Larsen <olarsen@larsentaxadvisory.com>,HR,email,Escrow statement — cash proceeds (discounted),B,EVT-B-34,money join (face vs cash vs fees); gross-face rule; auditor reliance,1,new
EMAIL-509,FAM-1195,,05/09/2023 15:00:00 -0700,Craig Sato <csato@cascadetimber.com>,Robert Denniston <rdenniston@cascadetimber.com>,Human Resources,email,Audit planning note — interim procedures (Moss & Lane),B,EVT-B-02,Whitaker not yet engaged (Jul 28); review-team distribution only,0,new
EMAIL-510,FAM-1196,,10/05/2023 15:30:00 -0700,Owen Larsen <olarsen@larsentaxadvisory.com>,Robert Denniston <rdenniston@cascadetimber.com>,Nina Alvarez,email,Parcel credit build — NW-05 (face),B,EVT-B-28,money join (face vs cash vs fees); gross-face rule; auditor reliance,2,new
EMAIL-511,FAM-1197,,08/26/2022 14:10:00 -0700,Owen Larsen <olarsen@larsentaxadvisory.com>,Robert Denniston <rdenniston@cascadetimber.com>,Elena Marlowe,email,Audit planning note — interim procedures (Moss & Lane),B,EVT-B-30,planning only; no contingency language,0,new
EMAIL-512,FAM-1198,,07/03/2023 08:20:00 -0700,Owen Larsen <olarsen@larsentaxadvisory.com>,Brenda Moss <bmoss@mosslane-cpa.com>,John Ellery,email,Rate card — batch 4,B,EVT-B-36,money join (face vs cash vs fees); gross-face rule; auditor reliance,2,new
EMAIL-513,FAM-1199,,07/18/2023 16:15:00 -0700,Brenda Moss <bmoss@mosslane-cpa.com>,Robert Denniston <rdenniston@cascadetimber.com>,Tom Reyes,email,GL support schedule — placement face value (audit inquiry),B,EVT-B-12,audit inquiry; auditors do not book entries,0,new
EMAIL-514,FAM-1175,EMAIL-462,02/18/2023 09:30:00 -0800,T Kim <tkim@mosslane-cpa.com>,Brenda Moss <bmoss@mosslane-cpa.com>,Nina Alvarez,email,GL support schedule — placement face value,B,EVT-B-38,support schedule for provision/audit work,0,new
EMAIL-515,FAM-1185,EMAIL-491,06/15/2023 10:50:00 -0700,Brenda Moss <bmoss@mosslane-cpa.com>,Robert Denniston <rdenniston@cascadetimber.com>,Craig Sato,email,Rate card — batch 5,B,EVT-B-05,money join (face vs cash vs fees); gross-face rule; auditor reliance,0,new
EMAIL-516,FAM-1200,,09/04/2022 14:30:00 -0700,Robert Denniston <rdenniston@cascadetimber.com>,Priya Shah <pshah@alderpointpartners.com>,Jay Whitfield,memo,Rate card — batch 6,B,EVT-B-22,money join (face vs cash vs fees); gross-face rule; auditor reliance,0,new
EMAIL-517,FAM-1201,,12/18/2021 16:10:00 -0800,Robert Denniston <rdenniston@cascadetimber.com>,T Kim <tkim@mosslane-cpa.com>,Sarah Nguyen,spreadsheet,Credit build worksheet (draft) — NW-08,B,EVT-B-14,pre-launch draft build; face-value math only; no issuance,0,new
EMAIL-518,FAM-1202,,05/18/2022 11:35:00 -0700,Craig Sato <csato@cascadetimber.com>,Priya Shah <pshah@alderpointpartners.com>,Marcus Webb,filing-receipt,Rate card — batch 4,B,EVT-B-37,money join (face vs cash vs fees); gross-face rule; auditor reliance; alias-variant test,0,new
EMAIL-519,FAM-1203,,09/10/2023 15:45:00 -0700,Craig Sato <csato@cascadetimber.com>,Owen Larsen <olarsen@larsentaxadvisory.com>,A Patel,board-record,Rate card — batch 2,B,EVT-B-09,money join (face vs cash vs fees); gross-face rule; auditor reliance,0,new
EMAIL-520,FAM-1204,,06/04/2023 11:20:00 -0700,Owen Larsen <olarsen@larsentaxadvisory.com>,T Kim <tkim@mosslane-cpa.com>,Robert Denniston,email,Tax position draft — Larsen,B,EVT-B-08,early planning draft; disclosure matures with exam,0,new
EMAIL-521,FAM-1205,,03/12/2023 11:20:00 -0700,Brenda Moss <bmoss@mosslane-cpa.com>,Owen Larsen <olarsen@larsentaxadvisory.com>,Elena Marlowe,email,Certificate listing — NW-02 (audit support request),B,EVT-B-05,auditor support request; auditors do not issue certificates,0,new
EMAIL-522,FAM-1206,,11/04/2022 08:50:00 -0800,Robert Denniston <rdenniston@cascadetimber.com>,Craig Sato <csato@cascadetimber.com>,Wendy Park,email,Rate card — batch 5,B,EVT-B-32,money join (face vs cash vs fees); gross-face rule; auditor reliance; near-dupe/version test,0,new
EMAIL-523,FAM-1207,,02/24/2023 16:20:00 -0800,Owen Larsen <olarsen@larsentaxadvisory.com>,Craig Sato <csato@cascadetimber.com>,IT Notifications,survey-field-sheet,Escrow reconciliation support — cash proceeds (discounted),B,EVT-B-03,reconciliation support schedule; no statement asserted,0,new
EMAIL-524,FAM-1208,,08/25/2023 09:25:00 -0700,Craig Sato <csato@cascadetimber.com>,Robert Denniston <rdenniston@cascadetimber.com>,Frank Delgado,email,Escrow statement — cash proceeds (discounted),B,EVT-B-20,money join (face vs cash vs fees); gross-face rule; auditor reliance,0,new
EMAIL-525,FAM-1161,EMAIL-464,05/08/2023 14:25:00 -0700,Brenda Moss <bmoss@mosslane-cpa.com>,Craig Sato <csato@cascadetimber.com>,Wendy Park,email,Tax position draft — Larsen,B,EVT-B-17,early planning draft; disclosure language develops with exam,1,new
EMAIL-526,FAM-1209,,08/11/2023 10:45:00 -0700,T Kim <tkim@mosslane-cpa.com>,Brenda Moss <bmoss@mosslane-cpa.com>,Priya Shah,email,Certificate listing — NW-03 (audit support request),B,EVT-B-17,auditor support request; auditors do not issue certificates,0,new
EMAIL-527,FAM-1213,EMAIL-532,07/24/2022 10:35:00 -0700,Craig Sato <csato@cascadetimber.com>,Owen Larsen <olarsen@larsentaxadvisory.com>; Priya Shah <pshah@alderpointpartners.com>,IT Notifications,email,Audit planning note — interim procedures (Moss & Lane),B,EVT-B-27,planning only; no contingency language,0,new
EMAIL-528,FAM-1222,EMAIL-544,05/26/2023 10:30:00 -0700,Owen Larsen <olarsen@larsentaxadvisory.com>,Craig Sato <csato@cascadetimber.com>,Brenda Moss,email,Tax position draft — Larsen,B,EVT-B-20,early planning draft; disclosure matures with exam,0,new
EMAIL-529,FAM-1210,,09/10/2023 10:10:00 -0700,Dana Whitaker <dwhitaker@whitakerforensic.com>,Grace Lin <glin@llassociates.com>,Grace Lin,bank-record,Wire tracing analysis — fee payments (counsel-directed),B,EVT-B-21,Kovel analysis; forensic does not issue confirmations,0,new
EMAIL-530,FAM-1211,,05/07/2023 11:40:00 -0700,Owen Larsen <olarsen@larsentaxadvisory.com>,T Kim <tkim@mosslane-cpa.com>,Grace Lin,spreadsheet,Tax position draft — Larsen,B,EVT-B-05,early planning draft; disclosure language develops with exam,0,new
EMAIL-531,FAM-1212,,09/10/2023 15:35:00 -0700,Brenda Moss <bmoss@mosslane-cpa.com>,Robert Denniston <rdenniston@cascadetimber.com>,Robert Denniston,bank-record,Provision disclosure support — Larsen (audit inquiry),B,EVT-B-08,audit inquiry; auditors do not issue provision memos,0,new
EMAIL-532,FAM-1213,,11/11/2021 10:05:00 -0800,Brenda Moss <bmoss@mosslane-cpa.com>,Brenda Moss <bmoss@mosslane-cpa.com>,Brenda Moss,email,Audit planning — Coastal Solar scoping (pre-launch),B,EVT-B-16,audit planning record; no findings; Moss & Lane channel opens,0,new
EMAIL-533,FAM-1214,,12/28/2021 09:15:00 -0800,Craig Sato <csato@cascadetimber.com>,Priya Shah <pshah@alderpointpartners.com>,IT Notifications,email,Provision disclosure draft — Larsen,B,EVT-B-30,money join (face vs cash vs fees); gross-face rule; auditor reliance,0,new
EMAIL-534,FAM-1215,,05/09/2023 13:40:00 -0700,Robert Denniston <rdenniston@cascadetimber.com>,Brenda Moss <bmoss@mosslane-cpa.com>,John Ellery,board-record,GL entry — placement face value,B,EVT-B-01,money join (face vs cash vs fees); gross-face rule; auditor reliance,0,new
EMAIL-535,FAM-1216,,07/27/2023 15:10:00 -0700,T Kim <tkim@mosslane-cpa.com>,Robert Denniston <rdenniston@cascadetimber.com>,Priya Shah,filing-receipt,Escrow reconciliation support — cash proceeds (audit inquiry),B,EVT-B-03,audit inquiry; auditors do not issue statements,0,new
EMAIL-536,FAM-1217,,05/14/2023 08:30:00 -0700,Robert Denniston <rdenniston@cascadetimber.com>,Craig Sato <csato@cascadetimber.com>,Derek Holt,email,Audit planning note — interim procedures (Moss & Lane),B,EVT-B-05,planning only; no contingency language pre-exam,0,new
EMAIL-537,FAM-1218,,04/19/2023 08:00:00 -0700,Owen Larsen <olarsen@larsentaxadvisory.com>,T Kim <tkim@mosslane-cpa.com>,Derek Holt,bank-record,GL support schedule — placement face value (provision support),B,EVT-B-25,support schedule; no booking asserted,0,new
EMAIL-538,FAM-1219,,12/06/2023 15:50:00 -0800,Owen Larsen <olarsen@larsentaxadvisory.com>,Brenda Moss <bmoss@mosslane-cpa.com>,Dana Whitaker,email,Provision disclosure draft — Larsen,B,EVT-B-38,money join (face vs cash vs fees); gross-face rule; auditor reliance,0,new
EMAIL-539,FAM-1159,EMAIL-502,12/19/2022 11:20:00 -0800,T Kim <tkim@mosslane-cpa.com>,Craig Sato <csato@cascadetimber.com>,Marcus Webb,filing-receipt,Escrow reconciliation inquiry — cash proceeds (audit),B,EVT-B-16,audit inquiry; auditors do not issue statements,0,new
EMAIL-540,FAM-1220,,08/06/2023 10:05:00 -0700,Dana Whitaker <dwhitaker@whitakerforensic.com>,Grace Lin <glin@llassociates.com>,Grace Lin,board-record,Parcel credit build — NW-03 (face),B,EVT-B-21,Kovel build for counsel; Whitaker reports only to L&L,0,new
EMAIL-541,FAM-1168,EMAIL-455,03/01/2023 08:55:00 -0700,Robert Denniston <rdenniston@cascadetimber.com>,T Kim <tkim@mosslane-cpa.com>,Jay Whitfield,email,Audit planning note — interim procedures (Moss & Lane),B,EVT-B-36,planning only; no contingency language,0,new
EMAIL-542,FAM-1221,,09/15/2023 14:15:00 -0700,Brenda Moss <bmoss@mosslane-cpa.com>,Owen Larsen <olarsen@larsentaxadvisory.com>,Human Resources,email,Auditor contingency memo — Moss & Lane,B,EVT-B-31,money join (face vs cash vs fees); gross-face rule; auditor reliance,1,new
EMAIL-543,FAM-1237,EMAIL-562,07/10/2023 08:15:00 -0700,Craig Sato <csato@cascadetimber.com>,Robert Denniston <rdenniston@cascadetimber.com>,Nina Alvarez,email,Auditor contingency memo — Moss & Lane,B,EVT-B-17,money join (face vs cash vs fees); gross-face rule; auditor reliance,0,new
EMAIL-544,FAM-1222,,05/08/2023 14:05:00 -0700,Owen Larsen <olarsen@larsentaxadvisory.com>,Craig Sato <csato@cascadetimber.com>,Facilities,email,Parcel credit build — NW-07 (face),B,EVT-B-19,Whitaker not yet engaged (Jul 28); review-team distribution only,0,new
EMAIL-545,FAM-1223,,12/22/2022 10:40:00 -0800,Brenda Moss <bmoss@mosslane-cpa.com>,Craig Sato <csato@cascadetimber.com>,Elena Marlowe,email,Certificate listing — NW-07 (audit support request),B,EVT-B-08,auditor support request; auditors do not issue certificates,0,new
EMAIL-546,FAM-1224,,03/17/2022 08:05:00 -0700,Owen Larsen <olarsen@larsentaxadvisory.com>,Brenda Moss <bmoss@mosslane-cpa.com>,IT Notifications,email,Provision disclosure draft — Larsen,B,EVT-B-34,money join (face vs cash vs fees); gross-face rule; auditor reliance,0,new
EMAIL-547,FAM-1193,EMAIL-506,12/19/2023 13:00:00 -0800,Dana Whitaker <dwhitaker@whitakerforensic.com>,Grace Lin <glin@llassociates.com>,Grace Lin,email,Certificate tracing analysis — NW-02 (counsel-directed),B,EVT-B-02,Kovel analysis; forensic does not issue certificates,0,new
EMAIL-548,FAM-1225,,09/01/2023 17:40:00 -0700,T Kim <tkim@mosslane-cpa.com>,Robert Denniston <rdenniston@cascadetimber.com>,Wendy Park,spreadsheet,Rate card — batch 1,B,EVT-B-31,money join (face vs cash vs fees); gross-face rule; auditor reliance,0,new
EMAIL-549,FAM-1226,,06/27/2023 17:55:00 -0700,Craig Sato <csato@cascadetimber.com>,Owen Larsen <olarsen@larsentaxadvisory.com>,Dan Osei,email,Wire confirmation — fee payment (6%/8% expensed),B,EVT-B-34,money join (face vs cash vs fees); gross-face rule; auditor reliance,0,new
EMAIL-550,FAM-1227,,10/17/2022 08:10:00 -0700,Robert Denniston <rdenniston@cascadetimber.com>,Priya Shah <pshah@alderpointpartners.com>,John Ellery,email,Escrow statement — cash proceeds (discounted),B,EVT-B-21,money join (face vs cash vs fees); gross-face rule; auditor reliance,0,new
EMAIL-551,FAM-1228,,07/21/2023 13:55:00 -0700,Owen Larsen <olarsen@larsentaxadvisory.com>,Craig Sato <csato@cascadetimber.com>,Dana Whitaker,email,Provision disclosure draft — Larsen,B,EVT-B-29,Whitaker not yet engaged (Jul 28); review-team distribution only,2,new
EMAIL-552,FAM-1229,,11/26/2021 13:40:00 -0800,Owen Larsen <olarsen@larsentaxadvisory.com>,Craig Sato <csato@cascadetimber.com>,Nina Alvarez,email,Tax provision scoping — year-end close planning,B,EVT-B-21,business tax scoping; no audit conclusion; Larsen business channel,0,new
EMAIL-553,FAM-1230,,03/27/2022 08:10:00 -0700,Owen Larsen <olarsen@larsentaxadvisory.com>,T Kim <tkim@mosslane-cpa.com>; Craig Sato <csato@cascadetimber.com>,Dana Whitaker,email,Parcel credit build — NW-06 (face),B,EVT-B-29,money join (face vs cash vs fees); gross-face rule; auditor reliance,0,new
EMAIL-554,FAM-1213,EMAIL-532,12/03/2021 10:50:00 -0800,Owen Larsen <olarsen@larsentaxadvisory.com>,Priya Shah <pshah@alderpointpartners.com>,Hannah Cole,email,Parcel credit build — NW-07 (face),B,EVT-B-36,money join (face vs cash vs fees); gross-face rule; auditor reliance,0,new
EMAIL-555,FAM-1231,,04/05/2023 15:55:00 -0700,Robert Denniston <rdenniston@cascadetimber.com>,Brenda Moss <bmoss@mosslane-cpa.com>,Elena Marlowe,pdf-record,Credit certificate — NW-02,B,EVT-B-20,money join (face vs cash vs fees); gross-face rule; auditor reliance,0,new
EMAIL-556,FAM-1199,EMAIL-513,08/27/2023 16:30:00 -0700,T Kim <tkim@mosslane-cpa.com>,Brenda Moss <bmoss@mosslane-cpa.com>,Grace Lin,email,Certificate listing — NW-02 (audit support request),B,EVT-B-32,auditor support request; auditors do not issue certificates,0,new
EMAIL-557,FAM-1232,,01/18/2023 10:15:00 -0800,Craig Sato <csato@cascadetimber.com>,T Kim <tkim@mosslane-cpa.com>,Marcus Webb,email,Credit certificate — NW-07,B,EVT-B-15,money join (face vs cash vs fees); gross-face rule; auditor reliance,0,new
EMAIL-558,FAM-1233,,07/10/2022 16:05:00 -0700,Robert Denniston <rdenniston@cascadetimber.com>,T Kim <tkim@mosslane-cpa.com>,Tom Reyes,email,Escrow statement — cash proceeds (discounted),B,EVT-B-36,money join (face vs cash vs fees); gross-face rule; auditor reliance,0,new
EMAIL-559,FAM-1234,,09/14/2022 13:50:00 -0700,Owen Larsen <olarsen@larsentaxadvisory.com>,T Kim <tkim@mosslane-cpa.com>,Derek Holt,email,Wire confirmation — fee payment (6%/8% expensed),B,EVT-B-39,money join (face vs cash vs fees); gross-face rule; auditor reliance,0,new
EMAIL-560,FAM-1235,,03/15/2022 08:40:00 -0700,Robert Denniston <rdenniston@cascadetimber.com>,Craig Sato <csato@cascadetimber.com>,Nina Alvarez,email,Rate card — batch 5,B,EVT-B-10,money join (face vs cash vs fees); gross-face rule; auditor reliance,0,new
EMAIL-561,FAM-1236,,12/18/2023 11:05:00 -0800,Craig Sato <csato@cascadetimber.com>,Owen Larsen <olarsen@larsentaxadvisory.com>,Wendy Park,pdf-record,Wire confirmation — fee payment (6%/8% expensed),B,EVT-B-02,money join (face vs cash vs fees); gross-face rule; auditor reliance,0,new
EMAIL-562,FAM-1237,,12/27/2022 14:25:00 -0800,Brenda Moss <bmoss@mosslane-cpa.com>,Craig Sato <csato@cascadetimber.com>,Jay Whitfield,email,Audit planning note — interim procedures (Moss & Lane),B,EVT-B-27,planning only; no contingency language,0,new
EMAIL-563,FAM-1159,EMAIL-541,11/12/2023 16:25:00 -0800,Robert Denniston <rdenniston@cascadetimber.com>,Dana Whitaker <dwhitaker@whitakerforensic.com>,Hannah Cole,email,Parcel credit build — NW-04 (face),B,EVT-B-26,money join (face vs cash vs fees); gross-face rule; auditor reliance,0,new
EMAIL-564,FAM-1229,EMAIL-552,10/02/2022 11:30:00 -0700,Craig Sato <csato@cascadetimber.com>,T Kim <tkim@mosslane-cpa.com>,Grace Lin,email,Audit planning note — interim procedures (Moss & Lane),B,EVT-B-36,planning only; no contingency language,2,new
EMAIL-565,FAM-1209,EMAIL-526,11/09/2023 11:10:00 -0800,Dana Whitaker <dwhitaker@whitakerforensic.com>,Grace Lin <glin@llassociates.com>,Grace Lin,email,Wire tracing analysis — fee payments (counsel-directed),B,EVT-B-12,Kovel analysis; forensic does not issue confirmations,0,new
EMAIL-566,FAM-1238,,09/13/2023 11:20:00 -0700,Dana Whitaker <dwhitaker@whitakerforensic.com>,Grace Lin <glin@llassociates.com>,Grace Lin,pdf-record,Parcel credit build — NW-05 (face),B,EVT-B-17,Kovel build for counsel only,0,new
EMAIL-567,FAM-1239,,12/03/2023 11:35:00 -0800,Robert Denniston <rdenniston@cascadetimber.com>,Brenda Moss <bmoss@mosslane-cpa.com>,A Patel,survey-field-sheet,Escrow statement — cash proceeds (discounted),B,EVT-B-29,money join (face vs cash vs fees); gross-face rule; auditor reliance,0,new
EMAIL-568,FAM-1240,,08/30/2023 17:30:00 -0700,Brenda Moss <bmoss@mosslane-cpa.com>,Dana Whitaker <dwhitaker@whitakerforensic.com>; Craig Sato <csato@cascadetimber.com>,John Ellery,filing-receipt,Escrow statement — cash proceeds (discounted),B,EVT-B-09,money join (face vs cash vs fees); gross-face rule; auditor reliance,0,new
EMAIL-569,FAM-1241,,10/30/2023 16:10:00 -0700,Dana Whitaker <dwhitaker@whitakerforensic.com>,Grace Lin <glin@llassociates.com>,Grace Lin,certificate,Parcel credit build — NW-06 (face),B,EVT-B-23,Kovel build for counsel only,0,new
EMAIL-570,FAM-1214,EMAIL-533,07/27/2022 13:30:00 -0700,Owen Larsen <olarsen@larsentaxadvisory.com>,Robert Denniston <rdenniston@cascadetimber.com>,Jay Whitfield,email,Credit certificate — NW-02,B,EVT-B-21,money join (face vs cash vs fees); gross-face rule; auditor reliance,0,new
EMAIL-571,FAM-1242,,03/23/2023 08:20:00 -0700,Owen Larsen <olarsen@larsentaxadvisory.com>,Craig Sato <csato@cascadetimber.com>,Derek Holt,email,Certificate listing review — NW-06 (provision support),B,EVT-B-23,listing review for provision work; no issuance asserted,0,new
EMAIL-572,FAM-1243,,07/06/2023 10:20:00 -0700,Craig Sato <csato@cascadetimber.com>,Brenda Moss <bmoss@mosslane-cpa.com>,Jay Whitfield,email,Escrow statement — cash proceeds (discounted),B,EVT-B-24,money join (face vs cash vs fees); gross-face rule; auditor reliance,0,new
EMAIL-573,FAM-1244,,06/06/2022 08:40:00 -0700,Owen Larsen <olarsen@larsentaxadvisory.com>,Craig Sato <csato@cascadetimber.com>,Priya Shah,survey-field-sheet,Audit planning note — interim procedures (Moss & Lane),B,EVT-B-38,planning only; no contingency language in-period,0,new
EMAIL-574,FAM-1175,EMAIL-505,06/27/2023 09:50:00 -0700,Robert Denniston <rdenniston@cascadetimber.com>,Craig Sato <csato@cascadetimber.com>; T Kim <tkim@mosslane-cpa.com>,Sarah Nguyen,email,Wire confirmation — fee payment (6%/8% expensed),B,EVT-B-16,money join (face vs cash vs fees); gross-face rule; auditor reliance,0,new
EMAIL-575,FAM-1229,EMAIL-552,05/01/2023 13:10:00 -0700,Robert Denniston <rdenniston@cascadetimber.com>,T Kim <tkim@mosslane-cpa.com>,Mia Chen,email,Parcel credit build — NW-08 (face),B,EVT-B-06,money join (face vs cash vs fees); gross-face rule; auditor reliance,0,new
EMAIL-576,FAM-1175,EMAIL-470,11/19/2022 10:05:00 -0800,T Kim <tkim@mosslane-cpa.com>,Owen Larsen <olarsen@larsentaxadvisory.com>,Jay Whitfield,email,Provision disclosure draft — Larsen,B,EVT-B-06,money join (face vs cash vs fees); gross-face rule; auditor reliance,0,new
EMAIL-577,FAM-1233,EMAIL-558,07/20/2022 14:55:00 -0700,Owen Larsen <olarsen@larsentaxadvisory.com>,Priya Shah <pshah@alderpointpartners.com>,Priya Shah,email,Provision disclosure draft — Larsen,B,EVT-B-15,money join (face vs cash vs fees); gross-face rule; auditor reliance,0,new
EMAIL-578,FAM-1245,,12/25/2021 09:50:00 -0800,Owen Larsen <olarsen@larsentaxadvisory.com>,Robert Denniston <rdenniston@cascadetimber.com>,Marcus Webb,email,Provision disclosure draft — Larsen,B,EVT-B-40,money join (face vs cash vs fees); gross-face rule; auditor reliance,0,new
EMAIL-579,FAM-1246,,09/15/2023 10:40:00 -0700,Dana Whitaker <dwhitaker@whitakerforensic.com>,Grace Lin <glin@llassociates.com>,Grace Lin,email,Escrow tracing analysis — cash proceeds (counsel-directed),B,EVT-B-25,Kovel analysis; forensic does not issue statements,0,new
EMAIL-580,FAM-1247,,02/04/2022 10:10:00 -0800,Owen Larsen <olarsen@larsentaxadvisory.com>,Robert Denniston <rdenniston@cascadetimber.com>; Priya Shah <pshah@alderpointpartners.com>,Derek Holt,filing-receipt,Rate card — batch 5,B,EVT-B-19,money join (face vs cash vs fees); gross-face rule; auditor reliance,0,new
EMAIL-581,FAM-1248,,11/23/2022 13:00:00 -0800,Owen Larsen <olarsen@larsentaxadvisory.com>,Priya Shah <pshah@alderpointpartners.com>,Priya Shah,email,Audit planning note — interim procedures (Moss & Lane),B,EVT-B-03,planning only; no contingency language,0,new
EMAIL-582,FAM-1249,,11/28/2022 09:30:00 -0800,Robert Denniston <rdenniston@cascadetimber.com>,Owen Larsen <olarsen@larsentaxadvisory.com>,Facilities,survey-field-sheet,Parcel credit build — NW-08 (face),B,EVT-B-26,money join (face vs cash vs fees); gross-face rule; auditor reliance,0,new
EMAIL-583,FAM-1250,,07/16/2023 15:25:00 -0700,Owen Larsen <olarsen@larsentaxadvisory.com>,Robert Denniston <rdenniston@cascadetimber.com>,Human Resources,email,Parcel credit build — NW-04 (face),B,EVT-B-12,money join (face vs cash vs fees); gross-face rule; auditor reliance,0,new
EMAIL-584,FAM-1251,,02/21/2022 10:05:00 -0800,Owen Larsen <olarsen@larsentaxadvisory.com>,Robert Denniston <rdenniston@cascadetimber.com>,HR,email,Rate card — batch 5,B,EVT-B-27,money join (face vs cash vs fees); gross-face rule; auditor reliance,0,new
EMAIL-585,FAM-1252,,01/16/2022 16:00:00 -0800,Craig Sato <csato@cascadetimber.com>,T Kim <tkim@mosslane-cpa.com>,Jay Whitfield,spreadsheet,Credit build worksheet (draft) — NW-04,B,EVT-B-07,draft build; no issuance; face-value math only,0,new
EMAIL-586,FAM-1213,EMAIL-554,08/26/2022 14:40:00 -0700,Owen Larsen <olarsen@larsentaxadvisory.com>,T Kim <tkim@mosslane-cpa.com>; Craig Sato <csato@cascadetimber.com>,Tom Reyes,email,Provision disclosure draft — Larsen,B,EVT-B-21,money join (face vs cash vs fees); gross-face rule; auditor reliance,0,new
EMAIL-587,FAM-1159,EMAIL-541,10/17/2023 15:55:00 -0700,T Kim <tkim@mosslane-cpa.com>,Owen Larsen <olarsen@larsentaxadvisory.com>,Alan Brooks,email,Auditor contingency memo — Moss & Lane,B,EVT-B-06,money join (face vs cash vs fees); gross-face rule; auditor reliance,0,new
EMAIL-588,FAM-1253,,05/05/2022 14:40:00 -0700,Owen Larsen <olarsen@larsentaxadvisory.com>,Brenda Moss <bmoss@mosslane-cpa.com>,Mia Chen,bank-record,Provision disclosure draft — Larsen,B,EVT-B-20,money join (face vs cash vs fees); gross-face rule; auditor reliance,0,new
EMAIL-589,FAM-1254,,07/24/2023 13:55:00 -0700,Owen Larsen <olarsen@larsentaxadvisory.com>,T Kim <tkim@mosslane-cpa.com>,Sarah Nguyen,certificate,Certificate listing review — NW-01 (provision support),B,EVT-B-40,listing review for provision work; no issuance asserted,0,new
EMAIL-590,FAM-1169,EMAIL-474,01/03/2022 10:00:00 -0800,Owen Larsen <olarsen@larsentaxadvisory.com>,Craig Sato <csato@cascadetimber.com>,Sarah Nguyen,email,Tax provision scoping — year-end close planning,B,EVT-B-16,business tax scoping; no audit conclusion; Larsen business channel,1,new
EMAIL-591,FAM-1255,,07/15/2022 11:40:00 -0700,Tom Reyes <treyes@alderpointpartners.com>,Renee Ford <rford@bellhavenadvisory.com>,Kevin Tran,email,Buyer diligence request — buyer lot 4,C,EVT-C-29,pre-placement diligence; no refunds in-period,0,new
EMAIL-592,FAM-1256,,05/12/2022 11:15:00 -0700,Derek Holt <dholt@bellhavenadvisory.com>,A Patel <apatel@bluerivercap.com>,Wendy Park,email,Broker pipeline update,C,EVT-C-30,representation vs receipt join; version-controlled deck/agreement/certificate,1,new
EMAIL-593,FAM-1257,,05/19/2022 14:55:00 -0700,Jay Whitfield <jwhitfield@alderpointpartners.com>,Frank Delgado <fdelgado@cascadetimber.com>,Kevin Tran,email,Buyer diligence request — buyer lot 4,C,EVT-C-08,pre-placement diligence question; no refunds in-period (demands begin Nov 2023),1,new
EMAIL-594,FAM-1258,,12/12/2022 10:30:00 -0800,J Orr <jorr@cppension.org>,M Reyes <mreyes@bluerivercap.com>; D Liu <dliu@northforkef.com>,John Ellery,email,Placement agreement — Bellhaven batch 1,C,EVT-C-06,representation vs receipt join; version-controlled deck/agreement/certificate,0,new
EMAIL-595,FAM-1259,,02/17/2023 14:00:00 -0800,A Patel <apatel@bluerivercap.com>,J Orr <jorr@cppension.org>,IT Notifications,email,Credit certificate delivery — buyer lot 1,C,EVT-C-10,representation vs receipt join; version-controlled deck/agreement/certificate,1,new
EMAIL-596,FAM-1260,,09/10/2022 15:35:00 -0700,J Orr <jorr@cppension.org>,Frank Delgado <fdelgado@cascadetimber.com>,Jay Whitfield,email,Buyer diligence request — buyer lot 3,C,EVT-C-15,pre-placement diligence; no refunds in-period,0,new
EMAIL-597,FAM-1261,,08/01/2023 08:50:00 -0700,M Reyes <mreyes@bluerivercap.com>,D Liu <dliu@northforkef.com>,Marcus Webb,email,Co-marketing follow-up,C,EVT-C-26,representation vs receipt join; version-controlled deck/agreement/certificate,0,new
EMAIL-598,FAM-1262,,02/19/2023 15:35:00 -0800,K Singh <ksingh@northforkef.com>,Renee Ford <rford@bellhavenadvisory.com>,Nina Alvarez,email,Buyer diligence request — buyer lot 1,C,EVT-C-28,pre-placement diligence; no refunds in-period,0,new
EMAIL-599,FAM-1258,EMAIL-594,11/08/2023 10:15:00 -0800,Derek Holt <dholt@bellhavenadvisory.com>,M Reyes <mreyes@bluerivercap.com>,Tom Reyes,email,Credit certificate delivery — buyer lot 4,C,EVT-C-29,representation vs receipt join; version-controlled deck/agreement/certificate,0,new
EMAIL-600,EMAIL-182,EMAIL-182,04/02/2023 15:50:00 -0700,Priya Shah <pshah@alderpointpartners.com>,J Orr <jorr@cppension.org>,Human Resources,email,Marketing deck v3 (checklist version-controlled),C,EVT-C-25,representation vs receipt join; version-controlled deck/agreement/certificate,0,new
EMAIL-601,FAM-1325,EMAIL-693,11/02/2022 11:30:00 -0800,J Orr <jorr@cppension.org>,Renee Ford <rford@bellhavenadvisory.com>,Elena Marlowe,email,Placement agreement — Bellhaven batch 5,C,EVT-C-26,representation vs receipt join; version-controlled deck/agreement/certificate,0,new
EMAIL-602,EMAIL-182,EMAIL-182,01/24/2023 14:05:00 -0800,Derek Holt <dholt@bellhavenadvisory.com>,Priya Shah <pshah@alderpointpartners.com>,Priya Shah,email,Buyer inquiry — batch timing and coverage,C,EVT-C-33,early timing inquiry; no pause in-period,0,new
EMAIL-603,FAM-1263,,11/26/2023 09:25:00 -0800,Jay Whitfield <jwhitfield@alderpointpartners.com>,J Orr <jorr@cppension.org>,Dana Whitaker,email,Placement agreement — Bellhaven batch 6,C,EVT-C-39,representation vs receipt join; version-controlled deck/agreement/certificate,0,new
EMAIL-604,FAM-1264,,05/25/2022 13:25:00 -0700,K Singh <ksingh@northforkef.com>,J Orr <jorr@cppension.org>,Derek Holt,email,Credit certificate delivery — buyer lot 5,C,EVT-C-32,direct (non-Bellhaven) lot schedule; Bellhaven placements begin Sep 2022,0,new
EMAIL-605,FAM-1265,,07/10/2023 14:30:00 -0700,A Patel <apatel@bluerivercap.com>,M Reyes <mreyes@bluerivercap.com>,Marcus Webb,email,Broker pipeline update,C,EVT-C-24,representation vs receipt join; version-controlled deck/agreement/certificate,0,new
EMAIL-606,FAM-1266,,08/13/2022 09:55:00 -0700,Tom Reyes <treyes@alderpointpartners.com>,Derek Holt <dholt@bellhavenadvisory.com>,Human Resources,email,Placement template — draft (pre-broker),C,EVT-C-22,template draft; Bellhaven engaged Sep 2 (008),0,new
EMAIL-607,FAM-1267,,06/30/2023 09:40:00 -0700,Nina Alvarez <nalvarez@alderpointpartners.com>,K Singh <ksingh@northforkef.com>,Brenda Moss,email,Broker pipeline update,C,EVT-C-23,representation vs receipt join; version-controlled deck/agreement/certificate,1,new
EMAIL-608,FAM-1266,EMAIL-606,03/04/2023 13:30:00 -0700,Jay Whitfield <jwhitfield@alderpointpartners.com>,K Singh <ksingh@northforkef.com>,John Ellery,email,Marketing deck v2 (checklist version-controlled),C,EVT-C-05,representation vs receipt join; version-controlled deck/agreement/certificate,1,new
EMAIL-609,FAM-1325,EMAIL-693,02/01/2023 08:05:00 -0800,Nina Alvarez <nalvarez@alderpointpartners.com>,Derek Holt <dholt@bellhavenadvisory.com>,Wendy Park,email,Broker pipeline update,C,EVT-C-20,representation vs receipt join; version-controlled deck/agreement/certificate,1,new
EMAIL-610,FAM-1268,,03/18/2023 08:40:00 -0700,M Reyes <mreyes@bluerivercap.com>,Tom Reyes <treyes@alderpointpartners.com>,Mia Chen,email,Marketing deck v4 (checklist version-controlled),C,EVT-C-37,representation vs receipt join; version-controlled deck/agreement/certificate,1,new
EMAIL-611,FAM-1269,,11/22/2022 11:00:00 -0800,Renee Ford <rford@bellhavenadvisory.com>,S Grant <sgrant@willamettefh.com>,Grace Lin,email,Credit certificate delivery — buyer lot 2,C,EVT-C-09,representation vs receipt join; version-controlled deck/agreement/certificate,0,new
EMAIL-612,FAM-1255,EMAIL-591,01/30/2023 14:05:00 -0800,M Reyes <mreyes@bluerivercap.com>,Frank Delgado <fdelgado@cascadetimber.com>,Dana Whitaker,email,Co-marketing follow-up,C,EVT-C-36,representation vs receipt join; version-controlled deck/agreement/certificate,0,new
EMAIL-613,FAM-1270,,09/09/2022 09:50:00 -0700,D Liu <dliu@northforkef.com>,Priya Shah <pshah@alderpointpartners.com>,Marcus Webb,email,Marketing deck v3 (checklist version-controlled),C,EVT-C-17,representation vs receipt join; version-controlled deck/agreement/certificate,0,new
EMAIL-614,FAM-1271,,02/27/2023 14:15:00 -0800,K Singh <ksingh@northforkef.com>,J Orr <jorr@cppension.org>,Priya Shah,email,Broker pipeline update,C,EVT-C-23,representation vs receipt join; version-controlled deck/agreement/certificate,0,new
EMAIL-615,EMAIL-183,EMAIL-183,04/05/2023 16:20:00 -0700,Derek Holt <dholt@bellhavenadvisory.com>,K Singh <ksingh@northforkef.com>,Elena Marlowe,email,Credit certificate delivery — buyer lot 4,C,EVT-C-39,representation vs receipt join; version-controlled deck/agreement/certificate,1,new
EMAIL-616,FAM-1272,,08/01/2022 15:05:00 -0700,D Liu <dliu@northforkef.com>,Derek Holt <dholt@bellhavenadvisory.com>; Tom Reyes <treyes@alderpointpartners.com>,Priya Shah,email,Placement template — draft (pre-broker),C,EVT-C-02,template draft; Bellhaven engaged Sep 2 (008),0,new
EMAIL-617,FAM-1256,EMAIL-633,08/18/2022 16:50:00 -0700,A Patel <apatel@bluerivercap.com>,Priya Shah <pshah@alderpointpartners.com>,Dana Whitaker,email,Co-marketing follow-up,C,EVT-C-36,representation vs receipt join; version-controlled deck/agreement/certificate,0,new
EMAIL-618,FAM-1273,,11/19/2022 09:15:00 -0800,D Liu <dliu@northforkef.com>,Tom Reyes <treyes@alderpointpartners.com>,IT Notifications,email,Broker pipeline update,C,EVT-C-06,representation vs receipt join; version-controlled deck/agreement/certificate,0,new
EMAIL-619,FAM-1274,,09/05/2023 10:20:00 -0700,K Singh <ksingh@northforkef.com>,Renee Ford <rford@bellhavenadvisory.com>,Nina Alvarez,email,Buyer inquiry — placement status after pause,C,EVT-C-33,post-pause buyer impact inquiry (pause Jun 27),1,new
EMAIL-620,FAM-1275,,01/15/2023 13:45:00 -0800,Renee Ford <rford@bellhavenadvisory.com>,S Grant <sgrant@willamettefh.com>,Dan Osei,email,Buyer diligence request — buyer lot 1,C,EVT-C-39,pre-placement diligence; no refunds in-period,1,new
EMAIL-621,FAM-1260,EMAIL-596,11/09/2022 13:10:00 -0800,Jay Whitfield <jwhitfield@alderpointpartners.com>,Priya Shah <pshah@alderpointpartners.com>,Marcus Webb,email,Buyer diligence request — buyer lot 5,C,EVT-C-25,pre-placement diligence; no refunds in-period,1,new
EMAIL-622,FAM-1276,,10/24/2022 09:50:00 -0700,S Grant <sgrant@willamettefh.com>,Jay Whitfield <jwhitfield@alderpointpartners.com>,HR,email,Buyer diligence request — buyer lot 5,C,EVT-C-12,pre-placement diligence; no refunds in-period,0,new
EMAIL-623,FAM-1277,,06/11/2023 13:30:00 -0700,D Liu <dliu@northforkef.com>,M Reyes <mreyes@bluerivercap.com>,Jay Whitfield,email,Credit certificate delivery — buyer lot 1,C,EVT-C-31,representation vs receipt join; version-controlled deck/agreement/certificate,0,new
EMAIL-624,FAM-1278,,10/09/2022 09:50:00 -0700,Jay Whitfield <jwhitfield@alderpointpartners.com>,K Singh <ksingh@northforkef.com>,Robert Denniston,email,Co-marketing follow-up,C,EVT-C-09,representation vs receipt join; version-controlled deck/agreement/certificate,0,new
EMAIL-625,EMAIL-250,EMAIL-250,08/18/2022 11:40:00 -0700,Frank Delgado <fdelgado@cascadetimber.com>,S Grant <sgrant@willamettefh.com>,Robert Denniston,email,Credit certificate delivery — buyer lot 3,C,EVT-C-27,representation vs receipt join; version-controlled deck/agreement/certificate,0,new
EMAIL-626,FAM-1279,,11/10/2023 10:55:00 -0800,J Orr <jorr@cppension.org>,Derek Holt <dholt@bellhavenadvisory.com>,Tom Reyes,email,Broker pipeline update,C,EVT-C-26,representation vs receipt join; version-controlled deck/agreement/certificate,0,new
EMAIL-627,FAM-1276,EMAIL-622,08/15/2023 13:45:00 -0700,Tom Reyes <treyes@alderpointpartners.com>,K Singh <ksingh@northforkef.com>,Robert Denniston,email,Placement agreement — Bellhaven batch 4,C,EVT-C-18,representation vs receipt join; version-controlled deck/agreement/certificate,0,new
EMAIL-628,FAM-1280,,07/03/2023 08:10:00 -0700,Tom Reyes <treyes@alderpointpartners.com>,J Orr <jorr@cppension.org>,Wendy Park,email,Refund demand — buyer lot 4,C,EVT-C-37,representation vs receipt join; version-controlled deck/agreement/certificate,1,new
EMAIL-629,FAM-1281,,04/26/2023 13:05:00 -0700,A Patel <apatel@bluerivercap.com>,K Singh <ksingh@northforkef.com>,Brenda Moss,email,Marketing deck v4 (checklist version-controlled),C,EVT-C-16,representation vs receipt join; version-controlled deck/agreement/certificate,0,new
EMAIL-630,FAM-1282,,05/11/2022 08:25:00 -0700,A Patel <apatel@bluerivercap.com>,Nina Alvarez <nalvarez@alderpointpartners.com>; D Liu <dliu@northforkef.com>,IT Notifications,email,Buyer diligence request — buyer lot 3,C,EVT-C-23,pre-placement diligence question; no refunds in-period (demands begin Nov 2023),0,new
EMAIL-631,FAM-1283,,04/13/2023 11:35:00 -0700,Frank Delgado <fdelgado@cascadetimber.com>,Priya Shah <pshah@alderpointpartners.com>,Jay Whitfield,email,Placement agreement — Bellhaven batch 6,C,EVT-C-33,representation vs receipt join; version-controlled deck/agreement/certificate,0,new
EMAIL-632,FAM-1264,EMAIL-604,07/16/2022 11:50:00 -0700,Derek Holt <dholt@bellhavenadvisory.com>,M Reyes <mreyes@bluerivercap.com>,Robert Denniston,email,Credit certificate delivery — buyer lot 1,C,EVT-C-24,representation vs receipt join; version-controlled deck/agreement/certificate,0,new
EMAIL-633,FAM-1256,EMAIL-592,07/13/2022 14:50:00 -0700,Nina Alvarez <nalvarez@alderpointpartners.com>,A Patel <apatel@bluerivercap.com>,Human Resources,email,Marketing deck v3 (checklist version-controlled),C,EVT-C-30,representation vs receipt join; version-controlled deck/agreement/certificate; alias-variant test,0,new
EMAIL-634,FAM-1256,EMAIL-617,11/01/2022 17:50:00 -0800,Renee Ford <rford@bellhavenadvisory.com>,Derek Holt <dholt@bellhavenadvisory.com>,John Ellery,email,Buyer inquiry — batch timing and coverage,C,EVT-C-30,early timing inquiry; no pause in-period,0,new
EMAIL-635,FAM-1284,,12/01/2022 14:55:00 -0800,Jay Whitfield <jwhitfield@alderpointpartners.com>,Priya Shah <pshah@alderpointpartners.com>,Elena Marlowe,email,Marketing deck v2 (checklist version-controlled),C,EVT-C-06,representation vs receipt join; version-controlled deck/agreement/certificate,1,new
EMAIL-636,FAM-1285,,07/10/2023 16:15:00 -0700,J Orr <jorr@cppension.org>,Tom Reyes <treyes@alderpointpartners.com>,Elena Marlowe,email,Buyer inquiry — placement status after pause,C,EVT-C-09,post-pause buyer impact inquiry (pause Jun 27),0,new
EMAIL-637,FAM-1286,,10/18/2023 11:50:00 -0700,Derek Holt <dholt@bellhavenadvisory.com>,D Liu <dliu@northforkef.com>,HR,email,Placement agreement — Bellhaven batch 6,C,EVT-C-02,representation vs receipt join; version-controlled deck/agreement/certificate,2,new
EMAIL-638,FAM-1287,,03/23/2023 09:05:00 -0700,K Singh <ksingh@northforkef.com>,S Grant <sgrant@willamettefh.com>,Mia Chen,email,Buyer inquiry — batch timing and coverage,C,EVT-C-18,early timing inquiry; no pause in-period,0,new
EMAIL-639,FAM-1288,,11/17/2023 16:10:00 -0800,A Patel <apatel@bluerivercap.com>,Renee Ford <rford@bellhavenadvisory.com>,Elena Marlowe,email,Placement agreement — Bellhaven batch 6,C,EVT-C-15,representation vs receipt join; version-controlled deck/agreement/certificate,0,new
EMAIL-640,FAM-1289,,05/25/2023 10:05:00 -0700,Frank Delgado <fdelgado@cascadetimber.com>,Derek Holt <dholt@bellhavenadvisory.com>; Priya Shah <pshah@alderpointpartners.com>,Grace Lin,email,Buyer inquiry — batch timing and coverage,C,EVT-C-02,timing inquiry; pause decision Jun 27,1,new
EMAIL-641,FAM-1290,,06/06/2023 17:25:00 -0700,Frank Delgado <fdelgado@cascadetimber.com>,Derek Holt <dholt@bellhavenadvisory.com>,Hannah Cole,email,Broker pipeline update,C,EVT-C-13,representation vs receipt join; version-controlled deck/agreement/certificate,0,new
EMAIL-642,FAM-1268,EMAIL-610,05/02/2023 15:15:00 -0700,A Patel <apatel@bluerivercap.com>,Renee Ford <rford@bellhavenadvisory.com>; Priya Shah <pshah@alderpointpartners.com>,Jay Whitfield,email,Co-marketing follow-up,C,EVT-C-33,representation vs receipt join; version-controlled deck/agreement/certificate,0,new
EMAIL-643,FAM-1276,EMAIL-622,01/23/2023 08:15:00 -0800,A Patel <apatel@bluerivercap.com>,Tom Reyes <treyes@alderpointpartners.com>,Marcus Webb,email,Credit certificate delivery — buyer lot 2,C,EVT-C-38,representation vs receipt join; version-controlled deck/agreement/certificate,1,new
EMAIL-644,FAM-1291,,02/06/2023 09:35:00 -0800,Priya Shah <pshah@alderpointpartners.com>,Nina Alvarez <nalvarez@alderpointpartners.com>,A Patel,email,Credit certificate delivery — buyer lot 4,C,EVT-C-19,representation vs receipt join; version-controlled deck/agreement/certificate,0,new
EMAIL-645,FAM-1292,,11/27/2022 10:35:00 -0800,Jay Whitfield <jwhitfield@alderpointpartners.com>,K Singh <ksingh@northforkef.com>,Human Resources,email,Marketing deck v4 (checklist version-controlled),C,EVT-C-30,representation vs receipt join; version-controlled deck/agreement/certificate,0,new
EMAIL-646,FAM-1311,EMAIL-674,05/21/2022 09:30:00 -0700,Tom Reyes <treyes@alderpointpartners.com>,J Orr <jorr@cppension.org>,Frank Delgado,email,Buyer inquiry — batch timing,C,EVT-C-15,early buyer timing inquiry; no pause exists in-period,0,new
EMAIL-647,FAM-1293,,02/06/2023 14:10:00 -0800,S Grant <sgrant@willamettefh.com>,Frank Delgado <fdelgado@cascadetimber.com>,Elena Marlowe,email,Placement agreement — Bellhaven batch 5,C,EVT-C-05,representation vs receipt join; version-controlled deck/agreement/certificate,0,new
EMAIL-648,FAM-1294,,08/23/2022 15:05:00 -0700,J Orr <jorr@cppension.org>,Derek Holt <dholt@bellhavenadvisory.com>,Hannah Cole,email,Buyer inquiry — batch timing and coverage,C,EVT-C-07,early timing inquiry; no pause in-period,0,new
EMAIL-649,FAM-1295,,11/14/2022 13:55:00 -0800,K Singh <ksingh@northforkef.com>,Derek Holt <dholt@bellhavenadvisory.com>,Marcus Webb,email,Broker pipeline update,C,EVT-C-11,representation vs receipt join; version-controlled deck/agreement/certificate,0,new
EMAIL-650,FAM-1296,,02/13/2023 16:05:00 -0800,Priya Shah <pshah@alderpointpartners.com>,K Singh <ksingh@northforkef.com>,John Ellery,email,Marketing deck v5 (checklist version-controlled),C,EVT-C-11,representation vs receipt join; version-controlled deck/agreement/certificate,2,new
EMAIL-651,FAM-1297,,05/26/2022 15:05:00 -0700,K Singh <ksingh@northforkef.com>,A Patel <apatel@bluerivercap.com>,Robert Denniston,email,Buyer inquiry — batch timing,C,EVT-C-37,early buyer timing inquiry; no pause exists in-period,0,new
EMAIL-652,FAM-1298,,10/08/2023 13:35:00 -0700,M Reyes <mreyes@bluerivercap.com>,J Orr <jorr@cppension.org>,Elena Marlowe,email,Co-marketing follow-up,C,EVT-C-22,representation vs receipt join; version-controlled deck/agreement/certificate,0,new
EMAIL-653,FAM-1297,EMAIL-651,03/29/2023 13:30:00 -0700,Nina Alvarez <nalvarez@alderpointpartners.com>,J Orr <jorr@cppension.org>,Nina Alvarez,email,Credit certificate delivery — buyer lot 4,C,EVT-C-39,representation vs receipt join; version-controlled deck/agreement/certificate,0,new
EMAIL-654,FAM-1299,,05/07/2022 13:50:00 -0700,Priya Shah <pshah@alderpointpartners.com>,Renee Ford <rford@bellhavenadvisory.com>,Hannah Cole,email,Co-marketing follow-up,C,EVT-C-12,representation vs receipt join; version-controlled deck/agreement/certificate,0,new
EMAIL-655,FAM-1322,EMAIL-689,05/22/2022 10:45:00 -0700,Tom Reyes <treyes@alderpointpartners.com>,Frank Delgado <fdelgado@cascadetimber.com>,Jay Whitfield,email,Placement template — draft (pre-broker),C,EVT-C-04,template draft; Bellhaven engaged Sep 2022,0,new
EMAIL-656,FAM-1300,,04/05/2023 09:50:00 -0700,J Orr <jorr@cppension.org>,K Singh <ksingh@northforkef.com>; Nina Alvarez <nalvarez@alderpointpartners.com>,Kevin Tran,email,Marketing deck v4 (checklist version-controlled),C,EVT-C-21,representation vs receipt join; version-controlled deck/agreement/certificate,0,new
EMAIL-657,FAM-1301,,12/11/2022 11:35:00 -0800,S Grant <sgrant@willamettefh.com>,Derek Holt <dholt@bellhavenadvisory.com>,Facilities,email,Broker pipeline update,C,EVT-C-06,representation vs receipt join; version-controlled deck/agreement/certificate,0,new
EMAIL-658,FAM-1272,EMAIL-616,10/17/2022 14:20:00 -0700,M Reyes <mreyes@bluerivercap.com>,Frank Delgado <fdelgado@cascadetimber.com>,Facilities,email,Broker pipeline update,C,EVT-C-09,representation vs receipt join; version-controlled deck/agreement/certificate; alias-variant test,0,new
EMAIL-659,FAM-1302,,07/17/2023 14:35:00 -0700,Renee Ford <rford@bellhavenadvisory.com>,M Reyes <mreyes@bluerivercap.com>,Robert Denniston,email,Marketing deck v2 (checklist version-controlled),C,EVT-C-08,representation vs receipt join; version-controlled deck/agreement/certificate,0,new
EMAIL-660,FAM-1303,,09/28/2023 10:20:00 -0700,Priya Shah <pshah@alderpointpartners.com>,S Grant <sgrant@willamettefh.com>,IT Notifications,email,Marketing deck v5 (checklist version-controlled),C,EVT-C-06,representation vs receipt join; version-controlled deck/agreement/certificate [Nina departed Jun 30 (061/082); reassigned to active custodian],0,new
EMAIL-661,FAM-1304,,11/29/2022 15:35:00 -0800,M Reyes <mreyes@bluerivercap.com>,A Patel <apatel@bluerivercap.com>; Jay Whitfield <jwhitfield@alderpointpartners.com>,Dan Osei,email,Placement agreement — Bellhaven batch 5,C,EVT-C-14,representation vs receipt join; version-controlled deck/agreement/certificate,0,new
EMAIL-662,FAM-1297,EMAIL-651,12/26/2022 15:55:00 -0800,Jay Whitfield <jwhitfield@alderpointpartners.com>,D Liu <dliu@northforkef.com>,Elena Marlowe,email,Co-marketing follow-up,C,EVT-C-20,representation vs receipt join; version-controlled deck/agreement/certificate,0,new
EMAIL-663,FAM-1256,EMAIL-617,02/26/2023 09:40:00 -0800,D Liu <dliu@northforkef.com>,Frank Delgado <fdelgado@cascadetimber.com>,Hannah Cole,email,Placement agreement — Bellhaven batch 4,C,EVT-C-16,representation vs receipt join; version-controlled deck/agreement/certificate,0,new
EMAIL-664,EMAIL-182,EMAIL-182,10/19/2022 11:10:00 -0700,A Patel <apatel@bluerivercap.com>,D Liu <dliu@northforkef.com>,Derek Holt,email,Credit certificate delivery — buyer lot 4,C,EVT-C-26,representation vs receipt join; version-controlled deck/agreement/certificate,0,new
EMAIL-665,FAM-1256,EMAIL-633,11/02/2023 10:20:00 -0800,D Liu <dliu@northforkef.com>,Tom Reyes <treyes@alderpointpartners.com>,Marcus Webb,email,Refund demand — buyer lot 2,C,EVT-C-07,representation vs receipt join; version-controlled deck/agreement/certificate,0,new
EMAIL-666,FAM-1305,,11/30/2023 14:50:00 -0800,D Liu <dliu@northforkef.com>,A Patel <apatel@bluerivercap.com>,Dana Whitaker,email,Credit certificate delivery — buyer lot 5,C,EVT-C-35,representation vs receipt join; version-controlled deck/agreement/certificate,0,new
EMAIL-667,FAM-1281,EMAIL-629,05/27/2023 13:45:00 -0700,Jay Whitfield <jwhitfield@alderpointpartners.com>,K Singh <ksingh@northforkef.com>,A Patel,email,Buyer inquiry — batch timing and coverage,C,EVT-C-12,timing inquiry; pause decision Jun 27,0,new
EMAIL-668,FAM-1306,,09/27/2022 17:15:00 -0700,A Patel <apatel@bluerivercap.com>,Renee Ford <rford@bellhavenadvisory.com>,Sarah Nguyen,email,Marketing deck v4 (checklist version-controlled),C,EVT-C-22,representation vs receipt join; version-controlled deck/agreement/certificate,0,new
EMAIL-669,FAM-1307,,11/15/2023 10:10:00 -0800,Derek Holt <dholt@bellhavenadvisory.com>,Jay Whitfield <jwhitfield@alderpointpartners.com>,Facilities,email,Marketing deck v3 (checklist version-controlled),C,EVT-C-08,representation vs receipt join; version-controlled deck/agreement/certificate,0,new
EMAIL-670,FAM-1308,,01/17/2023 10:20:00 -0800,Tom Reyes <treyes@alderpointpartners.com>,A Patel <apatel@bluerivercap.com>,Facilities,email,Buyer inquiry — batch timing and coverage,C,EVT-C-04,early timing inquiry; no pause in-period,0,new
EMAIL-671,FAM-1325,EMAIL-601,04/21/2023 10:05:00 -0700,Derek Holt <dholt@bellhavenadvisory.com>,A Patel <apatel@bluerivercap.com>,Facilities,email,Buyer inquiry — batch timing and coverage,C,EVT-C-29,timing inquiry; pause decision Jun 27,0,new
EMAIL-672,FAM-1309,,06/26/2022 09:35:00 -0700,Tom Reyes <treyes@alderpointpartners.com>,Frank Delgado <fdelgado@cascadetimber.com>,Robert Denniston,email,Buyer diligence request — buyer lot 3,C,EVT-C-30,pre-placement diligence question; no refunds in-period (demands begin Nov 2023),0,new
EMAIL-673,FAM-1310,,02/09/2023 10:25:00 -0800,D Liu <dliu@northforkef.com>,Jay Whitfield <jwhitfield@alderpointpartners.com>; J Orr <jorr@cppension.org>,Dan Osei,email,Credit certificate delivery — buyer lot 6,C,EVT-C-26,representation vs receipt join; version-controlled deck/agreement/certificate,0,new
EMAIL-674,FAM-1311,,05/16/2022 09:20:00 -0700,Tom Reyes <treyes@alderpointpartners.com>,S Grant <sgrant@willamettefh.com>,Dana Whitaker,email,Co-marketing follow-up,C,EVT-C-28,representation vs receipt join; version-controlled deck/agreement/certificate,0,new
EMAIL-675,FAM-1312,,06/04/2022 10:50:00 -0700,Renee Ford <rford@bellhavenadvisory.com>,M Reyes <mreyes@bluerivercap.com>,Mia Chen,email,Broker pipeline update,C,EVT-C-33,representation vs receipt join; version-controlled deck/agreement/certificate,1,new
EMAIL-676,FAM-1313,,11/15/2023 10:25:00 -0800,Jay Whitfield <jwhitfield@alderpointpartners.com>,Renee Ford <rford@bellhavenadvisory.com>,Derek Holt,email,Marketing deck v3 (checklist version-controlled),C,EVT-C-39,representation vs receipt join; version-controlled deck/agreement/certificate,0,new
EMAIL-677,FAM-1314,,08/21/2023 11:35:00 -0700,Priya Shah <pshah@alderpointpartners.com>,Derek Holt <dholt@bellhavenadvisory.com>,John Ellery,email,Broker pipeline update,C,EVT-C-01,representation vs receipt join; version-controlled deck/agreement/certificate [Nina departed Jun 30 (061/082); reassigned to active custodian],1,new
EMAIL-678,FAM-1315,,07/19/2022 10:45:00 -0700,K Singh <ksingh@northforkef.com>,J Orr <jorr@cppension.org>; Derek Holt <dholt@bellhavenadvisory.com>,Hannah Cole,email,Buyer diligence request — buyer lot 6,C,EVT-C-23,pre-placement diligence; no refunds in-period,0,new
EMAIL-679,EMAIL-250,EMAIL-250,06/28/2022 13:20:00 -0700,Derek Holt <dholt@bellhavenadvisory.com>,A Patel <apatel@bluerivercap.com>,Facilities,email,Buyer inquiry — batch timing and coverage,C,EVT-C-08,early timing inquiry; no pause in-period,0,new
EMAIL-680,FAM-1316,,06/02/2023 10:20:00 -0700,A Patel <apatel@bluerivercap.com>,Frank Delgado <fdelgado@cascadetimber.com>,Grace Lin,email,Co-marketing follow-up,C,EVT-C-03,representation vs receipt join; version-controlled deck/agreement/certificate,0,new
EMAIL-681,EMAIL-092,EMAIL-632,11/15/2022 10:55:00 -0800,Nina Alvarez <nalvarez@alderpointpartners.com>,D Liu <dliu@northforkef.com>,Robert Denniston,email,Placement agreement — Bellhaven batch 6,C,EVT-C-05,representation vs receipt join; version-controlled deck/agreement/certificate,0,new
EMAIL-682,FAM-1317,,04/25/2023 08:55:00 -0700,Derek Holt <dholt@bellhavenadvisory.com>,Nina Alvarez <nalvarez@alderpointpartners.com>,Derek Holt,email,Marketing deck v4 (checklist version-controlled),C,EVT-C-06,representation vs receipt join; version-controlled deck/agreement/certificate,0,new
EMAIL-683,FAM-1260,EMAIL-596,01/10/2023 13:35:00 -0800,J Orr <jorr@cppension.org>,Priya Shah <pshah@alderpointpartners.com>,Hannah Cole,email,Broker pipeline update,C,EVT-C-18,representation vs receipt join; version-controlled deck/agreement/certificate,0,new
EMAIL-684,FAM-1318,,09/08/2022 09:30:00 -0700,K Singh <ksingh@northforkef.com>,Jay Whitfield <jwhitfield@alderpointpartners.com>,Human Resources,email,Placement agreement — Bellhaven batch 6,C,EVT-C-36,representation vs receipt join; version-controlled deck/agreement/certificate,0,new
EMAIL-685,FAM-1319,,11/08/2023 13:40:00 -0800,S Grant <sgrant@willamettefh.com>,D Liu <dliu@northforkef.com>,Wendy Park,email,Placement agreement — Bellhaven batch 5,C,EVT-C-39,representation vs receipt join; version-controlled deck/agreement/certificate,0,new
EMAIL-686,FAM-1320,,12/06/2022 17:05:00 -0800,Jay Whitfield <jwhitfield@alderpointpartners.com>,Priya Shah <pshah@alderpointpartners.com>; K Singh <ksingh@northforkef.com>,Derek Holt,email,Marketing deck v5 (checklist version-controlled),C,EVT-C-23,representation vs receipt join; version-controlled deck/agreement/certificate,0,new
EMAIL-687,FAM-1321,,07/25/2022 08:35:00 -0700,A Patel <apatel@bluerivercap.com>,Renee Ford <rford@bellhavenadvisory.com>,Human Resources,email,Co-marketing follow-up,C,EVT-C-21,representation vs receipt join; version-controlled deck/agreement/certificate,0,new
EMAIL-688,FAM-1299,EMAIL-654,06/03/2022 16:35:00 -0700,Renee Ford <rford@bellhavenadvisory.com>,S Grant <sgrant@willamettefh.com>,Craig Sato,email,Buyer inquiry — batch timing,C,EVT-C-21,early buyer timing inquiry; no pause exists in-period,1,new
EMAIL-689,FAM-1322,,05/11/2022 08:00:00 -0700,J Orr <jorr@cppension.org>,A Patel <apatel@bluerivercap.com>,Facilities,email,Credit certificate delivery — buyer lot 4,C,EVT-C-19,direct (non-Bellhaven) lot schedule; Bellhaven placements begin Sep 2022,0,new
EMAIL-690,FAM-1323,,02/04/2023 10:15:00 -0800,A Patel <apatel@bluerivercap.com>,Tom Reyes <treyes@alderpointpartners.com>; Priya Shah <pshah@alderpointpartners.com>,A Patel,email,Marketing deck v3 (checklist version-controlled),C,EVT-C-28,representation vs receipt join; version-controlled deck/agreement/certificate; alias-variant test,1,new
EMAIL-691,FAM-1260,EMAIL-664,12/04/2022 09:10:00 -0800,Priya Shah <pshah@alderpointpartners.com>,J Orr <jorr@cppension.org>; Derek Holt <dholt@bellhavenadvisory.com>,Derek Holt,email,Buyer inquiry — batch timing and coverage,C,EVT-C-17,early timing inquiry; no pause in-period,0,new
EMAIL-692,FAM-1324,,05/31/2023 16:25:00 -0700,A Patel <apatel@bluerivercap.com>,Renee Ford <rford@bellhavenadvisory.com>,Priya Shah,email,Co-marketing follow-up,C,EVT-C-26,representation vs receipt join; version-controlled deck/agreement/certificate,2,new
EMAIL-693,FAM-1325,,09/05/2022 16:35:00 -0700,S Grant <sgrant@willamettefh.com>,A Patel <apatel@bluerivercap.com>,Derek Holt,email,Broker pipeline update,C,EVT-C-18,representation vs receipt join; version-controlled deck/agreement/certificate,0,new
EMAIL-694,FAM-1326,,09/14/2023 09:25:00 -0700,Jay Whitfield <jwhitfield@alderpointpartners.com>,Frank Delgado <fdelgado@cascadetimber.com>,A Patel,email,Refund demand — buyer lot 2,C,EVT-C-37,representation vs receipt join; version-controlled deck/agreement/certificate,0,new
EMAIL-695,FAM-1293,EMAIL-683,06/26/2023 08:00:00 -0700,Derek Holt <dholt@bellhavenadvisory.com>,K Singh <ksingh@northforkef.com>,Tom Reyes,email,Broker pipeline update,C,EVT-C-10,representation vs receipt join; version-controlled deck/agreement/certificate,1,new
EMAIL-696,FAM-1327,,01/01/2023 08:15:00 -0800,J Orr <jorr@cppension.org>,K Singh <ksingh@northforkef.com>,Facilities,email,Buyer diligence request — buyer lot 5,C,EVT-C-28,pre-placement diligence; no refunds in-period,0,new
EMAIL-697,FAM-1328,,07/09/2023 14:50:00 -0700,Frank Delgado <fdelgado@cascadetimber.com>,Jay Whitfield <jwhitfield@alderpointpartners.com>,Priya Shah,email,Buyer inquiry — placement status after pause,C,EVT-C-37,post-pause buyer impact inquiry (pause Jun 27),0,new
EMAIL-698,FAM-1329,,07/19/2022 10:40:00 -0700,M Reyes <mreyes@bluerivercap.com>,J Orr <jorr@cppension.org>,A Patel,email,Placement template — draft (pre-broker),C,EVT-C-24,template draft; Bellhaven engaged Sep 2 (008),2,new
EMAIL-699,FAM-1330,,11/14/2022 13:55:00 -0800,Derek Holt <dholt@bellhavenadvisory.com>,Jay Whitfield <jwhitfield@alderpointpartners.com>,Dana Whitaker,email,Broker pipeline update,C,EVT-C-29,representation vs receipt join; version-controlled deck/agreement/certificate,2,new
EMAIL-700,FAM-1331,,11/16/2022 14:10:00 -0800,Derek Holt <dholt@bellhavenadvisory.com>,A Patel <apatel@bluerivercap.com>,Priya Shah,email,Buyer diligence request — buyer lot 2,C,EVT-C-06,pre-placement diligence; no refunds in-period,0,new
EMAIL-701,FAM-1332,,02/21/2023 11:20:00 -0800,D Liu <dliu@northforkef.com>,J Orr <jorr@cppension.org>,Sarah Nguyen,email,Marketing deck v2 (checklist version-controlled),C,EVT-C-18,representation vs receipt join; version-controlled deck/agreement/certificate,0,new
EMAIL-702,FAM-1333,,09/17/2023 15:40:00 -0700,D Liu <dliu@northforkef.com>,Tom Reyes <treyes@alderpointpartners.com>,Robert Denniston,email,Broker pipeline update,C,EVT-C-35,representation vs receipt join; version-controlled deck/agreement/certificate,0,new
EMAIL-703,FAM-1334,,11/03/2022 08:50:00 -0800,Tom Reyes <treyes@alderpointpartners.com>,A Patel <apatel@bluerivercap.com>,Nina Alvarez,email,Marketing deck v3 (checklist version-controlled),C,EVT-C-18,representation vs receipt join; version-controlled deck/agreement/certificate,0,new
EMAIL-704,FAM-1335,,08/13/2023 09:50:00 -0700,J Orr <jorr@cppension.org>,Tom Reyes <treyes@alderpointpartners.com>; Frank Delgado <fdelgado@cascadetimber.com>,Wendy Park,email,Placement agreement — Bellhaven batch 5,C,EVT-C-30,representation vs receipt join; version-controlled deck/agreement/certificate,0,new
EMAIL-705,FAM-1336,,11/29/2023 13:00:00 -0800,M Reyes <mreyes@bluerivercap.com>,Priya Shah <pshah@alderpointpartners.com>,Human Resources,email,Refund demand — buyer lot 6,C,EVT-C-32,representation vs receipt join; version-controlled deck/agreement/certificate,0,new
EMAIL-706,FAM-1337,,01/21/2023 14:50:00 -0800,M Reyes <mreyes@bluerivercap.com>,S Grant <sgrant@willamettefh.com>,Facilities,email,Buyer inquiry — batch timing and coverage,C,EVT-C-01,early timing inquiry; no pause in-period,0,new
EMAIL-707,FAM-1303,EMAIL-671,08/20/2023 08:30:00 -0700,M Reyes <mreyes@bluerivercap.com>,Priya Shah <pshah@alderpointpartners.com>,Mia Chen,email,Broker pipeline update,C,EVT-C-37,representation vs receipt join; version-controlled deck/agreement/certificate,0,new
EMAIL-708,FAM-1338,,02/05/2023 09:00:00 -0800,Frank Delgado <fdelgado@cascadetimber.com>,Jay Whitfield <jwhitfield@alderpointpartners.com>,Human Resources,email,Broker pipeline update,C,EVT-C-06,representation vs receipt join; version-controlled deck/agreement/certificate,0,new
EMAIL-709,FAM-1339,,05/26/2022 09:15:00 -0700,Priya Shah <pshah@alderpointpartners.com>,K Singh <ksingh@northforkef.com>,Tom Reyes,email,Buyer inquiry — batch timing,C,EVT-C-28,early buyer timing inquiry; no pause exists in-period,0,new
EMAIL-710,FAM-1340,,09/30/2022 11:00:00 -0700,Renee Ford <rford@bellhavenadvisory.com>,Derek Holt <dholt@bellhavenadvisory.com>; S Grant <sgrant@willamettefh.com>,Craig Sato,email,Buyer diligence request — buyer lot 2,C,EVT-C-08,pre-placement diligence; no refunds in-period,0,new
EMAIL-711,FAM-1341,,11/27/2023 10:35:00 -0800,Frank Delgado <fdelgado@cascadetimber.com>,Rosa Kim <rkim@northstar-comms.com>,Sarah Nguyen,email,Board messaging note — disclosure,C2,EVT-C2-19,disclosure version trail (routine-language); pack-cited; audience split from C1,0,new
EMAIL-712,FAM-1341,EMAIL-711,12/03/2023 16:10:00 -0800,Frank Delgado <fdelgado@cascadetimber.com>,Elena Marlowe <emarlowe@cascadetimber.com>,Jay Whitfield,email,Investor FAQ draft v4 (routine-language trail),C2,EVT-C2-26,disclosure version trail (routine-language); pack-cited; audience split from C1,2,new
EMAIL-713,FAM-1342,,07/31/2023 14:50:00 -0700,Frank Delgado <fdelgado@cascadetimber.com>,Robert Denniston <rdenniston@cascadetimber.com>,Robert Denniston,email,Board messaging note — disclosure,C2,EVT-C2-34,disclosure version trail (routine-language); pack-cited; audience split from C1,0,new
EMAIL-714,FAM-1343,,06/28/2023 15:30:00 -0700,Rosa Kim <rkim@northstar-comms.com>,Robert Denniston <rdenniston@cascadetimber.com>,Human Resources,email,Analyst Q&A prep — restart timing,C2,EVT-C2-35,disclosure version trail (routine-language); pack-cited; audience split from C1,0,new
EMAIL-715,FAM-1353,EMAIL-740,09/08/2023 17:55:00 -0700,Robert Denniston <rdenniston@cascadetimber.com>,Frank Delgado <fdelgado@cascadetimber.com>,Facilities,email,Board messaging note — disclosure,C2,EVT-C2-08,disclosure version trail (routine-language); pack-cited; audience split from C1,0,new
EMAIL-716,FAM-1344,,12/03/2023 15:20:00 -0800,Robert Denniston <rdenniston@cascadetimber.com>,Elena Marlowe <emarlowe@cascadetimber.com>; Rosa Kim <rkim@northstar-comms.com>,Jay Whitfield,email,Q3 pack financial cite — disclosure,C2,EVT-C2-05,disclosure version trail (routine-language); pack-cited; audience split from C1,0,new
EMAIL-717,FAM-1342,EMAIL-713,09/28/2023 13:40:00 -0700,Robert Denniston <rdenniston@cascadetimber.com>,Rosa Kim <rkim@northstar-comms.com>,John Ellery,email,Investor FAQ draft v3 (routine-language trail),C2,EVT-C2-04,disclosure version trail (routine-language); pack-cited; audience split from C1,0,new
EMAIL-718,FAM-1345,,10/02/2023 13:10:00 -0700,Frank Delgado <fdelgado@cascadetimber.com>,Robert Denniston <rdenniston@cascadetimber.com>,Human Resources,email,Board messaging note — disclosure,C2,EVT-C2-17,disclosure version trail (routine-language); pack-cited; audience split from C1,0,new
EMAIL-719,FAM-1348,EMAIL-733,10/10/2023 10:45:00 -0700,Elena Marlowe <emarlowe@cascadetimber.com>,Frank Delgado <fdelgado@cascadetimber.com>,Dana Whitaker,email,Board messaging note — disclosure,C2,EVT-C2-05,disclosure version trail (routine-language); pack-cited; audience split from C1,0,new
EMAIL-720,FAM-1343,EMAIL-714,07/01/2023 09:15:00 -0700,Frank Delgado <fdelgado@cascadetimber.com>,Robert Denniston <rdenniston@cascadetimber.com>,Priya Shah,email,Board messaging note — disclosure,C2,EVT-C2-19,disclosure version trail (routine-language); pack-cited; audience split from C1,0,new
EMAIL-721,FAM-1342,EMAIL-717,11/30/2023 15:45:00 -0800,Frank Delgado <fdelgado@cascadetimber.com>,Robert Denniston <rdenniston@cascadetimber.com>,A Patel,email,Analyst Q&A prep — restart timing,C2,EVT-C2-02,disclosure version trail (routine-language); pack-cited; audience split from C1,0,new
EMAIL-722,FAM-1346,,10/07/2023 11:25:00 -0700,Elena Marlowe <emarlowe@cascadetimber.com>,Rosa Kim <rkim@northstar-comms.com>; Frank Delgado <fdelgado@cascadetimber.com>,Human Resources,email,Q3 pack financial cite — disclosure,C2,EVT-C2-18,disclosure version trail (routine-language); pack-cited; audience split from C1,0,new
EMAIL-723,FAM-1347,,12/09/2023 09:00:00 -0800,Elena Marlowe <emarlowe@cascadetimber.com>,Frank Delgado <fdelgado@cascadetimber.com>,Craig Sato,email,Investor FAQ draft v2 (routine-language trail),C2,EVT-C2-02,disclosure version trail (routine-language); pack-cited; audience split from C1,0,new
EMAIL-724,FAM-1348,,08/22/2023 11:35:00 -0700,Frank Delgado <fdelgado@cascadetimber.com>,Rosa Kim <rkim@northstar-comms.com>; Robert Denniston <rdenniston@cascadetimber.com>,Facilities,email,Analyst Q&A prep — restart timing,C2,EVT-C2-09,disclosure version trail (routine-language); pack-cited; audience split from C1,1,new
EMAIL-725,FAM-1349,,11/16/2023 08:35:00 -0800,Frank Delgado <fdelgado@cascadetimber.com>,Rosa Kim <rkim@northstar-comms.com>,Hannah Cole,email,Analyst Q&A prep — restart timing,C2,EVT-C2-05,disclosure version trail (routine-language); pack-cited; audience split from C1,0,new
EMAIL-726,FAM-1342,EMAIL-717,11/29/2023 14:45:00 -0800,Frank Delgado <fdelgado@cascadetimber.com>,Elena Marlowe <emarlowe@cascadetimber.com>,Priya Shah,email,Board messaging note — disclosure,C2,EVT-C2-23,disclosure version trail (routine-language); pack-cited; audience split from C1,0,new
EMAIL-727,FAM-1350,,08/06/2023 09:10:00 -0700,Rosa Kim <rkim@northstar-comms.com>,Frank Delgado <fdelgado@cascadetimber.com>,HR,email,Investor FAQ draft v2 (routine-language trail),C2,EVT-C2-04,disclosure version trail (routine-language); pack-cited; audience split from C1,0,new
EMAIL-728,FAM-1351,EMAIL-729,08/06/2023 11:55:00 -0700,Rosa Kim <rkim@northstar-comms.com>,Robert Denniston <rdenniston@cascadetimber.com>,John Ellery,email,Analyst Q&A prep — restart timing,C2,EVT-C2-05,disclosure version trail (routine-language); pack-cited; audience split from C1,0,new
EMAIL-729,FAM-1351,,08/04/2023 11:50:00 -0700,Elena Marlowe <emarlowe@cascadetimber.com>,Frank Delgado <fdelgado@cascadetimber.com>,Tom Reyes,email,Q3 pack financial cite — disclosure,C2,EVT-C2-03,disclosure version trail (routine-language); pack-cited; audience split from C1,0,new
EMAIL-730,FAM-1343,EMAIL-714,07/16/2023 13:45:00 -0700,Rosa Kim <rkim@northstar-comms.com>,Elena Marlowe <emarlowe@cascadetimber.com>,Facilities,email,Board messaging note — disclosure,C2,EVT-C2-34,disclosure version trail (routine-language); pack-cited; audience split from C1; alias-variant test,1,new
EMAIL-731,FAM-1352,,12/05/2023 09:20:00 -0800,Frank Delgado <fdelgado@cascadetimber.com>,Rosa Kim <rkim@northstar-comms.com>,Grace Lin,email,Investor FAQ draft v5 (routine-language trail),C2,EVT-C2-40,disclosure version trail (routine-language); pack-cited; audience split from C1,0,new
EMAIL-732,FAM-1343,EMAIL-720,08/14/2023 10:00:00 -0700,Rosa Kim <rkim@northstar-comms.com>,Frank Delgado <fdelgado@cascadetimber.com>,John Ellery,email,Q3 pack financial cite — disclosure,C2,EVT-C2-03,disclosure version trail (routine-language); pack-cited; audience split from C1,1,new
EMAIL-733,FAM-1348,EMAIL-724,09/04/2023 13:25:00 -0700,Frank Delgado <fdelgado@cascadetimber.com>,Elena Marlowe <emarlowe@cascadetimber.com>,Facilities,email,Q3 pack financial cite — disclosure,C2,EVT-C2-01,disclosure version trail (routine-language); pack-cited; audience split from C1,0,new
EMAIL-734,FAM-1352,EMAIL-731,12/07/2023 09:25:00 -0800,Robert Denniston <rdenniston@cascadetimber.com>,Rosa Kim <rkim@northstar-comms.com>; Elena Marlowe <emarlowe@cascadetimber.com>,Alan Brooks,email,Q3 pack financial cite — disclosure,C2,EVT-C2-29,disclosure version trail (routine-language); pack-cited; audience split from C1,1,new
EMAIL-735,FAM-1353,,10/25/2023 10:45:00 -0700,Rosa Kim <rkim@northstar-comms.com>,Elena Marlowe <emarlowe@cascadetimber.com>,A Patel,email,Board messaging note — disclosure,C2,EVT-C2-22,disclosure version trail (routine-language); pack-cited; audience split from C1,0,new
EMAIL-736,FAM-1354,,09/20/2023 09:45:00 -0700,Robert Denniston <rdenniston@cascadetimber.com>,Elena Marlowe <emarlowe@cascadetimber.com>,Dana Whitaker,email,Analyst Q&A prep — restart timing,C2,EVT-C2-15,disclosure version trail (routine-language); pack-cited; audience split from C1,0,new
EMAIL-737,FAM-1355,,11/16/2023 15:45:00 -0800,Frank Delgado <fdelgado@cascadetimber.com>,Rosa Kim <rkim@northstar-comms.com>; Elena Marlowe <emarlowe@cascadetimber.com>,Facilities,email,Board messaging note — disclosure,C2,EVT-C2-37,disclosure version trail (routine-language); pack-cited; audience split from C1,1,new
EMAIL-738,FAM-1356,,10/05/2023 09:30:00 -0700,Robert Denniston <rdenniston@cascadetimber.com>,Elena Marlowe <emarlowe@cascadetimber.com>,Craig Sato,email,Investor FAQ draft v3 (routine-language trail),C2,EVT-C2-36,disclosure version trail (routine-language); pack-cited; audience split from C1,0,new
EMAIL-739,FAM-1352,EMAIL-742,10/17/2023 17:55:00 -0700,Robert Denniston <rdenniston@cascadetimber.com>,Frank Delgado <fdelgado@cascadetimber.com>,Frank Delgado,email,Board messaging note — disclosure,C2,EVT-C2-09,disclosure version trail (routine-language); pack-cited; audience split from C1,0,new
EMAIL-740,FAM-1342,EMAIL-713,08/11/2023 13:05:00 -0700,Robert Denniston <rdenniston@cascadetimber.com>,Rosa Kim <rkim@northstar-comms.com>,Jay Whitfield,email,Analyst Q&A prep — restart timing,C2,EVT-C2-18,disclosure version trail (routine-language); pack-cited; audience split from C1,0,new
EMAIL-741,FAM-1357,,07/31/2023 09:50:00 -0700,Rosa Kim <rkim@northstar-comms.com>,Robert Denniston <rdenniston@cascadetimber.com>,Robert Denniston,email,Board messaging note — disclosure,C2,EVT-C2-16,disclosure version trail (routine-language); pack-cited; audience split from C1,0,new
EMAIL-742,FAM-1351,EMAIL-729,09/05/2023 11:35:00 -0700,Elena Marlowe <emarlowe@cascadetimber.com>,Robert Denniston <rdenniston@cascadetimber.com>,Robert Denniston,email,Q3 pack financial cite — disclosure,C2,EVT-C2-13,disclosure version trail (routine-language); pack-cited; audience split from C1,0,new
EMAIL-743,FAM-1352,EMAIL-742,12/15/2023 16:55:00 -0800,Rosa Kim <rkim@northstar-comms.com>,Robert Denniston <rdenniston@cascadetimber.com>,Marcus Webb,email,Investor FAQ draft v3 (routine-language trail),C2,EVT-C2-17,disclosure version trail (routine-language); pack-cited; audience split from C1,0,new
EMAIL-744,FAM-1342,EMAIL-739,12/09/2023 10:10:00 -0800,Frank Delgado <fdelgado@cascadetimber.com>,Elena Marlowe <emarlowe@cascadetimber.com>,Dan Osei,email,Analyst Q&A prep — restart timing,C2,EVT-C2-29,disclosure version trail (routine-language); pack-cited; audience split from C1,0,new
EMAIL-745,FAM-1351,EMAIL-729,10/30/2023 09:20:00 -0700,Robert Denniston <rdenniston@cascadetimber.com>,Rosa Kim <rkim@northstar-comms.com>,Alan Brooks,email,Q3 pack financial cite — disclosure,C2,EVT-C2-27,disclosure version trail (routine-language); pack-cited; audience split from C1,0,new
EMAIL-746,FAM-1358,,12/13/2023 13:00:00 -0800,Robert Denniston <rdenniston@cascadetimber.com>,Elena Marlowe <emarlowe@cascadetimber.com>,Human Resources,email,Analyst Q&A prep — restart timing,C2,EVT-C2-25,disclosure version trail (routine-language); pack-cited; audience split from C1,1,new
EMAIL-747,FAM-1343,EMAIL-714,11/12/2023 11:00:00 -0800,Frank Delgado <fdelgado@cascadetimber.com>,Robert Denniston <rdenniston@cascadetimber.com>; Elena Marlowe <emarlowe@cascadetimber.com>,Jay Whitfield,email,Analyst Q&A prep — restart timing,C2,EVT-C2-06,disclosure version trail (routine-language); pack-cited; audience split from C1,0,new
EMAIL-748,FAM-1351,EMAIL-728,08/28/2023 16:05:00 -0700,Robert Denniston <rdenniston@cascadetimber.com>,Elena Marlowe <emarlowe@cascadetimber.com>; Frank Delgado <fdelgado@cascadetimber.com>,Dana Whitaker,email,Q3 pack financial cite — disclosure,C2,EVT-C2-36,disclosure version trail (routine-language); pack-cited; audience split from C1,1,new
EMAIL-749,FAM-1359,,10/27/2023 10:45:00 -0700,Elena Marlowe <emarlowe@cascadetimber.com>,Rosa Kim <rkim@northstar-comms.com>,Derek Holt,email,Investor FAQ draft v3 (routine-language trail),C2,EVT-C2-08,disclosure version trail (routine-language); pack-cited; audience split from C1,0,new
EMAIL-750,FAM-1360,,11/28/2023 09:30:00 -0800,Elena Marlowe <emarlowe@cascadetimber.com>,Robert Denniston <rdenniston@cascadetimber.com>,Derek Holt,email,Q3 pack financial cite — disclosure,C2,EVT-C2-34,disclosure version trail (routine-language); pack-cited; audience split from C1,0,new
EMAIL-751,FAM-1361,,03/06/2023 11:10:00 -0700,Nina Alvarez <nalvarez@alderpointpartners.com>,Renee Ford <rford@bellhavenadvisory.com>,Alan Brooks,survey-field-sheet,State database check — Bellhaven (process record),D,EVT-D-09,authority join input (filing OR issuance date only — matrix required),0,new
EMAIL-752,FAM-1362,,12/30/2022 19:10:00 -0800,Sarah Nguyen <snguyen@cascadetimber.com>,Priya Shah <pshah@alderpointpartners.com>; Tom Reyes <treyes@alderpointpartners.com>,Human Resources,survey-field-sheet,Renewal FILING receipt — OR/WA (filing date only),D,EVT-D-28,authority join input (filing OR issuance date only — matrix required),0,new
EMAIL-753,EMAIL-213,EMAIL-213,09/27/2023 15:05:00 -0700,Sarah Nguyen <snguyen@cascadetimber.com>,Tom Reyes <treyes@alderpointpartners.com>,John Ellery,memo,Diligence-refresh file note,D,EVT-D-23,authority join input (filing OR issuance date only — matrix required),0,new
EMAIL-754,FAM-1363,,08/09/2023 09:45:00 -0700,Jay Whitfield <jwhitfield@alderpointpartners.com>,Priya Shah <pshah@alderpointpartners.com>; Tom Reyes <treyes@alderpointpartners.com>,Human Resources,email,Renewal FILING receipt — OR/WA (filing date only),D,EVT-D-21,authority join input (filing OR issuance date only — matrix required),0,new
EMAIL-755,FAM-1364,,08/11/2022 10:30:00 -0700,Sarah Nguyen <snguyen@cascadetimber.com>,Derek Holt <dholt@bellhavenadvisory.com>,Robert Denniston,email,Broker vetting note — Bellhaven (pre-engagement),D,EVT-D-08,pre-engagement vetting for Sep 2 decision,0,new
EMAIL-756,FAM-1365,,08/13/2023 16:25:00 -0700,Derek Holt <dholt@bellhavenadvisory.com>,Priya Shah <pshah@alderpointpartners.com>,Human Resources,survey-field-sheet,State database check — Bellhaven (process record),D,EVT-D-04,authority join input (filing OR issuance date only — matrix required),0,new
EMAIL-757,FAM-1366,,07/13/2023 08:15:00 -0700,Tom Reyes <treyes@alderpointpartners.com>,Sarah Nguyen <snguyen@cascadetimber.com>,HR,email,Renewal ISSUANCE certificate — OR/WA (issuance date only),D,EVT-D-01,authority join input (filing OR issuance date only — matrix required) [Nina departed Jun 30 (061/082); reassigned to active custodian],1,new
EMAIL-758,FAM-1367,,06/19/2023 15:35:00 -0700,Derek Holt <dholt@bellhavenadvisory.com>,Tom Reyes <treyes@alderpointpartners.com>,Elena Marlowe,email,Renewal ISSUANCE certificate — OR/WA (issuance date only),D,EVT-D-22,authority join input (filing OR issuance date only — matrix required),0,new
EMAIL-759,EMAIL-014,EMAIL-014,09/10/2023 08:40:00 -0700,Renee Ford <rford@bellhavenadvisory.com>,Sarah Nguyen <snguyen@cascadetimber.com>,Robert Denniston,email,Placement-date vs authority matrix (join record),D,EVT-D-17,authority join input (filing OR issuance date only — matrix required); near-dupe/version test,0,new
EMAIL-760,EMAIL-177,EMAIL-177,11/23/2022 11:15:00 -0800,Tom Reyes <treyes@alderpointpartners.com>,Nina Alvarez <nalvarez@alderpointpartners.com>,Robert Denniston,filing-receipt,"Broker renewal status — OR/WA (pending, per 9/15 notice)",D,EVT-D-25,pending-renewal status; issuance docs allowed only from Dec 20 (045),0,new
EMAIL-761,EMAIL-173,EMAIL-173,12/26/2022 11:25:00 -0800,Sarah Nguyen <snguyen@cascadetimber.com>,Tom Reyes <treyes@alderpointpartners.com>,IT Notifications,email,Broker coverage worksheet (issuance unverified),D,EVT-D-04,partial join input; issuance unproven in-period,0,new
EMAIL-762,EMAIL-213,EMAIL-213,04/18/2023 16:50:00 -0700,Tom Reyes <treyes@alderpointpartners.com>,Derek Holt <dholt@bellhavenadvisory.com>,John Ellery,email,Renewal ISSUANCE certificate — OR/WA (issuance date only),D,EVT-D-40,authority join input (filing OR issuance date only — matrix required),1,new
EMAIL-763,FAM-1368,,08/24/2023 08:40:00 -0700,Derek Holt <dholt@bellhavenadvisory.com>,Tom Reyes <treyes@alderpointpartners.com>,Sarah Nguyen,email,Renewal ISSUANCE certificate — OR/WA (issuance date only),D,EVT-D-17,authority join input (filing OR issuance date only — matrix required),0,new
EMAIL-764,FAM-1369,,07/04/2022 09:55:00 -0700,Derek Holt <dholt@bellhavenadvisory.com>,Sarah Nguyen <snguyen@cascadetimber.com>,Brenda Moss,email,Broker coverage inquiry (pre-engagement),D,EVT-D-19,coverage question; no renewal cycle yet (engaged Sep 2),1,new
EMAIL-765,FAM-1370,,09/29/2023 14:50:00 -0700,Tom Reyes <treyes@alderpointpartners.com>,Priya Shah <pshah@alderpointpartners.com>,IT Notifications,email,Diligence-refresh file note,D,EVT-D-38,authority join input (filing OR issuance date only — matrix required),1,new
EMAIL-766,FAM-1371,,04/29/2023 10:05:00 -0700,Jay Whitfield <jwhitfield@alderpointpartners.com>,Priya Shah <pshah@alderpointpartners.com>,Craig Sato,email,Placement-date vs authority matrix (join record),D,EVT-D-24,authority join input (filing OR issuance date only — matrix required),0,new
EMAIL-767,EMAIL-010,EMAIL-010,09/02/2023 08:30:00 -0700,Tom Reyes <treyes@alderpointpartners.com>,Jay Whitfield <jwhitfield@alderpointpartners.com>,Facilities,email,State database check — Bellhaven (process record),D,EVT-D-31,authority join input (filing OR issuance date only — matrix required) [Nina departed Jun 30 (061/082); reassigned to active custodian],0,new
EMAIL-768,FAM-1372,,02/02/2023 09:15:00 -0800,Sarah Nguyen <snguyen@cascadetimber.com>,Jay Whitfield <jwhitfield@alderpointpartners.com>,Sarah Nguyen,email,Renewal ISSUANCE certificate — OR/WA (issuance date only),D,EVT-D-13,authority join input (filing OR issuance date only — matrix required),0,new
EMAIL-769,FAM-1373,,06/14/2023 08:55:00 -0700,Tom Reyes <treyes@alderpointpartners.com>,Priya Shah <pshah@alderpointpartners.com>,Priya Shah,email,Renewal FILING receipt — OR/WA (filing date only),D,EVT-D-19,authority join input (filing OR issuance date only — matrix required),0,new
EMAIL-770,FAM-1364,EMAIL-755,06/25/2023 09:05:00 -0700,Nina Alvarez <nalvarez@alderpointpartners.com>,Derek Holt <dholt@bellhavenadvisory.com>,Grace Lin,email,Placement-date vs authority matrix (join record),D,EVT-D-17,authority join input (filing OR issuance date only — matrix required),0,new
EMAIL-771,FAM-1374,,06/03/2023 10:35:00 -0700,Sarah Nguyen <snguyen@cascadetimber.com>,Tom Reyes <treyes@alderpointpartners.com>,Hannah Cole,email,Placement-date vs authority matrix (join record),D,EVT-D-16,authority join input (filing OR issuance date only — matrix required),0,new
EMAIL-772,FAM-1375,,03/31/2023 09:15:00 -0700,Jay Whitfield <jwhitfield@alderpointpartners.com>,Sarah Nguyen <snguyen@cascadetimber.com>,Facilities,email,Renewal FILING receipt — OR/WA (filing date only),D,EVT-D-20,authority join input (filing OR issuance date only — matrix required); near-dupe/version test,0,new
EMAIL-773,FAM-1376,,04/23/2023 13:10:00 -0700,Nina Alvarez <nalvarez@alderpointpartners.com>,Tom Reyes <treyes@alderpointpartners.com>,Marcus Webb,survey-field-sheet,State database check — Bellhaven (process record),D,EVT-D-24,authority join input (filing OR issuance date only — matrix required),0,new
EMAIL-774,FAM-1377,,12/04/2022 13:25:00 -0800,Derek Holt <dholt@bellhavenadvisory.com>,Tom Reyes <treyes@alderpointpartners.com>,Dan Osei,email,"Broker renewal status — OR/WA (pending, per 9/15 notice)",D,EVT-D-40,pending-renewal status; issuance docs allowed only from Dec 20 (045),1,new
EMAIL-775,FAM-1378,,09/25/2022 08:15:00 -0700,Sarah Nguyen <snguyen@cascadetimber.com>,Tom Reyes <treyes@alderpointpartners.com>,Dana Whitaker,board-record,"Broker renewal status — OR/WA (pending, per 9/15 notice)",D,EVT-D-40,"pending-renewal status note; no issuance asserted (finalized claim is Dec 20, 045)",0,new
EMAIL-776,FAM-1379,,07/13/2023 13:40:00 -0700,Derek Holt <dholt@bellhavenadvisory.com>,Jay Whitfield <jwhitfield@alderpointpartners.com>,Sarah Nguyen,certificate,Placement-date vs authority matrix (join record),D,EVT-D-31,authority join input (filing OR issuance date only — matrix required),0,new
EMAIL-777,FAM-1380,,07/12/2023 13:10:00 -0700,Derek Holt <dholt@bellhavenadvisory.com>,Tom Reyes <treyes@alderpointpartners.com>; Sarah Nguyen <snguyen@cascadetimber.com>,Derek Holt,email,Renewal FILING receipt — OR/WA (filing date only),D,EVT-D-17,authority join input (filing OR issuance date only — matrix required),0,new
EMAIL-778,EMAIL-073,EMAIL-073,07/14/2022 09:10:00 -0700,Sarah Nguyen <snguyen@cascadetimber.com>,Derek Holt <dholt@bellhavenadvisory.com>,IT Notifications,email,Diligence file note (pre-engagement),D,EVT-D-23,early diligence note; refresh cycle is Sep 26 (191),1,new
EMAIL-779,FAM-1381,,02/13/2023 08:55:00 -0800,Nina Alvarez <nalvarez@alderpointpartners.com>,Priya Shah <pshah@alderpointpartners.com>,Derek Holt,email,Renewal ISSUANCE certificate — OR/WA (issuance date only),D,EVT-D-32,authority join input (filing OR issuance date only — matrix required),0,new
EMAIL-780,EMAIL-228,EMAIL-778,02/08/2023 08:20:00 -0800,Jay Whitfield <jwhitfield@alderpointpartners.com>,Renee Ford <rford@bellhavenadvisory.com>; Priya Shah <pshah@alderpointpartners.com>,Brenda Moss,memo,Diligence-refresh file note,D,EVT-D-09,authority join input (filing OR issuance date only — matrix required),0,new
EMAIL-781,FAM-1382,,05/21/2023 11:50:00 -0700,Renee Ford <rford@bellhavenadvisory.com>,Nina Alvarez <nalvarez@alderpointpartners.com>,Human Resources,email,State database check — Bellhaven (process record),D,EVT-D-30,authority join input (filing OR issuance date only — matrix required),0,new
EMAIL-782,EMAIL-228,EMAIL-228,05/24/2023 10:05:00 -0700,Renee Ford <rford@bellhavenadvisory.com>,Priya Shah <pshah@alderpointpartners.com>,Wendy Park,email,Renewal FILING receipt — OR/WA (filing date only),D,EVT-D-21,authority join input (filing OR issuance date only — matrix required); alias-variant test,0,new
EMAIL-783,FAM-1383,,08/22/2023 10:10:00 -0700,Priya Shah <pshah@alderpointpartners.com>,Jay Whitfield <jwhitfield@alderpointpartners.com>,A Patel,email,Renewal FILING receipt — OR/WA (filing date only),D,EVT-D-32,authority join input (filing OR issuance date only — matrix required); near-dupe/version test,1,new
EMAIL-784,FAM-1384,,12/01/2022 15:10:00 -0800,Derek Holt <dholt@bellhavenadvisory.com>,Nina Alvarez <nalvarez@alderpointpartners.com>,Marcus Webb,email,Broker coverage worksheet (issuance unverified),D,EVT-D-05,partial join input; issuance unproven in-period,0,new
EMAIL-785,FAM-1390,EMAIL-791,08/01/2022 15:00:00 -0700,Sarah Nguyen <snguyen@cascadetimber.com>,Jay Whitfield <jwhitfield@alderpointpartners.com>,Grace Lin,email,Broker coverage inquiry (pre-engagement),D,EVT-D-26,coverage question; no renewal cycle yet (engaged Sep 2),0,new
EMAIL-786,FAM-1385,,07/15/2023 13:15:00 -0700,Sarah Nguyen <snguyen@cascadetimber.com>,Derek Holt <dholt@bellhavenadvisory.com>,Craig Sato,memo,Placement-date vs authority matrix (join record),D,EVT-D-13,authority join input (filing OR issuance date only — matrix required),0,new
EMAIL-787,FAM-1386,,10/14/2022 15:30:00 -0700,Nina Alvarez <nalvarez@alderpointpartners.com>,Renee Ford <rford@bellhavenadvisory.com>,Dana Whitaker,pdf-record,Renewal FILING receipt — OR/WA (filing date only),D,EVT-D-36,authority join input (filing OR issuance date only — matrix required),0,new
EMAIL-788,FAM-1387,,11/04/2022 14:45:00 -0800,Sarah Nguyen <snguyen@cascadetimber.com>,Renee Ford <rford@bellhavenadvisory.com>,Derek Holt,email,Diligence-refresh file note,D,EVT-D-03,authority join input (filing OR issuance date only — matrix required),0,new
EMAIL-789,FAM-1388,,06/04/2022 15:30:00 -0700,Sarah Nguyen <snguyen@cascadetimber.com>,Renee Ford <rford@bellhavenadvisory.com>,Human Resources,email,Broker coverage inquiry (pre-engagement),D,EVT-D-15,coverage question; no authority matrix in-period (matrix requires post-Sep placements),0,new
EMAIL-790,FAM-1389,,06/05/2022 09:10:00 -0700,Tom Reyes <treyes@alderpointpartners.com>,Nina Alvarez <nalvarez@alderpointpartners.com>,Tom Reyes,email,Broker onboarding checklist — registration to verify,D,EVT-D-21,pre-engagement checklist; Bellhaven engaged Sep 2022 (008),0,new
EMAIL-791,FAM-1390,,07/23/2022 15:05:00 -0700,Sarah Nguyen <snguyen@cascadetimber.com>,Nina Alvarez <nalvarez@alderpointpartners.com>,Brenda Moss,email,Diligence file note (pre-engagement),D,EVT-D-14,early diligence note; refresh cycle is Sep 26 (191),0,new
EMAIL-792,FAM-1391,,09/13/2023 08:25:00 -0700,Derek Holt <dholt@bellhavenadvisory.com>,Tom Reyes <treyes@alderpointpartners.com>,Derek Holt,bank-record,Renewal FILING receipt — OR/WA (filing date only),D,EVT-D-17,authority join input (filing OR issuance date only — matrix required),0,new
EMAIL-793,EMAIL-177,EMAIL-177,09/08/2022 13:45:00 -0700,Sarah Nguyen <snguyen@cascadetimber.com>,Jay Whitfield <jwhitfield@alderpointpartners.com>,Derek Holt,email,"Broker renewal status — OR/WA (pending, per 9/15 notice)",D,EVT-D-30,"pending-renewal status note; no issuance asserted (finalized claim is Dec 20, 045)",0,new
EMAIL-794,FAM-1364,EMAIL-785,10/09/2022 15:20:00 -0700,Derek Holt <dholt@bellhavenadvisory.com>,Sarah Nguyen <snguyen@cascadetimber.com>,Craig Sato,email,"Broker renewal status — OR/WA (pending, per 9/15 notice)",D,EVT-D-07,"pending-renewal status note; no issuance asserted (finalized claim is Dec 20, 045)",0,new
EMAIL-795,FAM-1392,,08/12/2023 10:20:00 -0700,Jay Whitfield <jwhitfield@alderpointpartners.com>,Tom Reyes <treyes@alderpointpartners.com>,Derek Holt,pdf-record,Renewal ISSUANCE certificate — OR/WA (issuance date only),D,EVT-D-20,authority join input (filing OR issuance date only — matrix required),0,new
EMAIL-796,FAM-1393,,06/16/2022 09:30:00 -0700,Sarah Nguyen <snguyen@cascadetimber.com>,Derek Holt <dholt@bellhavenadvisory.com>,Sarah Nguyen,survey-field-sheet,Broker coverage inquiry (pre-engagement),D,EVT-D-07,coverage question; no authority matrix in-period (matrix requires post-Sep placements),0,new
EMAIL-797,FAM-1394,,12/29/2022 08:05:00 -0800,Nina Alvarez <nalvarez@alderpointpartners.com>,Tom Reyes <treyes@alderpointpartners.com>,Alan Brooks,pdf-record,State database check — Bellhaven (process record),D,EVT-D-33,authority join input (filing OR issuance date only — matrix required),0,new
EMAIL-798,EMAIL-174,EMAIL-174,01/25/2023 10:30:00 -0800,Tom Reyes <treyes@alderpointpartners.com>,Renee Ford <rford@bellhavenadvisory.com>; Sarah Nguyen <snguyen@cascadetimber.com>,Elena Marlowe,email,Renewal FILING receipt — OR/WA (filing date only),D,EVT-D-06,authority join input (filing OR issuance date only — matrix required),0,new
EMAIL-799,FAM-1395,,10/06/2022 14:50:00 -0700,Nina Alvarez <nalvarez@alderpointpartners.com>,Derek Holt <dholt@bellhavenadvisory.com>,Human Resources,filing-receipt,Diligence-refresh file note,D,EVT-D-37,authority join input (filing OR issuance date only — matrix required),0,new
EMAIL-800,FAM-1396,,01/18/2023 14:40:00 -0800,Derek Holt <dholt@bellhavenadvisory.com>,Nina Alvarez <nalvarez@alderpointpartners.com>,Priya Shah,filing-receipt,Diligence-refresh file note,D,EVT-D-14,authority join input (filing OR issuance date only — matrix required),0,new
EMAIL-801,FAM-1397,,08/22/2023 09:50:00 -0700,Renee Ford <rford@bellhavenadvisory.com>,Tom Reyes <treyes@alderpointpartners.com>,Frank Delgado,board-record,Placement-date vs authority matrix (join record),D,EVT-D-37,authority join input (filing OR issuance date only — matrix required),0,new
EMAIL-802,FAM-1398,,12/23/2022 16:40:00 -0800,Renee Ford <rford@bellhavenadvisory.com>,Sarah Nguyen <snguyen@cascadetimber.com>,IT Notifications,survey-field-sheet,Diligence-refresh file note,D,EVT-D-06,authority join input (filing OR issuance date only — matrix required),0,new
EMAIL-803,FAM-1399,,03/21/2023 15:30:00 -0700,Nina Alvarez <nalvarez@alderpointpartners.com>,Sarah Nguyen <snguyen@cascadetimber.com>,Marcus Webb,board-record,Placement-date vs authority matrix (join record),D,EVT-D-27,authority join input (filing OR issuance date only — matrix required),0,new
EMAIL-804,FAM-1400,,12/30/2022 11:55:00 -0800,Jay Whitfield <jwhitfield@alderpointpartners.com>,Tom Reyes <treyes@alderpointpartners.com>,Brenda Moss,email,Renewal FILING receipt — OR/WA (filing date only),D,EVT-D-01,authority join input (filing OR issuance date only — matrix required),0,new
EMAIL-805,FAM-1401,,10/13/2022 10:00:00 -0700,Jay Whitfield <jwhitfield@alderpointpartners.com>,Renee Ford <rford@bellhavenadvisory.com>,Sarah Nguyen,email,Diligence-refresh file note,D,EVT-D-25,authority join input (filing OR issuance date only — matrix required),0,new
EMAIL-806,FAM-1364,EMAIL-785,11/02/2022 09:50:00 -0800,Derek Holt <dholt@bellhavenadvisory.com>,Priya Shah <pshah@alderpointpartners.com>,Wendy Park,email,Diligence-refresh file note,D,EVT-D-02,authority join input (filing OR issuance date only — matrix required),0,new
EMAIL-807,FAM-1402,,02/01/2023 09:35:00 -0800,Jay Whitfield <jwhitfield@alderpointpartners.com>,Derek Holt <dholt@bellhavenadvisory.com>,Facilities,email,Placement-date vs authority matrix (join record),D,EVT-D-23,authority join input (filing OR issuance date only — matrix required),0,new
EMAIL-808,FAM-1403,,08/12/2022 11:50:00 -0700,Tom Reyes <treyes@alderpointpartners.com>,Priya Shah <pshah@alderpointpartners.com>,IT Notifications,filing-receipt,"Broker coverage worksheet (pre-engagement, no placements)",D,EVT-D-02,pre-engagement worksheet; matrix requires post-Sep placements,0,new
EMAIL-809,FAM-1364,EMAIL-770,08/27/2023 08:45:00 -0700,Jay Whitfield <jwhitfield@alderpointpartners.com>,Tom Reyes <treyes@alderpointpartners.com>,Facilities,spreadsheet,Diligence-refresh file note,D,EVT-D-21,authority join input (filing OR issuance date only — matrix required),0,new
EMAIL-810,FAM-1404,,09/27/2023 14:05:00 -0700,Priya Shah <pshah@alderpointpartners.com>,Tom Reyes <treyes@alderpointpartners.com>,Tom Reyes,email,Placement-date vs authority matrix (join record),D,EVT-D-36,authority join input (filing OR issuance date only — matrix required),0,new
EMAIL-811,FAM-1405,,02/28/2023 14:50:00 -0800,Sarah Nguyen <snguyen@cascadetimber.com>,Priya Shah <pshah@alderpointpartners.com>,Kevin Tran,survey-field-sheet,Placement-date vs authority matrix (join record),D,EVT-D-31,authority join input (filing OR issuance date only — matrix required),0,new
EMAIL-812,FAM-1406,,07/07/2023 15:15:00 -0700,Jay Whitfield <jwhitfield@alderpointpartners.com>,Sarah Nguyen <snguyen@cascadetimber.com>,Human Resources,email,Diligence-refresh file note,D,EVT-D-16,authority join input (filing OR issuance date only — matrix required),0,new
EMAIL-813,FAM-1407,,01/24/2023 09:25:00 -0800,Sarah Nguyen <snguyen@cascadetimber.com>,Jay Whitfield <jwhitfield@alderpointpartners.com>,Frank Delgado,email,State database check — Bellhaven (process record),D,EVT-D-04,authority join input (filing OR issuance date only — matrix required),1,new
EMAIL-814,EMAIL-010,EMAIL-010,12/05/2022 16:15:00 -0800,Jay Whitfield <jwhitfield@alderpointpartners.com>,Nina Alvarez <nalvarez@alderpointpartners.com>,Craig Sato,email,Broker coverage worksheet (issuance unverified),D,EVT-D-15,partial join input; issuance unproven in-period,0,new
EMAIL-815,FAM-1408,,07/24/2022 14:15:00 -0700,Jay Whitfield <jwhitfield@alderpointpartners.com>,Tom Reyes <treyes@alderpointpartners.com>,Human Resources,email,Diligence file note (pre-engagement),D,EVT-D-15,early diligence note; refresh cycle is Sep 26 (191),0,new
EMAIL-816,FAM-1409,,06/28/2023 15:45:00 -0700,Sarah Nguyen <snguyen@cascadetimber.com>,Nina Alvarez <nalvarez@alderpointpartners.com>,Human Resources,email,Diligence-refresh file note,D,EVT-D-07,authority join input (filing OR issuance date only — matrix required),0,new
EMAIL-817,EMAIL-173,EMAIL-173,11/23/2022 08:35:00 -0800,Derek Holt <dholt@bellhavenadvisory.com>,Sarah Nguyen <snguyen@cascadetimber.com>,Hannah Cole,email,Renewal FILING receipt — OR/WA (filing date only),D,EVT-D-29,authority join input (filing OR issuance date only — matrix required),1,new
EMAIL-818,FAM-1410,,11/04/2022 08:35:00 -0800,Sarah Nguyen <snguyen@cascadetimber.com>,Tom Reyes <treyes@alderpointpartners.com>,Brenda Moss,email,Renewal FILING receipt — OR/WA (filing date only),D,EVT-D-21,authority join input (filing OR issuance date only — matrix required),0,new
EMAIL-819,FAM-1411,,06/14/2023 17:20:00 -0700,Jay Whitfield <jwhitfield@alderpointpartners.com>,Sarah Nguyen <snguyen@cascadetimber.com>,Hannah Cole,email,State database check — Bellhaven (process record),D,EVT-D-23,authority join input (filing OR issuance date only — matrix required),0,new
EMAIL-820,FAM-1412,,07/31/2022 08:05:00 -0700,Priya Shah <pshah@alderpointpartners.com>,Derek Holt <dholt@bellhavenadvisory.com>,Sarah Nguyen,board-record,Broker vetting note — Bellhaven (pre-engagement),D,EVT-D-40,pre-engagement vetting for Sep 2 decision,0,new
EMAIL-821,FAM-1384,EMAIL-784,12/31/2022 10:45:00 -0800,Tom Reyes <treyes@alderpointpartners.com>,Priya Shah <pshah@alderpointpartners.com>,Human Resources,bank-record,Renewal FILING receipt — OR/WA (filing date only),D,EVT-D-07,authority join input (filing OR issuance date only — matrix required); near-dupe/version test,0,new
EMAIL-822,EMAIL-178,EMAIL-178,07/14/2022 08:55:00 -0700,Jay Whitfield <jwhitfield@alderpointpartners.com>,Nina Alvarez <nalvarez@alderpointpartners.com>,Nina Alvarez,email,Diligence file note (pre-engagement),D,EVT-D-22,early diligence note; refresh cycle is Sep 26 (191),0,new
EMAIL-823,FAM-1413,,07/24/2022 13:55:00 -0700,Priya Shah <pshah@alderpointpartners.com>,Sarah Nguyen <snguyen@cascadetimber.com>,Wendy Park,pdf-record,Broker vetting note — Bellhaven (pre-engagement),D,EVT-D-24,pre-engagement vetting for Sep 2 decision,0,new
EMAIL-824,FAM-1414,,10/26/2022 16:25:00 -0700,Nina Alvarez <nalvarez@alderpointpartners.com>,Jay Whitfield <jwhitfield@alderpointpartners.com>; Derek Holt <dholt@bellhavenadvisory.com>,Dana Whitaker,email,Broker coverage worksheet (issuance unverified),D,EVT-D-16,partial join input; issuance unproven in-period,1,new
EMAIL-825,FAM-1415,,09/18/2023 09:45:00 -0700,Derek Holt <dholt@bellhavenadvisory.com>,Priya Shah <pshah@alderpointpartners.com>,Dan Osei,bank-record,Diligence-refresh file note,D,EVT-D-30,authority join input (filing OR issuance date only — matrix required),0,new
EMAIL-826,FAM-1393,EMAIL-796,07/01/2022 13:35:00 -0700,Renee Ford <rford@bellhavenadvisory.com>,Derek Holt <dholt@bellhavenadvisory.com>,Robert Denniston,email,Broker registration baseline — states of coverage (pre-engagement),D,EVT-D-15,pre-engagement baseline; gap begins Sep 15 (009),0,new
EMAIL-827,FAM-1416,,08/05/2022 09:20:00 -0700,Renee Ford <rford@bellhavenadvisory.com>,Nina Alvarez <nalvarez@alderpointpartners.com>,HR,pdf-record,"Broker coverage worksheet (pre-engagement, no placements)",D,EVT-D-04,pre-engagement worksheet; matrix requires post-Sep placements,0,new
EMAIL-828,FAM-1417,,08/18/2023 10:05:00 -0700,Priya Shah <pshah@alderpointpartners.com>,Derek Holt <dholt@bellhavenadvisory.com>,HR,filing-receipt,Placement-date vs authority matrix (join record),D,EVT-D-30,authority join input (filing OR issuance date only — matrix required),0,new
EMAIL-829,FAM-1418,,11/16/2022 14:45:00 -0800,Sarah Nguyen <snguyen@cascadetimber.com>,Renee Ford <rford@bellhavenadvisory.com>,Craig Sato,email,"Broker renewal status — OR/WA (pending, per 9/15 notice)",D,EVT-D-26,"pending-renewal status note; no issuance asserted (finalized claim is Dec 20, 045)",0,new
EMAIL-830,FAM-1419,,06/21/2023 10:00:00 -0700,Derek Holt <dholt@bellhavenadvisory.com>,Priya Shah <pshah@alderpointpartners.com>,Alan Brooks,certificate,State database check — Bellhaven (process record),D,EVT-D-39,authority join input (filing OR issuance date only — matrix required),0,new
EMAIL-831,FAM-1420,,12/02/2022 09:25:00 -0800,John Ellery <jellery@cascadetimber.com>,Robert Denniston <rdenniston@cascadetimber.com>,Robert Denniston,email,Q4 target memo — pipeline,E,EVT-E-20,continuation/advice/waiver record; minutes with recital discipline,0,new
EMAIL-832,FAM-1420,EMAIL-831,07/18/2023 09:25:00 -0700,Elena Marlowe <emarlowe@cascadetimber.com>,Mia Chen <mchen@llassociates.com>,John Ellery,email,Representation reliance file — 034/035,E,EVT-E-31,continuation/advice/waiver record; minutes with recital discipline,0,new
EMAIL-833,FAM-1421,,05/10/2023 10:10:00 -0700,Elena Marlowe <emarlowe@cascadetimber.com>,Grace Lin <glin@llassociates.com>,Frank Delgado,email,Representation reliance file — 034/035,E,EVT-E-08,continuation/advice/waiver record; minutes with recital discipline,1,new
EMAIL-834,FAM-1422,,03/27/2022 11:45:00 -0700,Elena Marlowe <emarlowe@cascadetimber.com>,Marcus Webb <mwebb@cascadetimber.com>,Nina Alvarez,email,Board minutes draft — Q2-2022 (recital discipline),E,EVT-E-40,continuation/advice/waiver record; minutes with recital discipline,0,new
EMAIL-835,FAM-1423,,10/18/2022 14:40:00 -0700,Marcus Webb <mwebb@cascadetimber.com>,Robert Denniston <rdenniston@cascadetimber.com>,Human Resources,pdf-record,Board minutes draft — Q2-2023 (recital discipline),E,EVT-E-20,continuation/advice/waiver record; minutes with recital discipline,0,new
EMAIL-836,FAM-1424,,02/25/2022 16:05:00 -0800,Elena Marlowe <emarlowe@cascadetimber.com>,Priya Shah <pshah@alderpointpartners.com>,Marcus Webb,certificate,Board minutes draft — Q2-2022 (recital discipline),E,EVT-E-08,continuation/advice/waiver record; minutes with recital discipline,0,new
EMAIL-837,FAM-1429,EMAIL-862,06/28/2023 14:00:00 -0700,Marcus Webb <mwebb@cascadetimber.com>,John Ellery <jellery@cascadetimber.com>,Derek Holt,email,Representation reliance file — 034/035,E,EVT-E-20,continuation/advice/waiver record; minutes with recital discipline,0,new
EMAIL-838,FAM-1425,,01/19/2022 16:50:00 -0800,Robert Denniston <rdenniston@cascadetimber.com>,Marcus Webb <mwebb@cascadetimber.com>,Mia Chen,email,Representation reliance file — 034/035,E,EVT-E-34,continuation/advice/waiver record; minutes with recital discipline,0,new
EMAIL-839,FAM-1426,,01/23/2023 13:20:00 -0800,Robert Denniston <rdenniston@cascadetimber.com>,Priya Shah <pshah@alderpointpartners.com>,HR,email,Q4 target memo — pipeline,E,EVT-E-29,continuation/advice/waiver record; minutes with recital discipline,0,new
EMAIL-840,FAM-1459,EMAIL-891,06/10/2022 16:30:00 -0700,Robert Denniston <rdenniston@cascadetimber.com>,Priya Shah <pshah@alderpointpartners.com>,Nina Alvarez,email,Board pack — Q3-2022,E,EVT-E-15,continuation/advice/waiver record; minutes with recital discipline,0,new
EMAIL-841,FAM-1427,,09/01/2022 09:45:00 -0700,Robert Denniston <rdenniston@cascadetimber.com>,Elena Marlowe <emarlowe@cascadetimber.com>; Marcus Webb <mwebb@cascadetimber.com>,Tom Reyes,email,Close file — Q2-2022,E,EVT-E-22,quarter close position,2,new
EMAIL-842,FAM-1432,EMAIL-883,05/11/2022 09:50:00 -0700,Elena Marlowe <emarlowe@cascadetimber.com>,John Ellery <jellery@cascadetimber.com>,Jay Whitfield,email,Scenario model — pipeline options (early ops),E,EVT-E-03,early scenario note; no pause context (scenarios begin Apr 2023),0,new
EMAIL-843,FAM-1428,,08/10/2022 09:45:00 -0700,Elena Marlowe <emarlowe@cascadetimber.com>,Marcus Webb <mwebb@cascadetimber.com>,IT Notifications,email,Pipeline outlook — placement pacing (early),E,EVT-E-21,pacing note; Q4 frame begins Oct 2022 (183),0,new
EMAIL-844,FAM-1429,,07/25/2022 09:35:00 -0700,Marcus Webb <mwebb@cascadetimber.com>,Elena Marlowe <emarlowe@cascadetimber.com>,HR,email,Representation reliance file — 034/035,E,EVT-E-19,continuation/advice/waiver record; minutes with recital discipline,0,new
EMAIL-845,FAM-1430,,11/17/2022 09:50:00 -0800,Marcus Webb <mwebb@cascadetimber.com>,John Ellery <jellery@cascadetimber.com>,Tom Reyes,pdf-record,Distribution log — forwarding record,E,EVT-E-26,forwarding log; waiver framing Jul 2023 (128),0,new
EMAIL-846,FAM-1425,EMAIL-838,05/31/2023 10:35:00 -0700,Grace Lin <glin@llassociates.com>,John Ellery <jellery@cascadetimber.com>,Dana Whitaker,email,Downside-case model — pause,E,EVT-E-25,continuation/advice/waiver record; minutes with recital discipline,0,new
EMAIL-847,FAM-1428,EMAIL-843,12/07/2022 13:50:00 -0800,Elena Marlowe <emarlowe@cascadetimber.com>,Marcus Webb <mwebb@cascadetimber.com>,IT Notifications,filing-receipt,Board minutes draft — Q4-2022,E,EVT-E-37,period-corrected board record,0,new
EMAIL-848,FAM-1420,EMAIL-832,08/09/2023 10:15:00 -0700,Elena Marlowe <emarlowe@cascadetimber.com>,Robert Denniston <rdenniston@cascadetimber.com>,IT Notifications,email,Board pack — Q2-2023,E,EVT-E-08,continuation/advice/waiver record; minutes with recital discipline; near-dupe/version test,0,new
EMAIL-849,FAM-1429,EMAIL-844,05/06/2023 13:50:00 -0700,Robert Denniston <rdenniston@cascadetimber.com>,Marcus Webb <mwebb@cascadetimber.com>,John Ellery,email,Board minutes draft — Q2-2023 (recital discipline),E,EVT-E-23,continuation/advice/waiver record; minutes with recital discipline,0,new
EMAIL-850,FAM-1431,,09/07/2022 09:55:00 -0700,Robert Denniston <rdenniston@cascadetimber.com>,Marcus Webb <mwebb@cascadetimber.com>; Elena Marlowe <emarlowe@cascadetimber.com>,Human Resources,email,Pipeline outlook — placement pacing (early),E,EVT-E-05,pacing note; Q4 frame begins Oct 18 (183),1,new
EMAIL-851,FAM-1426,EMAIL-839,02/19/2023 10:35:00 -0800,John Ellery <jellery@cascadetimber.com>,Marcus Webb <mwebb@cascadetimber.com>; Priya Shah <pshah@alderpointpartners.com>,Craig Sato,email,Representation reliance file — 034/035,E,EVT-E-16,continuation/advice/waiver record; minutes with recital discipline,0,new
EMAIL-852,FAM-1425,EMAIL-838,07/03/2023 11:15:00 -0700,Robert Denniston <rdenniston@cascadetimber.com>,Grace Lin <glin@llassociates.com>; Mia Chen <mchen@llassociates.com>,Kevin Tran,filing-receipt,Board minutes draft — Q2-2023,E,EVT-E-33,period-corrected board record,0,new
EMAIL-853,FAM-1420,EMAIL-831,06/12/2023 11:10:00 -0700,Mia Chen <mchen@llassociates.com>,John Ellery <jellery@cascadetimber.com>,Human Resources,email,Board minutes draft — Q4-2022 (recital discipline),E,EVT-E-32,continuation/advice/waiver record; minutes with recital discipline,0,new
EMAIL-854,FAM-1432,,08/06/2023 13:45:00 -0700,Marcus Webb <mwebb@cascadetimber.com>,Mia Chen <mchen@llassociates.com>,Derek Holt,bank-record,Downside-case model — pause,E,EVT-E-14,continuation/advice/waiver record; minutes with recital discipline,0,new
EMAIL-855,FAM-1433,,06/27/2022 08:25:00 -0700,Marcus Webb <mwebb@cascadetimber.com>,Priya Shah <pshah@alderpointpartners.com>,Derek Holt,filing-receipt,Scenario model — pipeline options (early ops),E,EVT-E-26,early scenario note; no pause context (scenarios begin Apr 2023),0,new
EMAIL-856,FAM-1434,,07/26/2023 08:05:00 -0700,Grace Lin <glin@llassociates.com>,Elena Marlowe <emarlowe@cascadetimber.com>,Jay Whitfield,bank-record,Representation reliance file — 034/035,E,EVT-E-27,continuation/advice/waiver record; minutes with recital discipline,0,new
EMAIL-857,FAM-1422,EMAIL-834,12/16/2022 16:40:00 -0800,Robert Denniston <rdenniston@cascadetimber.com>,Priya Shah <pshah@alderpointpartners.com>,Tom Reyes,spreadsheet,Scenario model — pipeline options (early ops),E,EVT-E-02,early scenario; pause scenarios begin Apr 2023,0,new
EMAIL-858,FAM-1435,,01/11/2023 09:55:00 -0800,John Ellery <jellery@cascadetimber.com>,Elena Marlowe <emarlowe@cascadetimber.com>,Frank Delgado,spreadsheet,Distribution log — forwarding record,E,EVT-E-33,forwarding log; waiver framing Jul 2023 (128),0,new
EMAIL-859,FAM-1436,,07/18/2022 10:40:00 -0700,Marcus Webb <mwebb@cascadetimber.com>,Elena Marlowe <emarlowe@cascadetimber.com>,Priya Shah,survey-field-sheet,Representation reliance file — 034/035,E,EVT-E-10,continuation/advice/waiver record; minutes with recital discipline,0,new
EMAIL-860,FAM-1437,,05/09/2022 10:10:00 -0700,Marcus Webb <mwebb@cascadetimber.com>,John Ellery <jellery@cascadetimber.com>,Nina Alvarez,filing-receipt,Scenario model — pipeline options (early ops),E,EVT-E-22,early scenario note; no pause context (scenarios begin Apr 2023),0,new
EMAIL-861,FAM-1438,,04/09/2023 10:10:00 -0700,Robert Denniston <rdenniston@cascadetimber.com>,Mia Chen <mchen@llassociates.com>,A Patel,email,Downside-case model — pause,E,EVT-E-38,continuation/advice/waiver record; minutes with recital discipline,0,new
EMAIL-862,FAM-1429,EMAIL-844,08/20/2022 16:30:00 -0700,Marcus Webb <mwebb@cascadetimber.com>,John Ellery <jellery@cascadetimber.com>,Craig Sato,email,Board pack — Q3-2022 (prep),E,EVT-E-04,board prep; figures preliminary,0,new
EMAIL-863,FAM-1439,,07/12/2022 14:25:00 -0700,Elena Marlowe <emarlowe@cascadetimber.com>,John Ellery <jellery@cascadetimber.com>,Wendy Park,email,Pipeline outlook — placement pacing (early),E,EVT-E-37,pacing note; Q4 frame begins Oct 2022 (183),0,new
EMAIL-864,FAM-1440,,02/26/2022 08:00:00 -0800,Elena Marlowe <emarlowe@cascadetimber.com>,John Ellery <jellery@cascadetimber.com>,John Ellery,email,Board minutes draft — Q2-2022 (recital discipline),E,EVT-E-34,continuation/advice/waiver record; minutes with recital discipline,0,new
EMAIL-865,FAM-1441,,05/26/2023 10:40:00 -0700,Mia Chen <mchen@llassociates.com>,John Ellery <jellery@cascadetimber.com>,Grace Lin,email,Board minutes draft — Q2-2023,E,EVT-E-09,period-corrected board record,0,new
EMAIL-866,FAM-1430,EMAIL-845,05/20/2023 11:45:00 -0700,Grace Lin <glin@llassociates.com>,Robert Denniston <rdenniston@cascadetimber.com>,Robert Denniston,pdf-record,Representation reliance file — 034/035,E,EVT-E-04,continuation/advice/waiver record; minutes with recital discipline,0,new
EMAIL-867,FAM-1442,,01/18/2023 09:45:00 -0800,John Ellery <jellery@cascadetimber.com>,Priya Shah <pshah@alderpointpartners.com>,Marcus Webb,email,Board minutes draft — Q1-2023 (recital discipline),E,EVT-E-01,continuation/advice/waiver record; minutes with recital discipline,0,new
EMAIL-868,FAM-1443,,04/16/2022 11:25:00 -0700,Robert Denniston <rdenniston@cascadetimber.com>,John Ellery <jellery@cascadetimber.com>,A Patel,email,Pipeline outlook — placement pacing (early),E,EVT-E-33,pacing note; Q4-target frame begins Oct 2022 (183),0,new
EMAIL-869,FAM-1444,,07/28/2023 11:40:00 -0700,Elena Marlowe <emarlowe@cascadetimber.com>,Robert Denniston <rdenniston@cascadetimber.com>,Brenda Moss,board-record,Board pack — Q3-2023,E,EVT-E-31,in-quarter board record,0,new
EMAIL-870,FAM-1445,,06/03/2023 14:35:00 -0700,Marcus Webb <mwebb@cascadetimber.com>,Grace Lin <glin@llassociates.com>,HR,filing-receipt,Downside-case model — pause,E,EVT-E-29,continuation/advice/waiver record; minutes with recital discipline,0,new
EMAIL-871,FAM-1460,EMAIL-892,03/31/2023 08:50:00 -0700,Marcus Webb <mwebb@cascadetimber.com>,Grace Lin <glin@llassociates.com>,Marcus Webb,bank-record,Board pack — Q4-2022,E,EVT-E-03,continuation/advice/waiver record; minutes with recital discipline,0,new
EMAIL-872,FAM-1446,,02/23/2022 09:15:00 -0800,Marcus Webb <mwebb@cascadetimber.com>,Elena Marlowe <emarlowe@cascadetimber.com>,A Patel,email,Representation reliance file — 034/035,E,EVT-E-27,continuation/advice/waiver record; minutes with recital discipline,1,new
EMAIL-873,FAM-1447,,02/04/2022 09:40:00 -0800,John Ellery <jellery@cascadetimber.com>,Marcus Webb <mwebb@cascadetimber.com>,Hannah Cole,memo,Scenario planning — placement options (pre-launch/early ops),E,EVT-E-25,early scenario note; no pause context (pause scenarios begin Apr 2023),0,new
EMAIL-874,FAM-1428,EMAIL-843,06/03/2023 15:45:00 -0700,John Ellery <jellery@cascadetimber.com>,Elena Marlowe <emarlowe@cascadetimber.com>,Tom Reyes,email,Representation reliance file — 034/035,E,EVT-E-34,continuation/advice/waiver record; minutes with recital discipline,0,new
EMAIL-875,FAM-1448,,07/26/2023 09:55:00 -0700,Elena Marlowe <emarlowe@cascadetimber.com>,Mia Chen <mchen@llassociates.com>,Craig Sato,email,Board pack — Q2-2023,E,EVT-E-38,period-corrected board record,2,new
EMAIL-876,FAM-1449,,06/15/2023 09:55:00 -0700,Elena Marlowe <emarlowe@cascadetimber.com>,John Ellery <jellery@cascadetimber.com>,Robert Denniston,email,Board pack — Q1-2023,E,EVT-E-25,continuation/advice/waiver record; minutes with recital discipline; alias-variant test,2,new
EMAIL-877,FAM-1420,EMAIL-842,08/08/2022 15:50:00 -0700,Marcus Webb <mwebb@cascadetimber.com>,Priya Shah <pshah@alderpointpartners.com>,Priya Shah,email,Board pack — Q2-2022,E,EVT-E-23,continuation/advice/waiver record; minutes with recital discipline,0,new
EMAIL-878,FAM-1450,,03/06/2023 15:45:00 -0700,Mia Chen <mchen@llassociates.com>,Marcus Webb <mwebb@cascadetimber.com>,Kevin Tran,email,Board pack — Q3-2022,E,EVT-E-32,continuation/advice/waiver record; minutes with recital discipline,0,new
EMAIL-879,FAM-1451,,02/25/2023 08:45:00 -0800,Grace Lin <glin@llassociates.com>,Robert Denniston <rdenniston@cascadetimber.com>,Kevin Tran,email,Scenario model — pipeline options (early ops),E,EVT-E-15,early scenario; pause scenarios begin Apr 2023,0,new
EMAIL-880,FAM-1452,,05/31/2023 09:05:00 -0700,Robert Denniston <rdenniston@cascadetimber.com>,Marcus Webb <mwebb@cascadetimber.com>,Grace Lin,email,Downside-case model — pause,E,EVT-E-30,continuation/advice/waiver record; minutes with recital discipline,1,new
EMAIL-881,FAM-1453,,11/15/2022 08:55:00 -0800,John Ellery <jellery@cascadetimber.com>,Elena Marlowe <emarlowe@cascadetimber.com>,IT Notifications,email,Distribution log — forwarding record,E,EVT-E-15,forwarding log; waiver framing Jul 2023 (128),0,new
EMAIL-882,FAM-1454,,02/20/2022 09:20:00 -0800,John Ellery <jellery@cascadetimber.com>,Robert Denniston <rdenniston@cascadetimber.com>,Brenda Moss,email,Representation reliance file — 034/035,E,EVT-E-28,continuation/advice/waiver record; minutes with recital discipline,2,new
EMAIL-883,FAM-1425,EMAIL-838,01/30/2022 16:05:00 -0800,John Ellery <jellery@cascadetimber.com>,Priya Shah <pshah@alderpointpartners.com>,Tom Reyes,email,Pipeline outlook — placement pacing (early),E,EVT-E-34,pacing note; Q4 frame begins Oct 2022 (183),0,new
EMAIL-884,FAM-1459,EMAIL-891,02/15/2023 08:25:00 -0800,Marcus Webb <mwebb@cascadetimber.com>,Elena Marlowe <emarlowe@cascadetimber.com>,Grace Lin,board-record,Q4 target memo — pipeline,E,EVT-E-31,continuation/advice/waiver record; minutes with recital discipline,0,new
EMAIL-885,FAM-1455,,04/26/2023 09:25:00 -0700,Marcus Webb <mwebb@cascadetimber.com>,Grace Lin <glin@llassociates.com>,Derek Holt,email,Downside-case model — pause,E,EVT-E-13,continuation/advice/waiver record; minutes with recital discipline,0,new
EMAIL-886,FAM-1456,,04/23/2023 11:05:00 -0700,John Ellery <jellery@cascadetimber.com>,Grace Lin <glin@llassociates.com>,Hannah Cole,email,Downside-case model — pause,E,EVT-E-22,continuation/advice/waiver record; minutes with recital discipline,0,new
EMAIL-887,FAM-1454,EMAIL-882,07/07/2022 15:05:00 -0700,Elena Marlowe <emarlowe@cascadetimber.com>,Marcus Webb <mwebb@cascadetimber.com>; Priya Shah <pshah@alderpointpartners.com>,IT Notifications,memo,Scenario model — pipeline options (early ops),E,EVT-E-11,early scenario; pause scenarios begin Apr 2023,0,new
EMAIL-888,FAM-1457,,10/26/2022 09:10:00 -0700,John Ellery <jellery@cascadetimber.com>,Priya Shah <pshah@alderpointpartners.com>,Derek Holt,email,Board minutes draft — Q3-2022 (recital discipline),E,EVT-E-16,period-corrected quarter record,0,new
EMAIL-889,FAM-1425,EMAIL-838,12/02/2022 13:40:00 -0800,Elena Marlowe <emarlowe@cascadetimber.com>,Marcus Webb <mwebb@cascadetimber.com>,Kevin Tran,email,Board minutes draft — Q4-2022,E,EVT-E-05,period-corrected board record,0,new
EMAIL-890,FAM-1458,,04/16/2023 08:15:00 -0700,Elena Marlowe <emarlowe@cascadetimber.com>,Marcus Webb <mwebb@cascadetimber.com>,Human Resources,email,Board pack — Q2-2023,E,EVT-E-12,continuation/advice/waiver record; minutes with recital discipline,0,new
EMAIL-891,FAM-1459,,02/14/2022 13:15:00 -0800,John Ellery <jellery@cascadetimber.com>,Priya Shah <pshah@alderpointpartners.com>,Jay Whitfield,email,Scenario planning — placement options (pre-launch/early ops),E,EVT-E-12,early scenario note; no pause context (pause scenarios begin Apr 2023),0,new
EMAIL-892,FAM-1460,,07/06/2022 14:10:00 -0700,Robert Denniston <rdenniston@cascadetimber.com>,Elena Marlowe <emarlowe@cascadetimber.com>,Mia Chen,email,Distribution log — forwarding record,E,EVT-E-22,forwarding log; waiver framing Jul 2023 (128),0,new
EMAIL-893,FAM-1461,,08/04/2022 14:15:00 -0700,Marcus Webb <mwebb@cascadetimber.com>,Priya Shah <pshah@alderpointpartners.com>,Frank Delgado,bank-record,Board pack — Q2-2022,E,EVT-E-31,board prep; figures preliminary,0,new
EMAIL-894,FAM-1432,EMAIL-842,10/11/2022 15:45:00 -0700,John Ellery <jellery@cascadetimber.com>,Priya Shah <pshah@alderpointpartners.com>,Facilities,filing-receipt,Representation reliance file — 034/035,E,EVT-E-03,continuation/advice/waiver record; minutes with recital discipline; near-dupe/version test,0,new
EMAIL-895,FAM-1461,EMAIL-893,05/07/2023 09:50:00 -0700,Mia Chen <mchen@llassociates.com>,Marcus Webb <mwebb@cascadetimber.com>,Human Resources,email,Board minutes draft — Q1-2023,E,EVT-E-40,period-corrected board record,0,new
EMAIL-896,FAM-1462,,10/31/2022 10:15:00 -0700,Marcus Webb <mwebb@cascadetimber.com>,Priya Shah <pshah@alderpointpartners.com>,Nina Alvarez,bank-record,Distribution log — forwarding record,E,EVT-E-04,forwarding log; waiver framing Jul 2023 (128),0,new
EMAIL-897,FAM-1463,,05/21/2022 09:10:00 -0700,Robert Denniston <rdenniston@cascadetimber.com>,Marcus Webb <mwebb@cascadetimber.com>,Derek Holt,survey-field-sheet,Distribution log — forwarding record,E,EVT-E-02,forwarding log; waiver framing begins Jul 2023 (128),0,new
EMAIL-898,FAM-1464,,07/10/2023 10:25:00 -0700,John Ellery <jellery@cascadetimber.com>,Robert Denniston <rdenniston@cascadetimber.com>,Facilities,board-record,Board pack — Q3-2023 (prep),E,EVT-E-15,in-quarter prep; figures preliminary,0,new
EMAIL-899,FAM-1425,EMAIL-838,02/02/2022 10:35:00 -0800,John Ellery <jellery@cascadetimber.com>,Elena Marlowe <emarlowe@cascadetimber.com>,Tom Reyes,email,Distribution log — forwarding record,E,EVT-E-18,forwarding log; waiver framing begins Jul 2023 (128),1,new
EMAIL-900,FAM-1465,,03/31/2022 16:10:00 -0700,John Ellery <jellery@cascadetimber.com>,Robert Denniston <rdenniston@cascadetimber.com>,John Ellery,filing-receipt,Board minutes draft — Q1-2022,E,EVT-E-24,board record draft; recital discipline not yet at issue,0,new
EMAIL-901,FAM-1466,,04/12/2022 10:35:00 -0700,Owen Larsen <olarsen@larsentaxadvisory.com>,Sarah Nguyen <snguyen@cascadetimber.com>,Alan Brooks,email,Tax position note — Larsen (early planning),F,EVT-F-15,early tax planning note; not the Aug-2023 provision memo,1,new
EMAIL-902,FAM-1467,,10/23/2023 14:15:00 -0700,Brenda Moss <bmoss@mosslane-cpa.com>,Elena Marlowe <emarlowe@cascadetimber.com>,Marcus Webb,memo,Remediation workplan — 203 follow-up,F,EVT-F-32,control/revenue record; spot absence shown by gaps; remediation anchor 203,0,new
EMAIL-903,FAM-1468,,09/26/2023 09:35:00 -0700,Brenda Moss <bmoss@mosslane-cpa.com>,Craig Sato <csato@cascadetimber.com>,Facilities,email,Quarterly pack — compliance section (no entries),F,EVT-F-22,control/revenue record; spot absence shown by gaps; remediation anchor 203,0,new
EMAIL-904,FAM-1469,,09/17/2023 09:20:00 -0700,Brenda Moss <bmoss@mosslane-cpa.com>,T Kim <tkim@mosslane-cpa.com>,Human Resources,email,Close file — Q3-2023 (prep),F,EVT-F-33,in-quarter prep close position,0,new
EMAIL-905,FAM-1504,EMAIL-953,05/09/2022 08:55:00 -0700,Sarah Nguyen <snguyen@cascadetimber.com>,Elena Marlowe <emarlowe@cascadetimber.com>,Jay Whitfield,email,Compliance action log — framework follow-up,F,EVT-F-21,framework action tracking; remediation outline begins Aug 2023 (203),0,new
EMAIL-906,FAM-1470,,04/24/2022 08:30:00 -0700,Sarah Nguyen <snguyen@cascadetimber.com>,Elena Marlowe <emarlowe@cascadetimber.com>,Wendy Park,memo,"Exposure scoping note (preliminary, no reserve)",F,EVT-F-21,preliminary scoping; no reserve analysis in-period,0,new
EMAIL-907,FAM-1471,,03/18/2022 17:45:00 -0700,Sarah Nguyen <snguyen@cascadetimber.com>,Elena Marlowe <emarlowe@cascadetimber.com>,HR,email,Tax position note — Larsen (early planning),F,EVT-F-15,early tax planning note; not the Aug-2023 provision memo,0,new
EMAIL-908,FAM-1472,,07/15/2022 09:00:00 -0700,Robert Denniston <rdenniston@cascadetimber.com>,Elena Marlowe <emarlowe@cascadetimber.com>,HR,email,Close file — Q2-2022,F,EVT-F-06,quarter close position,0,new
EMAIL-909,FAM-1473,,07/10/2023 14:15:00 -0700,Brenda Moss <bmoss@mosslane-cpa.com>,Elena Marlowe <emarlowe@cascadetimber.com>,Mia Chen,email,"Exposure scoping note (preliminary, no reserve)",F,EVT-F-36,preliminary scoping only,1,new
EMAIL-910,FAM-1474,,11/30/2023 10:45:00 -0800,Elena Marlowe <emarlowe@cascadetimber.com>,T Kim <tkim@mosslane-cpa.com>,Alan Brooks,email,Provision memo — Larsen,F,EVT-F-28,control/revenue record; spot absence shown by gaps; remediation anchor 203,2,new
EMAIL-911,FAM-1475,,09/29/2022 11:30:00 -0700,Sarah Nguyen <snguyen@cascadetimber.com>,Brenda Moss <bmoss@mosslane-cpa.com>,Alan Brooks,spreadsheet,Close file — Q1-2022,F,EVT-F-14,control/revenue record; spot absence shown by gaps; remediation anchor 203,0,new
EMAIL-912,EMAIL-030,EMAIL-030,12/05/2023 15:10:00 -0800,Brenda Moss <bmoss@mosslane-cpa.com>,Craig Sato <csato@cascadetimber.com>; Owen Larsen <olarsen@larsentaxadvisory.com>,Wendy Park,spreadsheet,Provision memo — Larsen,F,EVT-F-02,control/revenue record; spot absence shown by gaps; remediation anchor 203,0,new
EMAIL-913,FAM-1476,,08/09/2023 09:55:00 -0700,Owen Larsen <olarsen@larsentaxadvisory.com>,T Kim <tkim@mosslane-cpa.com>,Craig Sato,email,Remediation workplan — 203 follow-up,F,EVT-F-15,control/revenue record; spot absence shown by gaps; remediation anchor 203,0,new
EMAIL-914,FAM-1477,,01/25/2022 09:45:00 -0800,Owen Larsen <olarsen@larsentaxadvisory.com>,Elena Marlowe <emarlowe@cascadetimber.com>,A Patel,email,Tax position note — Larsen (early planning),F,EVT-F-23,early tax planning note; not the Aug-2023 provision memo,0,new
EMAIL-915,FAM-1478,EMAIL-956,01/26/2023 11:15:00 -0800,T Kim <tkim@mosslane-cpa.com>,Elena Marlowe <emarlowe@cascadetimber.com>,Marcus Webb,email,Quarterly pack — compliance section (no entries),F,EVT-F-31,control/revenue record; spot absence shown by gaps; remediation anchor 203,0,new
EMAIL-916,EMAIL-194,EMAIL-194,10/24/2023 10:00:00 -0700,Sarah Nguyen <snguyen@cascadetimber.com>,Elena Marlowe <emarlowe@cascadetimber.com>,Derek Holt,email,Quarterly pack — compliance section (no entries),F,EVT-F-12,control/revenue record; spot absence shown by gaps; remediation anchor 203,1,new
EMAIL-917,FAM-1478,,03/14/2023 16:50:00 -0700,Brenda Moss <bmoss@mosslane-cpa.com>,T Kim <tkim@mosslane-cpa.com>,John Ellery,email,Close file — Q4-2022,F,EVT-F-16,period-corrected close position,1,new
EMAIL-918,FAM-1479,,11/27/2022 10:25:00 -0800,Sarah Nguyen <snguyen@cascadetimber.com>,Brenda Moss <bmoss@mosslane-cpa.com>,IT Notifications,email,Tax position note — Larsen (early planning),F,EVT-F-15,early note; not the Aug-2023 provision memo,0,new
EMAIL-919,FAM-1480,,11/01/2023 08:20:00 -0800,T Kim <tkim@mosslane-cpa.com>,Craig Sato <csato@cascadetimber.com>,Derek Holt,email,Provision memo — Larsen,F,EVT-F-25,control/revenue record; spot absence shown by gaps; remediation anchor 203,2,new
EMAIL-920,FAM-1481,,08/21/2022 09:25:00 -0700,Craig Sato <csato@cascadetimber.com>,Robert Denniston <rdenniston@cascadetimber.com>,Nina Alvarez,email,Quarterly pack — compliance section (no entries),F,EVT-F-16,control/revenue record; spot absence shown by gaps; remediation anchor 203,0,new
EMAIL-921,FAM-1482,,02/22/2023 14:05:00 -0800,Owen Larsen <olarsen@larsentaxadvisory.com>,Sarah Nguyen <snguyen@cascadetimber.com>,John Ellery,survey-field-sheet,Tax position note — Larsen (early planning),F,EVT-F-30,early note; not the Aug-2023 provision memo,0,new
EMAIL-922,FAM-1483,,06/22/2023 09:00:00 -0700,Brenda Moss <bmoss@mosslane-cpa.com>,Craig Sato <csato@cascadetimber.com>,Alan Brooks,email,Tax position note — Larsen (early planning),F,EVT-F-11,early note; provision memo matures with exam,2,new
EMAIL-923,FAM-1484,,06/27/2022 09:00:00 -0700,Craig Sato <csato@cascadetimber.com>,Elena Marlowe <emarlowe@cascadetimber.com>,Human Resources,email,Close file — Q2-2022,F,EVT-F-38,quarter close position,0,new
EMAIL-924,FAM-1485,,12/04/2023 11:20:00 -0800,Robert Denniston <rdenniston@cascadetimber.com>,T Kim <tkim@mosslane-cpa.com>,Robert Denniston,email,Quarterly pack — compliance section (no entries),F,EVT-F-29,control/revenue record; spot absence shown by gaps; remediation anchor 203,0,new
EMAIL-925,FAM-1486,,02/10/2022 08:40:00 -0800,Sarah Nguyen <snguyen@cascadetimber.com>,Brenda Moss <bmoss@mosslane-cpa.com>,Grace Lin,email,Quarterly pack — compliance section (no entries),F,EVT-F-20,control/revenue record; spot absence shown by gaps; remediation anchor 203,0,new
EMAIL-926,FAM-1487,,06/13/2023 17:20:00 -0700,Robert Denniston <rdenniston@cascadetimber.com>,Sarah Nguyen <snguyen@cascadetimber.com>,Alan Brooks,email,Spot-check calendar entry (no workpaper),F,EVT-F-12,control/revenue record; spot absence shown by gaps; remediation anchor 203,0,new
EMAIL-927,FAM-1488,,08/06/2023 17:15:00 -0700,Robert Denniston <rdenniston@cascadetimber.com>,Elena Marlowe <emarlowe@cascadetimber.com>,A Patel,email,Provision memo — Larsen,F,EVT-F-39,control/revenue record; spot absence shown by gaps; remediation anchor 203,0,new
EMAIL-928,FAM-1486,EMAIL-925,06/28/2023 15:15:00 -0700,Craig Sato <csato@cascadetimber.com>,Owen Larsen <olarsen@larsentaxadvisory.com>,Derek Holt,certificate,Tax position note — Larsen (early planning),F,EVT-F-32,early note; provision memo matures with exam,0,new
EMAIL-929,FAM-1489,,05/24/2023 08:00:00 -0700,Sarah Nguyen <snguyen@cascadetimber.com>,Owen Larsen <olarsen@larsentaxadvisory.com>,A Patel,spreadsheet,Spot-check calendar entry (no workpaper),F,EVT-F-39,control/revenue record; spot absence shown by gaps; remediation anchor 203,0,new
EMAIL-930,EMAIL-188,EMAIL-188,06/05/2023 13:35:00 -0700,Craig Sato <csato@cascadetimber.com>,Sarah Nguyen <snguyen@cascadetimber.com>,Tom Reyes,email,Compliance action log — framework follow-up,F,EVT-F-05,framework tracking; remediation outline Aug 8 (203),0,new
EMAIL-931,FAM-1490,,04/06/2022 11:15:00 -0700,Owen Larsen <olarsen@larsentaxadvisory.com>,Craig Sato <csato@cascadetimber.com>,HR,email,Tax position note — Larsen (early planning),F,EVT-F-35,early tax planning note; not the Aug-2023 provision memo,0,new
EMAIL-932,FAM-1491,,08/11/2023 10:55:00 -0700,Brenda Moss <bmoss@mosslane-cpa.com>,Sarah Nguyen <snguyen@cascadetimber.com>,Tom Reyes,pdf-record,Remediation workplan — 203 follow-up,F,EVT-F-19,control/revenue record; spot absence shown by gaps; remediation anchor 203,0,new
EMAIL-933,EMAIL-052,EMAIL-052,06/09/2023 19:20:00 -0700,Craig Sato <csato@cascadetimber.com>,Brenda Moss <bmoss@mosslane-cpa.com>,Alan Brooks,email,"Exposure scoping note (preliminary, no reserve)",F,EVT-F-28,preliminary scoping only,0,new
EMAIL-934,FAM-1492,,03/08/2023 11:05:00 -0700,Elena Marlowe <emarlowe@cascadetimber.com>,Owen Larsen <olarsen@larsentaxadvisory.com>,A Patel,survey-field-sheet,Spot-check calendar entry (no workpaper),F,EVT-F-04,control/revenue record; spot absence shown by gaps; remediation anchor 203; alias-variant test,0,new
EMAIL-935,EMAIL-190,EMAIL-190,11/05/2022 08:55:00 -0800,Elena Marlowe <emarlowe@cascadetimber.com>,Brenda Moss <bmoss@mosslane-cpa.com>,Nina Alvarez,email,Close file — Q4-2022,F,EVT-F-33,period-corrected quarter record,0,new
EMAIL-936,FAM-1493,,08/20/2023 11:05:00 -0700,Craig Sato <csato@cascadetimber.com>,Brenda Moss <bmoss@mosslane-cpa.com>,John Ellery,email,Remediation workplan — 203 follow-up,F,EVT-F-27,control/revenue record; spot absence shown by gaps; remediation anchor 203,0,new
EMAIL-937,EMAIL-188,EMAIL-188,07/14/2022 16:45:00 -0700,Sarah Nguyen <snguyen@cascadetimber.com>,Owen Larsen <olarsen@larsentaxadvisory.com>,Grace Lin,email,Tax position note — Larsen (early planning),F,EVT-F-35,early note; not the Aug-2023 provision memo,0,new
EMAIL-938,FAM-1494,,04/09/2023 09:40:00 -0700,Craig Sato <csato@cascadetimber.com>,Brenda Moss <bmoss@mosslane-cpa.com>; Elena Marlowe <emarlowe@cascadetimber.com>,Craig Sato,email,Spot-check calendar entry (no workpaper),F,EVT-F-08,control/revenue record; spot absence shown by gaps; remediation anchor 203,0,new
EMAIL-939,FAM-1495,,08/06/2023 15:55:00 -0700,Craig Sato <csato@cascadetimber.com>,Brenda Moss <bmoss@mosslane-cpa.com>,Human Resources,email,Close file — Q2-2023,F,EVT-F-28,period-corrected close position,1,new
EMAIL-940,FAM-1496,,12/02/2022 09:20:00 -0800,Owen Larsen <olarsen@larsentaxadvisory.com>,T Kim <tkim@mosslane-cpa.com>,Human Resources,certificate,"Exposure scoping note (preliminary, no reserve)",F,EVT-F-13,preliminary scoping only,0,new
EMAIL-941,FAM-1497,,01/11/2023 09:00:00 -0800,Owen Larsen <olarsen@larsentaxadvisory.com>,Elena Marlowe <emarlowe@cascadetimber.com>,Derek Holt,email,Tax position note — Larsen (early planning),F,EVT-F-04,early note; not the Aug-2023 provision memo,1,new
EMAIL-942,EMAIL-066,EMAIL-066,11/07/2023 09:25:00 -0800,Robert Denniston <rdenniston@cascadetimber.com>,Brenda Moss <bmoss@mosslane-cpa.com>,A Patel,email,Quarterly pack — compliance section (no entries),F,EVT-F-37,control/revenue record; spot absence shown by gaps; remediation anchor 203,0,new
EMAIL-943,FAM-1474,EMAIL-935,07/26/2023 10:25:00 -0700,Craig Sato <csato@cascadetimber.com>,Sarah Nguyen <snguyen@cascadetimber.com>,IT Notifications,email,Close file — Q2-2023,F,EVT-F-40,control/revenue record; spot absence shown by gaps; remediation anchor 203,0,new
EMAIL-944,FAM-1475,EMAIL-911,03/12/2023 13:35:00 -0700,Brenda Moss <bmoss@mosslane-cpa.com>,Robert Denniston <rdenniston@cascadetimber.com>,Brenda Moss,email,Tax position note — Larsen (early planning),F,EVT-F-21,early note; not the Aug-2023 provision memo,0,new
EMAIL-945,FAM-1498,,04/09/2023 08:00:00 -0700,Sarah Nguyen <snguyen@cascadetimber.com>,T Kim <tkim@mosslane-cpa.com>,Sarah Nguyen,email,Tax position note — Larsen (early planning),F,EVT-F-20,early note; not the Aug-2023 provision memo,0,new
EMAIL-946,FAM-1499,,07/22/2023 09:05:00 -0700,Brenda Moss <bmoss@mosslane-cpa.com>,Robert Denniston <rdenniston@cascadetimber.com>,HR,email,Close file — Q1-2023,F,EVT-F-24,control/revenue record; spot absence shown by gaps; remediation anchor 203,1,new
EMAIL-947,FAM-1500,,06/14/2023 09:55:00 -0700,T Kim <tkim@mosslane-cpa.com>,Brenda Moss <bmoss@mosslane-cpa.com>,Dan Osei,email,Compliance action log — framework follow-up,F,EVT-F-20,framework tracking; remediation outline Aug 8 (203),0,new
EMAIL-948,FAM-1501,,05/18/2022 17:00:00 -0700,Craig Sato <csato@cascadetimber.com>,T Kim <tkim@mosslane-cpa.com>,Craig Sato,email,Spot-check calendar entry (no workpaper),F,EVT-F-05,control/revenue record; spot absence shown by gaps; remediation anchor 203,0,new
EMAIL-949,FAM-1502,,08/27/2023 09:10:00 -0700,Robert Denniston <rdenniston@cascadetimber.com>,Owen Larsen <olarsen@larsentaxadvisory.com>,Elena Marlowe,email,Provision memo — Larsen,F,EVT-F-17,control/revenue record; spot absence shown by gaps; remediation anchor 203,0,new
EMAIL-950,FAM-1486,EMAIL-925,12/02/2023 14:05:00 -0800,Robert Denniston <rdenniston@cascadetimber.com>,Sarah Nguyen <snguyen@cascadetimber.com>,Hannah Cole,email,Close file — Q4-2023 (prep),F,EVT-F-21,in-quarter prep close position,1,new
EMAIL-951,FAM-1503,,11/08/2022 14:50:00 -0800,Owen Larsen <olarsen@larsentaxadvisory.com>,Elena Marlowe <emarlowe@cascadetimber.com>,Elena Marlowe,email,Quarterly pack — compliance section (no entries),F,EVT-F-12,control/revenue record; spot absence shown by gaps; remediation anchor 203,0,new
EMAIL-952,EMAIL-189,EMAIL-189,07/31/2022 14:30:00 -0700,Elena Marlowe <emarlowe@cascadetimber.com>,Craig Sato <csato@cascadetimber.com>; Robert Denniston <rdenniston@cascadetimber.com>,Dana Whitaker,email,Tax position note — Larsen (early planning),F,EVT-F-02,early note; not the Aug-2023 provision memo,1,new
EMAIL-953,FAM-1504,,03/02/2022 09:05:00 -0700,Robert Denniston <rdenniston@cascadetimber.com>,Brenda Moss <bmoss@mosslane-cpa.com>,Hannah Cole,email,Tax position note — Larsen (early planning),F,EVT-F-36,early tax planning note; not the Aug-2023 provision memo,0,new
EMAIL-954,FAM-1505,,09/29/2023 15:55:00 -0700,Robert Denniston <rdenniston@cascadetimber.com>,T Kim <tkim@mosslane-cpa.com>,Brenda Moss,survey-field-sheet,Quarterly pack — compliance section (no entries),F,EVT-F-22,control/revenue record; spot absence shown by gaps; remediation anchor 203,0,new
EMAIL-955,FAM-1506,,10/24/2023 09:40:00 -0700,Owen Larsen <olarsen@larsentaxadvisory.com>,Robert Denniston <rdenniston@cascadetimber.com>; Brenda Moss <bmoss@mosslane-cpa.com>,Alan Brooks,email,Provision memo — Larsen,F,EVT-F-32,control/revenue record; spot absence shown by gaps; remediation anchor 203,0,new
EMAIL-956,FAM-1490,EMAIL-931,06/17/2022 15:35:00 -0700,Craig Sato <csato@cascadetimber.com>,T Kim <tkim@mosslane-cpa.com>,Jay Whitfield,email,Close file — Q2-2022,F,EVT-F-32,quarter close position; certificate-delivery timing,0,new
EMAIL-957,FAM-1507,,03/05/2023 10:10:00 -0700,Robert Denniston <rdenniston@cascadetimber.com>,Craig Sato <csato@cascadetimber.com>,Frank Delgado,email,Compliance action log — framework follow-up,F,EVT-F-23,framework tracking; remediation begins Aug 2023 (203),1,new
EMAIL-958,FAM-1466,EMAIL-901,11/16/2022 11:10:00 -0800,Brenda Moss <bmoss@mosslane-cpa.com>,Owen Larsen <olarsen@larsentaxadvisory.com>,Elena Marlowe,email,Compliance action log — framework follow-up,F,EVT-F-14,framework tracking; remediation begins Aug 2023 (203),0,new
EMAIL-959,FAM-1508,,12/02/2023 19:50:00 -0800,Elena Marlowe <emarlowe@cascadetimber.com>,Craig Sato <csato@cascadetimber.com>,Dana Whitaker,survey-field-sheet,Close file — Q4-2023,F,EVT-F-02,control/revenue record; spot absence shown by gaps; remediation anchor 203,0,new
EMAIL-960,FAM-1509,,07/20/2023 16:30:00 -0700,Brenda Moss <bmoss@mosslane-cpa.com>,Owen Larsen <olarsen@larsentaxadvisory.com>,Dan Osei,email,Spot-check calendar entry (no workpaper),F,EVT-F-25,control/revenue record; spot absence shown by gaps; remediation anchor 203,0,new
EMAIL-961,FAM-1510,,12/18/2022 13:40:00 -0800,Craig Sato <csato@cascadetimber.com>,Brenda Moss <bmoss@mosslane-cpa.com>,Brenda Moss,email,Close file — Q4-2022,F,EVT-F-29,period-corrected close position,0,new
EMAIL-962,FAM-1511,,04/05/2022 10:10:00 -0700,Elena Marlowe <emarlowe@cascadetimber.com>,Craig Sato <csato@cascadetimber.com>; T Kim <tkim@mosslane-cpa.com>,Brenda Moss,email,Tax position note — Larsen (early planning),F,EVT-F-15,early tax planning note; not the Aug-2023 provision memo,0,new
EMAIL-963,FAM-1512,,08/12/2023 11:05:00 -0700,T Kim <tkim@mosslane-cpa.com>,Robert Denniston <rdenniston@cascadetimber.com>,Human Resources,email,Remediation workplan — 203 follow-up,F,EVT-F-29,control/revenue record; spot absence shown by gaps; remediation anchor 203,0,new
EMAIL-964,FAM-1513,,08/26/2023 13:45:00 -0700,Owen Larsen <olarsen@larsentaxadvisory.com>,Craig Sato <csato@cascadetimber.com>,Derek Holt,email,Quarterly pack — compliance section (no entries),F,EVT-F-10,control/revenue record; spot absence shown by gaps; remediation anchor 203,0,new
EMAIL-965,FAM-1514,,01/29/2022 10:10:00 -0800,Robert Denniston <rdenniston@cascadetimber.com>,Sarah Nguyen <snguyen@cascadetimber.com>,HR,email,Compliance action log — framework follow-up,F,EVT-F-31,framework tracking; remediation begins Aug 2023 (203),1,new
EMAIL-966,FAM-1515,,06/21/2023 10:55:00 -0700,T Kim <tkim@mosslane-cpa.com>,Robert Denniston <rdenniston@cascadetimber.com>,Dan Osei,board-record,Tax position note — Larsen (early planning),F,EVT-F-21,early note; provision memo matures with exam,0,new
EMAIL-967,FAM-1516,,05/31/2022 14:50:00 -0700,Owen Larsen <olarsen@larsentaxadvisory.com>,Sarah Nguyen <snguyen@cascadetimber.com>,John Ellery,email,"Exposure scoping note (preliminary, no reserve)",F,EVT-F-02,preliminary scoping; no reserve analysis in-period,0,new
EMAIL-968,FAM-1517,,03/27/2022 08:05:00 -0700,Sarah Nguyen <snguyen@cascadetimber.com>,Elena Marlowe <emarlowe@cascadetimber.com>; Robert Denniston <rdenniston@cascadetimber.com>,Craig Sato,board-record,Spot-check calendar entry (no workpaper),F,EVT-F-31,control/revenue record; spot absence shown by gaps; remediation anchor 203,0,new
EMAIL-969,EMAIL-189,EMAIL-189,10/27/2022 09:15:00 -0700,Sarah Nguyen <snguyen@cascadetimber.com>,Brenda Moss <bmoss@mosslane-cpa.com>,Dan Osei,email,Close file — Q3-2022,F,EVT-F-10,control/revenue record; spot absence shown by gaps; remediation anchor 203,0,new
EMAIL-970,FAM-1518,,05/24/2022 10:40:00 -0700,Sarah Nguyen <snguyen@cascadetimber.com>,Elena Marlowe <emarlowe@cascadetimber.com>,Frank Delgado,certificate,Quarterly pack — compliance section (no entries),F,EVT-F-28,control/revenue record; spot absence shown by gaps; remediation anchor 203,0,new
EMAIL-971,FAM-1519,,04/23/2022 13:05:00 -0700,Craig Sato <csato@cascadetimber.com>,Elena Marlowe <emarlowe@cascadetimber.com>,IT Notifications,spreadsheet,Compliance action log — framework follow-up,F,EVT-F-15,framework action tracking; remediation outline begins Aug 2023 (203),0,new
EMAIL-972,FAM-1520,,08/27/2023 11:00:00 -0700,Craig Sato <csato@cascadetimber.com>,Elena Marlowe <emarlowe@cascadetimber.com>,John Ellery,pdf-record,Quarterly pack — compliance section (no entries),F,EVT-F-06,control/revenue record; spot absence shown by gaps; remediation anchor 203,0,new
EMAIL-973,FAM-1521,,01/01/2023 14:25:00 -0800,Elena Marlowe <emarlowe@cascadetimber.com>,Sarah Nguyen <snguyen@cascadetimber.com>,John Ellery,spreadsheet,"Exposure scoping note (preliminary, no reserve)",F,EVT-F-09,preliminary scoping only,0,new
EMAIL-974,FAM-1522,,03/17/2023 14:20:00 -0700,Elena Marlowe <emarlowe@cascadetimber.com>,Robert Denniston <rdenniston@cascadetimber.com>,Kevin Tran,email,Tax position note — Larsen (early planning),F,EVT-F-40,early note; not the Aug-2023 provision memo,1,new
EMAIL-975,FAM-1523,,10/25/2023 11:10:00 -0700,Sarah Nguyen <snguyen@cascadetimber.com>,Craig Sato <csato@cascadetimber.com>,Priya Shah,board-record,Remediation workplan — 203 follow-up,F,EVT-F-03,control/revenue record; spot absence shown by gaps; remediation anchor 203,0,new
EMAIL-976,FAM-1524,,04/30/2023 16:35:00 -0700,Craig Sato <csato@cascadetimber.com>,Elena Marlowe <emarlowe@cascadetimber.com>,Frank Delgado,pdf-record,Quarterly pack — compliance section (no entries),F,EVT-F-24,control/revenue record; spot absence shown by gaps; remediation anchor 203,0,new
EMAIL-977,FAM-1525,,04/07/2023 10:55:00 -0700,Sarah Nguyen <snguyen@cascadetimber.com>,Robert Denniston <rdenniston@cascadetimber.com>,Grace Lin,email,Quarterly pack — compliance section (no entries),F,EVT-F-28,control/revenue record; spot absence shown by gaps; remediation anchor 203,0,new
EMAIL-978,FAM-1471,EMAIL-907,03/11/2023 10:30:00 -0700,Craig Sato <csato@cascadetimber.com>,Brenda Moss <bmoss@mosslane-cpa.com>,Sarah Nguyen,email,Tax position note — Larsen (early planning),F,EVT-F-11,early note; not the Aug-2023 provision memo,0,new
EMAIL-979,FAM-1471,EMAIL-907,10/09/2022 11:25:00 -0700,Robert Denniston <rdenniston@cascadetimber.com>,Brenda Moss <bmoss@mosslane-cpa.com>,Jay Whitfield,email,Compliance action log — framework follow-up,F,EVT-F-22,framework tracking; remediation begins Aug 2023 (203),1,new
EMAIL-980,FAM-1526,,10/11/2022 10:25:00 -0700,Elena Marlowe <emarlowe@cascadetimber.com>,Craig Sato <csato@cascadetimber.com>,Dan Osei,board-record,Spot-check calendar entry (no workpaper),F,EVT-F-23,control/revenue record; spot absence shown by gaps; remediation anchor 203,0,new
EMAIL-981,FAM-1477,EMAIL-914,05/02/2022 11:40:00 -0700,Sarah Nguyen <snguyen@cascadetimber.com>,T Kim <tkim@mosslane-cpa.com>,Wendy Park,email,Spot-check calendar entry (no workpaper),F,EVT-F-39,control/revenue record; spot absence shown by gaps; remediation anchor 203,0,new
EMAIL-982,FAM-1527,,07/23/2022 11:40:00 -0700,Elena Marlowe <emarlowe@cascadetimber.com>,Robert Denniston <rdenniston@cascadetimber.com>,Elena Marlowe,memo,Close file — Q3-2022 (prep),F,EVT-F-09,quarter close position,0,new
EMAIL-983,FAM-1498,EMAIL-945,09/29/2023 13:20:00 -0700,Sarah Nguyen <snguyen@cascadetimber.com>,Elena Marlowe <emarlowe@cascadetimber.com>,Tom Reyes,email,Spot-check calendar entry (no workpaper),F,EVT-F-11,control/revenue record; spot absence shown by gaps; remediation anchor 203,0,new
EMAIL-984,FAM-1528,,07/19/2023 09:15:00 -0700,Sarah Nguyen <snguyen@cascadetimber.com>,Craig Sato <csato@cascadetimber.com>,Brenda Moss,email,Tax position note — Larsen (exam planning),F,EVT-F-07,exam-era planning note; Q3 provision support begins Aug 1 (142/143),2,new
EMAIL-985,FAM-1529,,01/13/2023 14:10:00 -0800,Craig Sato <csato@cascadetimber.com>,Robert Denniston <rdenniston@cascadetimber.com>,Dan Osei,filing-receipt,"Exposure scoping note (preliminary, no reserve)",F,EVT-F-12,preliminary scoping only,0,new
EMAIL-986,EMAIL-189,EMAIL-189,08/21/2022 13:15:00 -0700,Robert Denniston <rdenniston@cascadetimber.com>,Brenda Moss <bmoss@mosslane-cpa.com>,Kevin Tran,pdf-record,Close file — Q1-2022,F,EVT-F-29,control/revenue record; spot absence shown by gaps; remediation anchor 203,0,new
EMAIL-987,FAM-1530,,05/03/2023 13:25:00 -0700,Owen Larsen <olarsen@larsentaxadvisory.com>,Robert Denniston <rdenniston@cascadetimber.com>,HR,email,Close file — Q1-2023,F,EVT-F-06,period-corrected close position,2,new
EMAIL-988,FAM-1531,,08/31/2023 10:50:00 -0700,Owen Larsen <olarsen@larsentaxadvisory.com>,Sarah Nguyen <snguyen@cascadetimber.com>,Marcus Webb,email,Spot-check calendar entry (no workpaper),F,EVT-F-15,control/revenue record; spot absence shown by gaps; remediation anchor 203,2,new
EMAIL-989,FAM-1532,,02/20/2022 09:50:00 -0800,Sarah Nguyen <snguyen@cascadetimber.com>,Owen Larsen <olarsen@larsentaxadvisory.com>,Derek Holt,email,Close file — Q4-2023,F,EVT-F-03,control/revenue record; spot absence shown by gaps; remediation anchor 203,0,new
EMAIL-990,FAM-1533,,08/04/2023 09:15:00 -0700,T Kim <tkim@mosslane-cpa.com>,Brenda Moss <bmoss@mosslane-cpa.com>,Human Resources,email,Close file — Q2-2023,F,EVT-F-26,period-corrected close position,0,new
EMAIL-991,FAM-1466,EMAIL-901,09/03/2022 10:00:00 -0700,Sarah Nguyen <snguyen@cascadetimber.com>,Craig Sato <csato@cascadetimber.com>,Priya Shah,board-record,Quarterly pack — compliance section (no entries),F,EVT-F-38,control/revenue record; spot absence shown by gaps; remediation anchor 203,0,new
EMAIL-992,FAM-1534,,11/07/2022 13:25:00 -0800,T Kim <tkim@mosslane-cpa.com>,Owen Larsen <olarsen@larsentaxadvisory.com>; Robert Denniston <rdenniston@cascadetimber.com>,Mia Chen,email,Tax position note — Larsen (early planning),F,EVT-F-23,early note; not the Aug-2023 provision memo,0,new
EMAIL-993,FAM-1535,,07/07/2023 08:05:00 -0700,Elena Marlowe <emarlowe@cascadetimber.com>,Brenda Moss <bmoss@mosslane-cpa.com>,Jay Whitfield,email,Tax position note — Larsen (exam planning),F,EVT-F-28,exam-era planning note; Q3 provision support begins Aug 1 (142/143),0,new
EMAIL-994,FAM-1536,,12/15/2023 16:45:00 -0800,Owen Larsen <olarsen@larsentaxadvisory.com>,Craig Sato <csato@cascadetimber.com>,Mia Chen,email,Reserve analysis — scenario,F,EVT-F-11,control/revenue record; spot absence shown by gaps; remediation anchor 203,0,new
EMAIL-995,FAM-1526,EMAIL-980,03/12/2023 09:20:00 -0700,Sarah Nguyen <snguyen@cascadetimber.com>,Elena Marlowe <emarlowe@cascadetimber.com>,Jay Whitfield,survey-field-sheet,Tax position note — Larsen (early planning),F,EVT-F-25,early note; not the Aug-2023 provision memo,0,new
EMAIL-996,FAM-1477,EMAIL-981,07/01/2022 11:50:00 -0700,Robert Denniston <rdenniston@cascadetimber.com>,Owen Larsen <olarsen@larsentaxadvisory.com>,Marcus Webb,email,Tax position note — Larsen (early planning),F,EVT-F-04,early note; not the Aug-2023 provision memo,1,new
EMAIL-997,FAM-1510,EMAIL-961,05/07/2023 14:00:00 -0700,Sarah Nguyen <snguyen@cascadetimber.com>,Robert Denniston <rdenniston@cascadetimber.com>,Facilities,email,Tax position note — Larsen (early planning),F,EVT-F-35,early note; not the Aug-2023 provision memo,0,new
EMAIL-998,FAM-1531,EMAIL-988,09/14/2023 10:10:00 -0700,Brenda Moss <bmoss@mosslane-cpa.com>,Robert Denniston <rdenniston@cascadetimber.com>,Brenda Moss,email,Provision memo — Larsen,F,EVT-F-37,control/revenue record; spot absence shown by gaps; remediation anchor 203,0,new
EMAIL-999,FAM-1537,,12/12/2022 10:35:00 -0800,Brenda Moss <bmoss@mosslane-cpa.com>,Craig Sato <csato@cascadetimber.com>,Elena Marlowe,memo,Tax position note — Larsen (early planning),F,EVT-F-23,early note; not the Aug-2023 provision memo,0,new
EMAIL-1000,FAM-1538,,10/08/2022 13:55:00 -0700,Robert Denniston <rdenniston@cascadetimber.com>,Craig Sato <csato@cascadetimber.com>,John Ellery,email,Close file — Q3-2022,F,EVT-F-11,control/revenue record; spot absence shown by gaps; remediation anchor 203,0,new
EMAIL-1001,FAM-1539,,09/06/2022 14:40:00 -0700,Robert Denniston <rdenniston@cascadetimber.com>,Elena Marlowe <emarlowe@cascadetimber.com>,HR,pdf-record,Spot-check calendar entry (no workpaper),F,EVT-F-37,control/revenue record; spot absence shown by gaps; remediation anchor 203,0,new
EMAIL-1002,FAM-1540,,06/05/2022 14:45:00 -0700,Sarah Nguyen <snguyen@cascadetimber.com>,Brenda Moss <bmoss@mosslane-cpa.com>,Priya Shah,filing-receipt,"Exposure scoping note (preliminary, no reserve)",F,EVT-F-10,preliminary scoping; no reserve analysis in-period,0,new
EMAIL-1003,FAM-1541,,06/10/2022 13:10:00 -0700,Owen Larsen <olarsen@larsentaxadvisory.com>,Brenda Moss <bmoss@mosslane-cpa.com>,Kevin Tran,board-record,Quarterly pack — compliance section (no entries),F,EVT-F-02,control/revenue record; spot absence shown by gaps; remediation anchor 203,0,new
EMAIL-1004,FAM-1477,EMAIL-914,08/04/2022 13:40:00 -0700,Owen Larsen <olarsen@larsentaxadvisory.com>,Sarah Nguyen <snguyen@cascadetimber.com>; Craig Sato <csato@cascadetimber.com>,Derek Holt,email,Compliance action log — framework follow-up,F,EVT-F-30,framework tracking; remediation begins Aug 2023 (203),0,new
EMAIL-1005,FAM-1542,,10/15/2022 16:00:00 -0700,Craig Sato <csato@cascadetimber.com>,Robert Denniston <rdenniston@cascadetimber.com>,IT Notifications,email,Close file — Q3-2022,F,EVT-F-21,period-corrected quarter record,0,new
EMAIL-1006,FAM-1543,,03/09/2023 16:15:00 -0700,Craig Sato <csato@cascadetimber.com>,Sarah Nguyen <snguyen@cascadetimber.com>,Elena Marlowe,email,Quarterly pack — compliance section (no entries),F,EVT-F-32,control/revenue record; spot absence shown by gaps; remediation anchor 203,0,new
EMAIL-1007,FAM-1543,EMAIL-1006,05/04/2023 09:40:00 -0700,Sarah Nguyen <snguyen@cascadetimber.com>,Craig Sato <csato@cascadetimber.com>,Kevin Tran,memo,Spot-check calendar entry (no workpaper),F,EVT-F-09,control/revenue record; spot absence shown by gaps; remediation anchor 203,0,new
EMAIL-1008,FAM-1544,,06/27/2023 09:45:00 -0700,Craig Sato <csato@cascadetimber.com>,Owen Larsen <olarsen@larsentaxadvisory.com>,Facilities,email,Quarterly pack — compliance section (no entries),F,EVT-F-36,control/revenue record; spot absence shown by gaps; remediation anchor 203,0,new
EMAIL-1009,EMAIL-205,EMAIL-981,05/14/2023 11:05:00 -0700,T Kim <tkim@mosslane-cpa.com>,Brenda Moss <bmoss@mosslane-cpa.com>,Elena Marlowe,email,"Exposure scoping note (preliminary, no reserve)",F,EVT-F-39,preliminary scoping only,1,new
EMAIL-1010,FAM-1471,EMAIL-979,01/06/2023 09:40:00 -0800,Elena Marlowe <emarlowe@cascadetimber.com>,T Kim <tkim@mosslane-cpa.com>; Sarah Nguyen <snguyen@cascadetimber.com>,Alan Brooks,pdf-record,Tax position note — Larsen (early planning),F,EVT-F-31,early note; not the Aug-2023 provision memo,0,new
EMAIL-1011,FAM-1545,,11/18/2023 09:35:00 -0800,Grace Lin <glin@llassociates.com>,Sarah Nguyen <snguyen@cascadetimber.com>,Dana Whitaker,email,Complainant counsel correspondence (minimal),G,EVT-G-13,identity/access input; multi-candidate preserved; retaliation-flagged work product,0,new
EMAIL-1012,FAM-1546,,03/26/2023 08:15:00 -0700,Grace Lin <glin@llassociates.com>,Alan Brooks <abrooks@llassociates.com>,Sarah Nguyen,email,Intake notes — call (no ID conclusion),G,EVT-G-34,identity/access input; multi-candidate preserved; retaliation-flagged work product,2,new
EMAIL-1013,FAM-1547,,06/04/2023 15:30:00 -0700,Alan Brooks <abrooks@llassociates.com>,Sarah Nguyen <snguyen@cascadetimber.com>,Marcus Webb,email,Complainant counsel correspondence (minimal),G,EVT-G-04,identity/access input; multi-candidate preserved; retaliation-flagged work product,0,new
EMAIL-1014,EMAIL-131,EMAIL-131,11/24/2023 08:25:00 -0800,John Ellery <jellery@cascadetimber.com>,Sarah Nguyen <snguyen@cascadetimber.com>,Wendy Park,email,Intake notes — call (no ID conclusion),G,EVT-G-15,identity/access input; multi-candidate preserved; retaliation-flagged work product,1,new
EMAIL-1015,FAM-1548,,04/11/2023 11:30:00 -0700,Grace Lin <glin@llassociates.com>,Sarah Nguyen <snguyen@cascadetimber.com>,Mia Chen,email,File-access log — parcel files (multi-candidate),G,EVT-G-01,identity/access input; multi-candidate preserved; retaliation-flagged work product,0,new
EMAIL-1016,FAM-1549,,08/03/2023 09:20:00 -0700,John Ellery <jellery@cascadetimber.com>,Alan Brooks <abrooks@llassociates.com>,Alan Brooks,email,Pool analysis — work product (3 live; retaliation flag),G,EVT-G-28,identity/access input; multi-candidate preserved; retaliation-flagged work product,0,new
EMAIL-1017,FAM-1550,,02/23/2023 10:55:00 -0800,John Ellery <jellery@cascadetimber.com>,Sarah Nguyen <snguyen@cascadetimber.com>,Derek Holt,email,Review interview planning — witness scheduling (internal),G,EVT-G-06,internal planning; complainant-counsel contact begins Mar 2 (163),1,new
EMAIL-1018,FAM-1551,,03/30/2023 15:35:00 -0700,John Ellery <jellery@cascadetimber.com>,Grace Lin <glin@llassociates.com>,Derek Holt,email,Complainant counsel correspondence (minimal),G,EVT-G-12,identity/access input; multi-candidate preserved; retaliation-flagged work product; alias-variant test,0,new
EMAIL-1019,EMAIL-131,EMAIL-131,10/26/2023 10:25:00 -0700,John Ellery <jellery@cascadetimber.com>,Alan Brooks <abrooks@llassociates.com>,Dana Whitaker,email,Mar-10 interview record,G,EVT-G-20,identity/access input; multi-candidate preserved; retaliation-flagged work product,0,new
EMAIL-1020,FAM-1569,EMAIL-1045,04/07/2023 10:05:00 -0700,Alan Brooks <abrooks@llassociates.com>,John Ellery <jellery@cascadetimber.com>,Robert Denniston,email,Witness background note — parcel-file access (no conclusions),G,EVT-G-27,background only; pool analysis is Aug work product (135),2,new
EMAIL-1021,FAM-1549,EMAIL-1016,09/20/2023 09:50:00 -0700,John Ellery <jellery@cascadetimber.com>,Grace Lin <glin@llassociates.com>,Tom Reyes,email,Complainant counsel correspondence (minimal),G,EVT-G-10,identity/access input; multi-candidate preserved; retaliation-flagged work product,0,new
EMAIL-1022,FAM-1552,,11/05/2023 09:40:00 -0800,John Ellery <jellery@cascadetimber.com>,Alan Brooks <abrooks@llassociates.com>,Priya Shah,email,Pool analysis — work product (3 live; retaliation flag),G,EVT-G-15,identity/access input; multi-candidate preserved; retaliation-flagged work product,0,new
EMAIL-1023,FAM-1553,,09/14/2023 13:55:00 -0700,Grace Lin <glin@llassociates.com>,Alan Brooks <abrooks@llassociates.com>,Robert Denniston,email,File-access log — parcel files (multi-candidate),G,EVT-G-03,identity/access input; multi-candidate preserved; retaliation-flagged work product,0,new
EMAIL-1024,FAM-1554,,04/23/2023 09:05:00 -0700,Grace Lin <glin@llassociates.com>,Alan Brooks <abrooks@llassociates.com>; Sarah Nguyen <snguyen@cascadetimber.com>,A Patel,email,File-access log — parcel files (multi-candidate),G,EVT-G-32,identity/access input; multi-candidate preserved; retaliation-flagged work product,0,new
EMAIL-1025,FAM-1555,,08/12/2023 11:50:00 -0700,Sarah Nguyen <snguyen@cascadetimber.com>,John Ellery <jellery@cascadetimber.com>,Facilities,email,Intake notes — call (no ID conclusion),G,EVT-G-09,identity/access input; multi-candidate preserved; retaliation-flagged work product; near-dupe/version test,0,new
EMAIL-1026,FAM-1551,EMAIL-1018,09/19/2023 09:20:00 -0700,Grace Lin <glin@llassociates.com>,Sarah Nguyen <snguyen@cascadetimber.com>,Frank Delgado,email,Pool analysis — work product (3 live; retaliation flag),G,EVT-G-17,identity/access input; multi-candidate preserved; retaliation-flagged work product,2,new
EMAIL-1027,FAM-1556,,11/20/2023 09:20:00 -0800,Alan Brooks <abrooks@llassociates.com>,Grace Lin <glin@llassociates.com>,Kevin Tran,email,Intake notes — call (no ID conclusion),G,EVT-G-36,identity/access input; multi-candidate preserved; retaliation-flagged work product,0,new
EMAIL-1028,FAM-1551,EMAIL-1026,10/02/2023 09:15:00 -0700,Grace Lin <glin@llassociates.com>,Alan Brooks <abrooks@llassociates.com>,A Patel,email,Intake notes — call (no ID conclusion),G,EVT-G-18,identity/access input; multi-candidate preserved; retaliation-flagged work product,0,new
EMAIL-1029,FAM-1557,,06/21/2023 16:25:00 -0700,Alan Brooks <abrooks@llassociates.com>,Grace Lin <glin@llassociates.com>,Wendy Park,email,Mar-10 interview record,G,EVT-G-28,identity/access input; multi-candidate preserved; retaliation-flagged work product,0,new
EMAIL-1030,FAM-1558,,04/15/2023 14:25:00 -0700,Alan Brooks <abrooks@llassociates.com>,Sarah Nguyen <snguyen@cascadetimber.com>,John Ellery,email,File-access log — parcel files (multi-candidate),G,EVT-G-16,identity/access input; multi-candidate preserved; retaliation-flagged work product,0,new
EMAIL-1031,FAM-1559,,10/30/2023 09:20:00 -0700,Alan Brooks <abrooks@llassociates.com>,Grace Lin <glin@llassociates.com>,John Ellery,email,File-access log — parcel files (multi-candidate),G,EVT-G-36,identity/access input; multi-candidate preserved; retaliation-flagged work product,0,new
EMAIL-1032,FAM-1558,EMAIL-1030,06/18/2023 09:45:00 -0700,Grace Lin <glin@llassociates.com>,John Ellery <jellery@cascadetimber.com>,Marcus Webb,email,Complainant counsel correspondence (minimal),G,EVT-G-34,identity/access input; multi-candidate preserved; retaliation-flagged work product,0,new
EMAIL-1033,FAM-1560,,11/18/2023 09:10:00 -0800,Grace Lin <glin@llassociates.com>,Alan Brooks <abrooks@llassociates.com>,Hannah Cole,email,Complainant counsel correspondence (minimal),G,EVT-G-39,identity/access input; multi-candidate preserved; retaliation-flagged work product,0,new
EMAIL-1034,FAM-1561,,11/14/2023 09:55:00 -0800,Sarah Nguyen <snguyen@cascadetimber.com>,Alan Brooks <abrooks@llassociates.com>,Craig Sato,email,File-access log — parcel files (multi-candidate),G,EVT-G-32,identity/access input; multi-candidate preserved; retaliation-flagged work product,0,new
EMAIL-1035,FAM-1562,,09/23/2023 11:25:00 -0700,Alan Brooks <abrooks@llassociates.com>,Sarah Nguyen <snguyen@cascadetimber.com>,Human Resources,email,Mar-10 interview record,G,EVT-G-06,identity/access input; multi-candidate preserved; retaliation-flagged work product,0,new
EMAIL-1036,FAM-1563,,09/15/2023 13:10:00 -0700,Sarah Nguyen <snguyen@cascadetimber.com>,Alan Brooks <abrooks@llassociates.com>,Tom Reyes,email,File-access log — parcel files (multi-candidate),G,EVT-G-35,identity/access input; multi-candidate preserved; retaliation-flagged work product,0,new
EMAIL-1037,FAM-1564,,09/12/2023 15:10:00 -0700,John Ellery <jellery@cascadetimber.com>,Sarah Nguyen <snguyen@cascadetimber.com>,Elena Marlowe,email,Complainant counsel correspondence (minimal),G,EVT-G-24,identity/access input; multi-candidate preserved; retaliation-flagged work product,0,new
EMAIL-1038,FAM-1565,,11/14/2023 09:20:00 -0800,Grace Lin <glin@llassociates.com>,Alan Brooks <abrooks@llassociates.com>,John Ellery,email,Mar-10 interview record,G,EVT-G-10,identity/access input; multi-candidate preserved; retaliation-flagged work product,0,new
EMAIL-1039,FAM-1566,,06/22/2023 11:05:00 -0700,John Ellery <jellery@cascadetimber.com>,Alan Brooks <abrooks@llassociates.com>,Alan Brooks,email,Complainant counsel correspondence (minimal),G,EVT-G-11,identity/access input; multi-candidate preserved; retaliation-flagged work product,0,new
EMAIL-1040,FAM-1567,,05/25/2023 08:35:00 -0700,Grace Lin <glin@llassociates.com>,Sarah Nguyen <snguyen@cascadetimber.com>,Sarah Nguyen,email,Witness background note — parcel-file access (no conclusions),G,EVT-G-05,background only; pool analysis is Aug work product (135),0,new
EMAIL-1041,FAM-1558,EMAIL-1030,10/04/2023 14:05:00 -0700,Alan Brooks <abrooks@llassociates.com>,Sarah Nguyen <snguyen@cascadetimber.com>,Mia Chen,email,Mar-10 interview record,G,EVT-G-13,identity/access input; multi-candidate preserved; retaliation-flagged work product,1,new
EMAIL-1042,FAM-1569,EMAIL-1045,04/20/2023 14:10:00 -0700,Sarah Nguyen <snguyen@cascadetimber.com>,John Ellery <jellery@cascadetimber.com>,Wendy Park,email,Mar-10 interview record,G,EVT-G-02,identity/access input; multi-candidate preserved; retaliation-flagged work product,0,new
EMAIL-1043,FAM-1550,EMAIL-1017,06/14/2023 09:00:00 -0700,Alan Brooks <abrooks@llassociates.com>,John Ellery <jellery@cascadetimber.com>,Mia Chen,email,File-access log — parcel files (multi-candidate),G,EVT-G-14,identity/access input; multi-candidate preserved; retaliation-flagged work product,0,new
EMAIL-1044,FAM-1568,,05/17/2023 08:10:00 -0700,Alan Brooks <abrooks@llassociates.com>,Grace Lin <glin@llassociates.com>,Robert Denniston,email,Intake notes — call (no ID conclusion),G,EVT-G-29,identity/access input; multi-candidate preserved; retaliation-flagged work product,0,new
EMAIL-1045,FAM-1569,,03/12/2023 09:15:00 -0700,Grace Lin <glin@llassociates.com>,John Ellery <jellery@cascadetimber.com>; Alan Brooks <abrooks@llassociates.com>,Tom Reyes,email,Complainant counsel correspondence (minimal),G,EVT-G-14,identity/access input; multi-candidate preserved; retaliation-flagged work product,0,new
EMAIL-1046,FAM-1570,,07/26/2023 09:25:00 -0700,Sarah Nguyen <snguyen@cascadetimber.com>,John Ellery <jellery@cascadetimber.com>,John Ellery,email,Mar-10 interview record,G,EVT-G-04,identity/access input; multi-candidate preserved; retaliation-flagged work product; near-dupe/version test,0,new
EMAIL-1047,FAM-1566,EMAIL-1039,07/09/2023 15:35:00 -0700,Alan Brooks <abrooks@llassociates.com>,John Ellery <jellery@cascadetimber.com>,Derek Holt,email,Witness background note — parcel-file access (no conclusions),G,EVT-G-03,background only; pool analysis is Aug work product (135),0,new
EMAIL-1048,FAM-1571,,07/14/2023 14:15:00 -0700,Sarah Nguyen <snguyen@cascadetimber.com>,Grace Lin <glin@llassociates.com>,Robert Denniston,email,Mar-10 interview record,G,EVT-G-06,identity/access input; multi-candidate preserved; retaliation-flagged work product,1,new
EMAIL-1049,FAM-1572,,09/30/2023 08:25:00 -0700,Grace Lin <glin@llassociates.com>,Alan Brooks <abrooks@llassociates.com>,Nina Alvarez,email,Intake notes — call (no ID conclusion),G,EVT-G-23,identity/access input; multi-candidate preserved; retaliation-flagged work product,0,new
EMAIL-1050,FAM-1558,EMAIL-1030,07/07/2023 16:55:00 -0700,Alan Brooks <abrooks@llassociates.com>,Grace Lin <glin@llassociates.com>; John Ellery <jellery@cascadetimber.com>,Priya Shah,email,Witness background note — parcel-file access (no conclusions),G,EVT-G-13,background only; pool analysis is Aug work product (135),0,new
EMAIL-1051,EMAIL-211,EMAIL-211,11/27/2023 14:50:00 -0800,Kevin Tran <kevin.tran@irs.gov>,John Ellery <jellery@cascadetimber.com>,John Ellery,certificate,Privilege-log discussion — batch 5 (examination),H,EVT-H-01,examiner-counsel log discussion; examiner does not issue logs,0,new
EMAIL-1052,FAM-1573,,08/08/2023 11:45:00 -0700,Kevin Tran <kevin.tran@irs.gov>,John Ellery <jellery@cascadetimber.com>,John Ellery,email,Production receipt — batch 1 (examination),H,EVT-H-24,examiner receipt pattern (cf. seed 162); examiner does not issue production covers,0,new
EMAIL-1053,EMAIL-075,EMAIL-075,04/03/2023 16:25:00 -0700,Mia Chen <mchen@llassociates.com>,John Ellery <jellery@cascadetimber.com>,Priya Shah,email,Review collection cover (internal) — batch 4,H,EVT-H-40,pre-subpoena internal form; subpoena-era substance begins May 2023,1,new
EMAIL-1054,FAM-1574,,04/07/2023 13:10:00 -0700,John Ellery <jellery@cascadetimber.com>,Grace Lin <glin@llassociates.com>,Jay Whitfield,bank-record,Collection scope note,H,EVT-H-07,preservation/production record; bridge memos dated; third-party gap noted,0,new
EMAIL-1055,FAM-1575,,09/29/2023 10:50:00 -0700,Wendy Park <wpark@cascadetimber.com>,Mia Chen <mchen@llassociates.com>,Human Resources,email,Mailbox export — Robert Denniston,H,EVT-H-31,preservation/production record; bridge memos dated; third-party gap noted,0,new
EMAIL-1056,EMAIL-020,EMAIL-020,03/28/2023 13:15:00 -0700,Mia Chen <mchen@llassociates.com>,Dan Osei <dosei@cascadetimber.com>,Elena Marlowe,email,File coordination note — Bellhaven (routine) — Bellhaven (070 link),H,EVT-H-32,pre-subpoena internal form; subpoena-era substance begins May 2023,0,new
EMAIL-1057,FAM-1576,,03/26/2023 09:30:00 -0700,Wendy Park <wpark@cascadetimber.com>,Dan Osei <dosei@cascadetimber.com>; John Ellery <jellery@cascadetimber.com>,Dana Whitaker,email,Collection acknowledgment — review (internal),H,EVT-H-16,pre-subpoena internal form; subpoena-era substance begins May 2023,0,new
EMAIL-1058,EMAIL-161,EMAIL-161,11/19/2023 08:50:00 -0800,Mia Chen <mchen@llassociates.com>,Wendy Park <wpark@cascadetimber.com>,Priya Shah,email,Privilege log entry — batch 6,H,EVT-H-16,preservation/production record; bridge memos dated; third-party gap noted,0,new
EMAIL-1059,FAM-1577,,12/05/2023 19:25:00 -0800,Mia Chen <mchen@llassociates.com>,John Ellery <jellery@cascadetimber.com>; Dan Osei <dosei@cascadetimber.com>,Jay Whitfield,board-record,Hold attestation — Robert Denniston,H,EVT-H-27,preservation/production record; bridge memos dated; third-party gap noted,0,new
EMAIL-1060,FAM-1578,,05/05/2023 09:30:00 -0700,Alan Brooks <abrooks@llassociates.com>,Grace Lin <glin@llassociates.com>,Robert Denniston,email,Collection scope note,H,EVT-H-08,preservation/production record; bridge memos dated; third-party gap noted,1,new
EMAIL-1061,EMAIL-122,EMAIL-122,07/20/2023 09:25:00 -0700,Dan Osei <dosei@cascadetimber.com>,Grace Lin <glin@llassociates.com>,A Patel,email,Mailbox export — Brenda Moss,H,EVT-H-34,preservation/production record; bridge memos dated; third-party gap noted,0,new
EMAIL-1062,EMAIL-138,EMAIL-138,08/04/2023 09:50:00 -0700,John Ellery <jellery@cascadetimber.com>,Dan Osei <dosei@cascadetimber.com>; Mia Chen <mchen@llassociates.com>,Nina Alvarez,email,Mailbox export — Marcus Webb,H,EVT-H-13,preservation/production record; bridge memos dated; third-party gap noted,1,new
EMAIL-1063,FAM-1579,,06/06/2023 14:35:00 -0700,Dan Osei <dosei@cascadetimber.com>,Mia Chen <mchen@llassociates.com>,Wendy Park,bank-record,Collection scope note,H,EVT-H-13,preservation/production record; bridge memos dated; third-party gap noted,0,new
EMAIL-1064,FAM-1580,,07/06/2023 08:10:00 -0700,Grace Lin <glin@llassociates.com>,Wendy Park <wpark@cascadetimber.com>,Craig Sato,email,Mailbox export — Frank Delgado,H,EVT-H-21,preservation/production record; bridge memos dated; third-party gap noted,0,new
EMAIL-1065,FAM-1581,,09/23/2023 15:50:00 -0700,Kevin Tran <kevin.tran@irs.gov>,John Ellery <jellery@cascadetimber.com>,John Ellery,certificate,Examination status note — open items,H,EVT-H-04,examiner-to-GC pattern; extension chain closed,0,new
EMAIL-1066,FAM-1582,,11/09/2023 15:50:00 -0800,Dan Osei <dosei@cascadetimber.com>,John Ellery <jellery@cascadetimber.com>; Grace Lin <glin@llassociates.com>,Sarah Nguyen,filing-receipt,Third-party hold gap note — Bellhaven (070 link),H,EVT-H-32,preservation/production record; bridge memos dated; third-party gap noted,0,new
EMAIL-1067,FAM-1583,,08/22/2023 08:15:00 -0700,Alan Brooks <abrooks@llassociates.com>,Dan Osei <dosei@cascadetimber.com>,Kevin Tran,bank-record,Mailbox export — Frank Delgado,H,EVT-H-03,preservation/production record; bridge memos dated; third-party gap noted,0,new
EMAIL-1068,FAM-1584,,08/14/2023 08:55:00 -0700,Alan Brooks <abrooks@llassociates.com>,Grace Lin <glin@llassociates.com>,Priya Shah,email,Mailbox export — Robert Denniston,H,EVT-H-35,preservation/production record; bridge memos dated; third-party gap noted,0,new
EMAIL-1069,FAM-1585,,03/30/2023 11:35:00 -0700,Alan Brooks <abrooks@llassociates.com>,Mia Chen <mchen@llassociates.com>; Grace Lin <glin@llassociates.com>,Nina Alvarez,memo,Privilege screen note — review batch (internal) — batch 5,H,EVT-H-15,pre-subpoena internal form; subpoena-era substance begins May 2023,0,new
EMAIL-1070,EMAIL-170,EMAIL-170,07/23/2023 17:00:00 -0700,Wendy Park <wpark@cascadetimber.com>,Kevin Tran <kevin.tran@irs.gov>,Human Resources,email,Collection scope note,H,EVT-H-16,preservation/production record; bridge memos dated; third-party gap noted,0,new
EMAIL-1071,FAM-1586,,06/06/2023 09:45:00 -0700,Wendy Park <wpark@cascadetimber.com>,Dan Osei <dosei@cascadetimber.com>,Facilities,email,Third-party hold gap note — Bellhaven (070 link),H,EVT-H-39,preservation/production record; bridge memos dated; third-party gap noted,0,new
EMAIL-1072,FAM-1587,,08/26/2023 09:00:00 -0700,Mia Chen <mchen@llassociates.com>,Grace Lin <glin@llassociates.com>,Grace Lin,filing-receipt,Privilege log entry — batch 3,H,EVT-H-17,preservation/production record; bridge memos dated; third-party gap noted,0,new
EMAIL-1073,EMAIL-065,EMAIL-065,07/09/2023 08:00:00 -0700,Dan Osei <dosei@cascadetimber.com>,Grace Lin <glin@llassociates.com>,Alan Brooks,email,Mailbox export — Robert Denniston,H,EVT-H-01,preservation/production record; bridge memos dated; third-party gap noted,0,new
EMAIL-1074,EMAIL-049,EMAIL-049,05/14/2023 16:40:00 -0700,Grace Lin <glin@llassociates.com>,John Ellery <jellery@cascadetimber.com>,Dana Whitaker,bank-record,Review collection cover (internal) — batch 6,H,EVT-H-26,pre-subpoena internal form; subpoena-era substance begins May 2023,0,new
EMAIL-1075,FAM-1588,,05/22/2023 15:40:00 -0700,Dan Osei <dosei@cascadetimber.com>,John Ellery <jellery@cascadetimber.com>,Derek Holt,board-record,Review timeline note (internal) — extension chain (dated),H,EVT-H-36,pre-subpoena internal form; subpoena-era substance begins May 2023,0,new
EMAIL-1076,FAM-1589,,12/01/2023 16:20:00 -0800,Dan Osei <dosei@cascadetimber.com>,Grace Lin <glin@llassociates.com>,Human Resources,email,Third-party hold gap note — Bellhaven (070 link),H,EVT-H-03,preservation/production record; bridge memos dated; third-party gap noted,0,new
EMAIL-1077,EMAIL-168,EMAIL-1056,05/05/2023 08:30:00 -0700,Dan Osei <dosei@cascadetimber.com>,Wendy Park <wpark@cascadetimber.com>,IT Notifications,email,Collection acknowledgment — review (internal) — Robert Denniston,H,EVT-H-15,pre-subpoena internal form; subpoena-era substance begins May 2023,0,new
EMAIL-1078,FAM-1590,,05/21/2023 09:35:00 -0700,Dan Osei <dosei@cascadetimber.com>,John Ellery <jellery@cascadetimber.com>,Frank Delgado,board-record,Collection scope note,H,EVT-H-30,preservation/production record; bridge memos dated; third-party gap noted,0,new
EMAIL-1079,FAM-1591,,03/06/2023 08:35:00 -0700,Alan Brooks <abrooks@llassociates.com>,Wendy Park <wpark@cascadetimber.com>,Dana Whitaker,email,Privilege screen note — review batch (internal) — batch 6,H,EVT-H-17,pre-subpoena internal form; subpoena-era substance begins May 2023,0,new
EMAIL-1080,FAM-1592,,03/11/2023 10:40:00 -0700,Dan Osei <dosei@cascadetimber.com>,Mia Chen <mchen@llassociates.com>,Elena Marlowe,filing-receipt,File coordination note — Bellhaven (routine) — Bellhaven (070 link),H,EVT-H-09,pre-subpoena internal form; subpoena-era substance begins May 2023,0,new
EMAIL-1081,FAM-1593,,05/01/2023 13:25:00 -0700,Wendy Park <wpark@cascadetimber.com>,John Ellery <jellery@cascadetimber.com>,Sarah Nguyen,email,Privilege screen note — review batch (internal) — batch 1,H,EVT-H-11,pre-subpoena internal form; subpoena-era substance begins May 2023,0,new
EMAIL-1082,FAM-1594,,05/15/2023 10:30:00 -0700,Mia Chen <mchen@llassociates.com>,John Ellery <jellery@cascadetimber.com>,IT Notifications,spreadsheet,Review collection cover (internal) — batch 1,H,EVT-H-22,pre-subpoena internal form; subpoena-era substance begins May 2023,0,new
EMAIL-1083,FAM-1595,,10/31/2023 17:15:00 -0700,Wendy Park <wpark@cascadetimber.com>,Alan Brooks <abrooks@llassociates.com>,Kevin Tran,email,Hold attestation — Kevin Tran,H,EVT-H-11,preservation/production record; bridge memos dated; third-party gap noted,0,new
EMAIL-1084,FAM-1596,,07/07/2023 09:40:00 -0700,Grace Lin <glin@llassociates.com>,Dan Osei <dosei@cascadetimber.com>,A Patel,email,Hold attestation — Hannah Cole,H,EVT-H-22,preservation/production record; bridge memos dated; third-party gap noted,0,new
EMAIL-1085,FAM-1597,,12/18/2023 08:05:00 -0800,Alan Brooks <abrooks@llassociates.com>,Mia Chen <mchen@llassociates.com>,Craig Sato,email,Collection scope note,H,EVT-H-06,preservation/production record; bridge memos dated; third-party gap noted,0,new
EMAIL-1086,FAM-1598,,11/09/2023 15:35:00 -0800,Dan Osei <dosei@cascadetimber.com>,Wendy Park <wpark@cascadetimber.com>,Sarah Nguyen,email,Hold attestation — Derek Holt,H,EVT-H-21,preservation/production record; bridge memos dated; third-party gap noted,0,new
EMAIL-1087,EMAIL-040,EMAIL-040,02/24/2023 09:15:00 -0800,Wendy Park <wpark@cascadetimber.com>,Dan Osei <dosei@cascadetimber.com>,IT Notifications,email,Review timeline note (internal) — extension chain (dated),H,EVT-H-06,pre-subpoena internal form; subpoena-era substance begins May 2023,0,new
EMAIL-1088,FAM-1599,,11/18/2023 09:35:00 -0800,Mia Chen <mchen@llassociates.com>,John Ellery <jellery@cascadetimber.com>,IT Notifications,email,Hold attestation — Craig Sato,H,EVT-H-26,preservation/production record; bridge memos dated; third-party gap noted,0,new
EMAIL-1089,FAM-1600,,08/18/2023 08:55:00 -0700,Wendy Park <wpark@cascadetimber.com>,Dan Osei <dosei@cascadetimber.com>,HR,email,Privilege log entry — batch 1,H,EVT-H-27,preservation/production record; bridge memos dated; third-party gap noted,0,new
EMAIL-1090,FAM-1601,,06/06/2023 14:40:00 -0700,Grace Lin <glin@llassociates.com>,Dan Osei <dosei@cascadetimber.com>,Human Resources,email,Mailbox export — Facilities,H,EVT-H-09,preservation/production record; bridge memos dated; third-party gap noted,1,new
EMAIL-1091,FAM-1602,,04/24/2023 15:00:00 -0700,Wendy Park <wpark@cascadetimber.com>,Dan Osei <dosei@cascadetimber.com>,John Ellery,email,Review timeline note (internal) — extension chain (dated),H,EVT-H-28,pre-subpoena internal form; subpoena-era substance begins May 2023,0,new
EMAIL-1092,EMAIL-169,EMAIL-169,08/29/2023 09:45:00 -0700,Mia Chen <mchen@llassociates.com>,Wendy Park <wpark@cascadetimber.com>,Brenda Moss,email,Third-party hold gap note — Bellhaven (070 link),H,EVT-H-10,preservation/production record; bridge memos dated; third-party gap noted,0,new
EMAIL-1093,FAM-1603,,11/08/2023 11:00:00 -0800,Grace Lin <glin@llassociates.com>,Dan Osei <dosei@cascadetimber.com>,John Ellery,email,Examination status note — open items,H,EVT-H-25,extension chain closed Aug 31; status only,2,new
EMAIL-1094,FAM-1580,EMAIL-1064,09/29/2023 17:25:00 -0700,Grace Lin <glin@llassociates.com>,Alan Brooks <abrooks@llassociates.com>,Dan Osei,email,Rolling production cover — batch 5,H,EVT-H-30,preservation/production record; bridge memos dated; third-party gap noted,0,new
EMAIL-1095,FAM-1604,,07/14/2023 11:55:00 -0700,Grace Lin <glin@llassociates.com>,Alan Brooks <abrooks@llassociates.com>; Mia Chen <mchen@llassociates.com>,Derek Holt,filing-receipt,Privilege log entry — batch 5,H,EVT-H-08,preservation/production record; bridge memos dated; third-party gap noted,0,new
EMAIL-1096,FAM-1605,,07/11/2023 08:50:00 -0700,Wendy Park <wpark@cascadetimber.com>,Dan Osei <dosei@cascadetimber.com>,Craig Sato,memo,Mailbox export — Nina Alvarez,H,EVT-H-10,preservation/production record; bridge memos dated; third-party gap noted,0,new
EMAIL-1097,EMAIL-208,EMAIL-208,05/04/2023 16:25:00 -0700,Wendy Park <wpark@cascadetimber.com>,Alan Brooks <abrooks@llassociates.com>,Jay Whitfield,email,Mailbox export — Jay Whitfield,H,EVT-H-32,preservation/production record; bridge memos dated; third-party gap noted,0,new
EMAIL-1098,FAM-1605,EMAIL-1096,11/04/2023 14:45:00 -0800,Wendy Park <wpark@cascadetimber.com>,Mia Chen <mchen@llassociates.com>; Dan Osei <dosei@cascadetimber.com>,Alan Brooks,pdf-record,Rolling production cover — batch 4,H,EVT-H-18,preservation/production record; bridge memos dated; third-party gap noted,0,new
EMAIL-1099,FAM-1606,,11/15/2023 13:50:00 -0800,Alan Brooks <abrooks@llassociates.com>,Mia Chen <mchen@llassociates.com>,Robert Denniston,spreadsheet,Examination status note — open items,H,EVT-H-09,extension chain closed Aug 31; status only,0,new
EMAIL-1100,FAM-1607,,06/11/2023 16:50:00 -0700,Wendy Park <wpark@cascadetimber.com>,Alan Brooks <abrooks@llassociates.com>,Wendy Park,bank-record,Collection acknowledgment — review (internal) — A Patel,H,EVT-H-10,internal acknowledgment; examiner does not attest holds,0,new
EMAIL-1101,FAM-1608,,02/27/2023 08:45:00 -0800,Alan Brooks <abrooks@llassociates.com>,Mia Chen <mchen@llassociates.com>,Dan Osei,email,File coordination note — Bellhaven (routine) — Bellhaven (070 link),H,EVT-H-31,pre-subpoena internal form; subpoena-era substance begins May 2023,0,new
EMAIL-1102,FAM-1609,,12/04/2023 13:00:00 -0800,Grace Lin <glin@llassociates.com>,Kevin Tran <kevin.tran@irs.gov>,Grace Lin,email,Collection scope note,H,EVT-H-16,preservation/production record; bridge memos dated; third-party gap noted,0,new
EMAIL-1103,FAM-1610,,08/15/2023 09:15:00 -0700,John Ellery <jellery@cascadetimber.com>,Dan Osei <dosei@cascadetimber.com>,Dan Osei,email,Rolling production cover — batch 3,H,EVT-H-37,preservation/production record; bridge memos dated; third-party gap noted,0,new
EMAIL-1104,FAM-1611,,06/28/2023 08:50:00 -0700,Wendy Park <wpark@cascadetimber.com>,Mia Chen <mchen@llassociates.com>,Human Resources,email,Mailbox export — Priya Shah,H,EVT-H-22,preservation/production record; bridge memos dated; third-party gap noted,0,new
EMAIL-1105,FAM-1612,,10/03/2023 13:50:00 -0700,John Ellery <jellery@cascadetimber.com>,Wendy Park <wpark@cascadetimber.com>; Grace Lin <glin@llassociates.com>,Elena Marlowe,email,Hold attestation — Robert Denniston,H,EVT-H-39,preservation/production record; bridge memos dated; third-party gap noted,1,new
EMAIL-1106,FAM-1613,,11/24/2023 15:45:00 -0800,Dan Osei <dosei@cascadetimber.com>,Alan Brooks <abrooks@llassociates.com>,IT Notifications,bank-record,Privilege log entry — batch 6,H,EVT-H-08,preservation/production record; bridge memos dated; third-party gap noted,0,new
EMAIL-1107,EMAIL-166,EMAIL-166,09/20/2023 09:50:00 -0700,Wendy Park <wpark@cascadetimber.com>,Kevin Tran <kevin.tran@irs.gov>,Nina Alvarez,email,Hold attestation — Dan Osei,H,EVT-H-04,preservation/production record; bridge memos dated; third-party gap noted,1,new
EMAIL-1108,EMAIL-034,EMAIL-034,06/21/2023 10:25:00 -0700,Mia Chen <mchen@llassociates.com>,Grace Lin <glin@llassociates.com>,Mia Chen,email,Hold attestation — Tom Reyes,H,EVT-H-18,preservation/production record; bridge memos dated; third-party gap noted,0,new
EMAIL-1109,FAM-1614,,04/26/2023 14:40:00 -0700,Mia Chen <mchen@llassociates.com>,Dan Osei <dosei@cascadetimber.com>,Frank Delgado,email,Collection acknowledgment — review (internal) — IT Notifications,H,EVT-H-11,pre-subpoena internal form; subpoena-era substance begins May 2023,0,new
EMAIL-1110,FAM-1615,,03/02/2023 15:40:00 -0700,Mia Chen <mchen@llassociates.com>,Grace Lin <glin@llassociates.com>,Marcus Webb,email,Review collection cover (internal) — batch 1,H,EVT-H-25,pre-subpoena internal form; subpoena-era substance begins May 2023,1,new
EMAIL-1111,FAM-1616,,07/29/2023 09:30:00 -0700,John Ellery <jellery@cascadetimber.com>,Kevin Tran <kevin.tran@irs.gov>,Mia Chen,filing-receipt,Rolling production cover — batch 4,H,EVT-H-01,preservation/production record; bridge memos dated; third-party gap noted,0,new
EMAIL-1112,EMAIL-169,EMAIL-1092,12/15/2023 10:00:00 -0800,Mia Chen <mchen@llassociates.com>,Dan Osei <dosei@cascadetimber.com>,Kevin Tran,bank-record,Rolling production cover — batch 1,H,EVT-H-01,preservation/production record; bridge memos dated; third-party gap noted,0,new
EMAIL-1113,FAM-1617,,04/23/2023 10:00:00 -0700,Dan Osei <dosei@cascadetimber.com>,Alan Brooks <abrooks@llassociates.com>,HR,email,Review collection cover (internal) — batch 6,H,EVT-H-34,pre-subpoena internal form; subpoena-era substance begins May 2023,1,new
EMAIL-1114,EMAIL-163,EMAIL-163,05/15/2023 09:35:00 -0700,Wendy Park <wpark@cascadetimber.com>,Dan Osei <dosei@cascadetimber.com>,Jay Whitfield,email,Review timeline note (internal) — extension chain (dated),H,EVT-H-25,pre-subpoena internal form; subpoena-era substance begins May 2023,0,new
EMAIL-1115,FAM-1618,,05/22/2023 15:55:00 -0700,Wendy Park <wpark@cascadetimber.com>,Dan Osei <dosei@cascadetimber.com>,Marcus Webb,spreadsheet,Collection acknowledgment — review (internal) — Jay Whitfield,H,EVT-H-31,pre-subpoena internal form; subpoena-era substance begins May 2023,0,new
EMAIL-1116,FAM-1619,,11/14/2023 13:30:00 -0800,Alan Brooks <abrooks@llassociates.com>,Grace Lin <glin@llassociates.com>,Kevin Tran,email,Hold attestation — Kevin Tran,H,EVT-H-06,preservation/production record; bridge memos dated; third-party gap noted,0,new
EMAIL-1117,FAM-1620,,08/10/2023 08:45:00 -0700,Wendy Park <wpark@cascadetimber.com>,Alan Brooks <abrooks@llassociates.com>,Mia Chen,filing-receipt,Third-party hold gap note — Bellhaven (070 link),H,EVT-H-33,preservation/production record; bridge memos dated; third-party gap noted; alias-variant test,0,new
EMAIL-1118,FAM-1621,,04/29/2023 14:45:00 -0700,Wendy Park <wpark@cascadetimber.com>,Mia Chen <mchen@llassociates.com>,Craig Sato,email,Collection scope note,H,EVT-H-34,preservation/production record; bridge memos dated; third-party gap noted,0,new
EMAIL-1119,FAM-1596,EMAIL-1084,11/11/2023 13:30:00 -0800,Alan Brooks <abrooks@llassociates.com>,Kevin Tran <kevin.tran@irs.gov>; Wendy Park <wpark@cascadetimber.com>,Elena Marlowe,email,Mailbox export — Marcus Webb,H,EVT-H-24,preservation/production record; bridge memos dated; third-party gap noted,1,new
EMAIL-1120,FAM-1622,,04/24/2023 13:40:00 -0700,Mia Chen <mchen@llassociates.com>,Alan Brooks <abrooks@llassociates.com>,Tom Reyes,spreadsheet,Review collection cover (internal) — batch 3,H,EVT-H-04,pre-subpoena internal form; subpoena-era substance begins May 2023,0,new
EMAIL-1121,FAM-1623,,08/05/2023 17:45:00 -0700,Wendy Park <wpark@cascadetimber.com>,Mia Chen <mchen@llassociates.com>,Human Resources,email,Hold attestation — Nina Alvarez,H,EVT-H-08,preservation/production record; bridge memos dated; third-party gap noted,0,new
EMAIL-1122,FAM-1610,EMAIL-1103,11/25/2023 11:00:00 -0800,Mia Chen <mchen@llassociates.com>,Alan Brooks <abrooks@llassociates.com>,Grace Lin,email,Collection scope note,H,EVT-H-06,preservation/production record; bridge memos dated; third-party gap noted,0,new
EMAIL-1123,FAM-1624,,03/21/2023 11:10:00 -0700,Alan Brooks <abrooks@llassociates.com>,Mia Chen <mchen@llassociates.com>,Marcus Webb,spreadsheet,Review collection cover (internal) — batch 2,H,EVT-H-40,pre-subpoena internal form; subpoena-era substance begins May 2023,0,new
EMAIL-1124,FAM-1625,,05/23/2023 14:00:00 -0700,Dan Osei <dosei@cascadetimber.com>,Kevin Tran <kevin.tran@irs.gov>,A Patel,email,Mailbox export — Nina Alvarez,H,EVT-H-32,preservation/production record; bridge memos dated; third-party gap noted,0,new
EMAIL-1125,FAM-1626,,06/19/2023 11:40:00 -0700,Kevin Tran <kevin.tran@irs.gov>,John Ellery <jellery@cascadetimber.com>,John Ellery,email,Examination follow-up requests — records (first set),H,EVT-H-33,examiner-to-GC follow-up pattern (cf. seed 160-162),1,new
EMAIL-1126,EMAIL-208,EMAIL-208,06/13/2023 08:30:00 -0700,Dan Osei <dosei@cascadetimber.com>,Kevin Tran <kevin.tran@irs.gov>,IT Notifications,email,Hold attestation — Craig Sato,H,EVT-H-11,preservation/production record; bridge memos dated; third-party gap noted,0,new
EMAIL-1127,EMAIL-167,EMAIL-167,07/10/2023 08:15:00 -0700,John Ellery <jellery@cascadetimber.com>,Wendy Park <wpark@cascadetimber.com>,Wendy Park,email,Privilege log entry — batch 4,H,EVT-H-30,preservation/production record; bridge memos dated; third-party gap noted,0,new
EMAIL-1128,EMAIL-012,EMAIL-012,09/06/2023 10:45:00 -0700,Dan Osei <dosei@cascadetimber.com>,Alan Brooks <abrooks@llassociates.com>,Elena Marlowe,email,Hold attestation — Priya Shah,H,EVT-H-36,preservation/production record; bridge memos dated; third-party gap noted,1,new
EMAIL-1129,FAM-1627,,05/12/2023 15:15:00 -0700,Dan Osei <dosei@cascadetimber.com>,John Ellery <jellery@cascadetimber.com>,Marcus Webb,survey-field-sheet,Collection acknowledgment — review (internal) — IT Notifications,H,EVT-H-13,pre-subpoena internal form; subpoena-era substance begins May 2023,0,new
EMAIL-1130,FAM-1628,,08/20/2023 11:00:00 -0700,Grace Lin <glin@llassociates.com>,Kevin Tran <kevin.tran@irs.gov>; Mia Chen <mchen@llassociates.com>,Brenda Moss,survey-field-sheet,Mailbox export — Craig Sato,H,EVT-H-10,preservation/production record; bridge memos dated; third-party gap noted,0,new
EMAIL-1131,FAM-1629,,04/09/2023 09:55:00 -0700,Dan Osei <dosei@cascadetimber.com>,Grace Lin <glin@llassociates.com>,Robert Denniston,email,Review collection cover (internal) — batch 3,H,EVT-H-14,pre-subpoena internal form; subpoena-era substance begins May 2023,1,new
EMAIL-1132,FAM-1630,,05/08/2023 14:10:00 -0700,Wendy Park <wpark@cascadetimber.com>,Dan Osei <dosei@cascadetimber.com>,HR,spreadsheet,File coordination note — Bellhaven (routine) — Bellhaven (070 link),H,EVT-H-06,pre-subpoena internal form; subpoena-era substance begins May 2023,0,new
EMAIL-1133,FAM-1631,,05/05/2023 10:50:00 -0700,Mia Chen <mchen@llassociates.com>,Wendy Park <wpark@cascadetimber.com>,Tom Reyes,bank-record,File coordination note — Bellhaven (routine) — Bellhaven (070 link),H,EVT-H-03,pre-subpoena internal form; subpoena-era substance begins May 2023,0,new
EMAIL-1134,FAM-1632,,05/26/2023 15:35:00 -0700,Wendy Park <wpark@cascadetimber.com>,Alan Brooks <abrooks@llassociates.com>,Brenda Moss,email,Rolling production cover — batch 5,H,EVT-H-24,preservation/production record; bridge memos dated; third-party gap noted,0,new
EMAIL-1135,FAM-1633,,12/01/2023 14:15:00 -0800,Kevin Tran <kevin.tran@irs.gov>,John Ellery <jellery@cascadetimber.com>,John Ellery,email,Production receipt — batch 3 (examination),H,EVT-H-05,examiner receipt pattern; examiner does not issue covers,2,new
EMAIL-1136,FAM-1634,,05/02/2023 13:45:00 -0700,Dan Osei <dosei@cascadetimber.com>,Wendy Park <wpark@cascadetimber.com>,Marcus Webb,email,Mailbox export — Facilities,H,EVT-H-11,preservation/production record; bridge memos dated; third-party gap noted,0,new
EMAIL-1137,EMAIL-166,EMAIL-166,03/20/2023 11:00:00 -0700,Grace Lin <glin@llassociates.com>,Dan Osei <dosei@cascadetimber.com>,Human Resources,email,Collection acknowledgment — review (internal) — Sarah Nguyen,H,EVT-H-15,pre-subpoena internal form; subpoena-era substance begins May 2023,0,new
EMAIL-1138,FAM-1635,,07/31/2023 14:50:00 -0700,Grace Lin <glin@llassociates.com>,Wendy Park <wpark@cascadetimber.com>,A Patel,filing-receipt,Interim bridge memo — extension chain (dated),H,EVT-H-29,preservation/production record; bridge memos dated; third-party gap noted,0,new
EMAIL-1139,FAM-1636,,03/01/2023 15:05:00 -0700,Grace Lin <glin@llassociates.com>,Mia Chen <mchen@llassociates.com>,Human Resources,email,Collection scope note,H,EVT-H-36,preservation/production record; bridge memos dated; third-party gap noted,0,new
EMAIL-1140,FAM-1637,,04/16/2023 10:10:00 -0700,Alan Brooks <abrooks@llassociates.com>,Mia Chen <mchen@llassociates.com>,A Patel,filing-receipt,File coordination note — Bellhaven (routine) — Bellhaven (070 link),H,EVT-H-23,pre-subpoena internal form; subpoena-era substance begins May 2023,0,new
EMAIL-1141,FAM-1638,,12/27/2022 11:05:00 -0800,John Ellery <jellery@cascadetimber.com>,Tom Reyes <treyes@alderpointpartners.com>,Priya Shah,email,Inter-company roles note (routine),I,EVT-I-27,routine note; affiliate framing is 2023 review,1,new
EMAIL-1142,EMAIL-095,EMAIL-095,06/26/2023 08:50:00 -0700,Tom Reyes <treyes@alderpointpartners.com>,John Ellery <jellery@cascadetimber.com>,Grace Lin,email,Nina mailbox admin record — cross-company,I,EVT-I-34,affiliate record; absence shown by gaps (no joint-defense memo),0,new
EMAIL-1143,EMAIL-095,EMAIL-095,11/12/2022 09:20:00 -0800,Dan Osei <dosei@cascadetimber.com>,John Ellery <jellery@cascadetimber.com>,Human Resources,email,Inter-company roles note (routine),I,EVT-I-37,routine note; affiliate framing is 2023 review,0,new
EMAIL-1144,FAM-1639,,06/18/2022 10:05:00 -0700,Tom Reyes <treyes@alderpointpartners.com>,Priya Shah <pshah@alderpointpartners.com>,Wendy Park,email,Inter-company file coordination — Alder (routine),I,EVT-I-17,routine coordination; hold context begins May 2023,0,new
EMAIL-1145,FAM-1640,,09/25/2022 10:20:00 -0700,Dan Osei <dosei@cascadetimber.com>,John Ellery <jellery@cascadetimber.com>,Kevin Tran,email,File access note — Alder coordination (routine),I,EVT-I-05,routine coordination; departure context Jun 2023,0,new
EMAIL-1146,EMAIL-095,EMAIL-095,07/23/2022 08:30:00 -0700,Tom Reyes <treyes@alderpointpartners.com>,Dan Osei <dosei@cascadetimber.com>,John Ellery,email,Inter-company roles note (routine),I,EVT-I-39,routine roles note; affiliate/joint-defense framing is 2023 review,1,new
EMAIL-1147,FAM-1641,,08/08/2023 09:30:00 -0700,Tom Reyes <treyes@alderpointpartners.com>,John Ellery <jellery@cascadetimber.com>,Alan Brooks,email,Nina mailbox admin record — cross-company,I,EVT-I-36,affiliate record; absence shown by gaps (no joint-defense memo),0,new
EMAIL-1148,EMAIL-098,EMAIL-098,11/28/2022 09:40:00 -0800,Tom Reyes <treyes@alderpointpartners.com>,Dan Osei <dosei@cascadetimber.com>,Nina Alvarez,email,Inter-company file coordination — Alder (routine),I,EVT-I-06,routine coordination; hold context May 2023,0,new
EMAIL-1149,FAM-1642,,11/27/2022 19:55:00 -0800,Tom Reyes <treyes@alderpointpartners.com>,Priya Shah <pshah@alderpointpartners.com>; John Ellery <jellery@cascadetimber.com>,Craig Sato,email,Inter-company file coordination — Alder (routine),I,EVT-I-23,routine coordination; hold context May 2023,0,new
EMAIL-1150,FAM-1643,,07/07/2022 09:15:00 -0700,Priya Shah <pshah@alderpointpartners.com>,Dan Osei <dosei@cascadetimber.com>,Facilities,email,Inter-company file coordination — Alder (routine),I,EVT-I-21,routine coordination; hold context begins May 2023,0,new
EMAIL-1151,EMAIL-233,EMAIL-233,08/16/2022 13:20:00 -0700,Tom Reyes <treyes@alderpointpartners.com>,Priya Shah <pshah@alderpointpartners.com>,Grace Lin,email,File access note — Alder coordination (routine),I,EVT-I-25,routine coordination; departure/hold context is Jun 2023,0,new
EMAIL-1152,FAM-1644,,08/23/2022 09:30:00 -0700,Priya Shah <pshah@alderpointpartners.com>,John Ellery <jellery@cascadetimber.com>,Jay Whitfield,email,Inter-company file coordination — Alder (routine),I,EVT-I-10,routine coordination; hold context begins May 2023,0,new
EMAIL-1153,EMAIL-098,EMAIL-098,09/29/2023 15:00:00 -0700,John Ellery <jellery@cascadetimber.com>,Priya Shah <pshah@alderpointpartners.com>; Dan Osei <dosei@cascadetimber.com>,Jay Whitfield,email,Inter-company hold coordination — Alder,I,EVT-I-23,affiliate record; absence shown by gaps (no joint-defense memo),0,new
EMAIL-1154,FAM-1645,,06/02/2023 09:10:00 -0700,Priya Shah <pshah@alderpointpartners.com>,Tom Reyes <treyes@alderpointpartners.com>,Sarah Nguyen,email,Nina mailbox admin record — cross-company,I,EVT-I-27,affiliate record; absence shown by gaps (no joint-defense memo),0,new
EMAIL-1155,FAM-1646,,07/25/2023 09:30:00 -0700,John Ellery <jellery@cascadetimber.com>,Dan Osei <dosei@cascadetimber.com>,Alan Brooks,email,Nina mailbox admin record — cross-company,I,EVT-I-37,affiliate record; absence shown by gaps (no joint-defense memo),0,new
EMAIL-1156,FAM-1647,,12/31/2022 16:35:00 -0800,John Ellery <jellery@cascadetimber.com>,Priya Shah <pshah@alderpointpartners.com>,Sarah Nguyen,email,File access note — Alder coordination (routine),I,EVT-I-35,routine coordination; departure context Jun 2023,0,new
EMAIL-1157,FAM-1648,,05/24/2023 14:45:00 -0700,John Ellery <jellery@cascadetimber.com>,Dan Osei <dosei@cascadetimber.com>,Elena Marlowe,email,Inter-company file coordination — Alder (routine),I,EVT-I-30,routine coordination; hold Jun 13,0,new
EMAIL-1158,FAM-1649,,01/04/2023 09:00:00 -0800,Priya Shah <pshah@alderpointpartners.com>,Dan Osei <dosei@cascadetimber.com>,Grace Lin,email,Inter-company roles note (routine),I,EVT-I-23,routine note; affiliate framing is 2023 review,0,new
EMAIL-1159,EMAIL-234,EMAIL-1151,02/22/2023 09:20:00 -0800,Priya Shah <pshah@alderpointpartners.com>,Dan Osei <dosei@cascadetimber.com>,Dan Osei,email,File access note — Alder coordination (routine),I,EVT-I-20,routine coordination; departure context Jun 2023,0,new
EMAIL-1160,FAM-1650,,01/26/2023 14:40:00 -0800,Priya Shah <pshah@alderpointpartners.com>,Dan Osei <dosei@cascadetimber.com>,Elena Marlowe,email,Inter-company file coordination — Alder (routine),I,EVT-I-34,routine coordination; hold context May 2023,1,new
EMAIL-1161,FAM-1651,,06/16/2023 14:55:00 -0700,Dan Osei <dosei@cascadetimber.com>,Tom Reyes <treyes@alderpointpartners.com>,Dana Whitaker,email,Inter-company hold coordination — Alder,I,EVT-I-04,affiliate record; absence shown by gaps (no joint-defense memo),0,new
EMAIL-1162,FAM-1652,,12/01/2023 08:35:00 -0800,Tom Reyes <treyes@alderpointpartners.com>,John Ellery <jellery@cascadetimber.com>,Kevin Tran,email,Inter-company hold coordination — Alder,I,EVT-I-10,affiliate record; absence shown by gaps (no joint-defense memo),0,new
EMAIL-1163,FAM-1653,,05/20/2023 16:10:00 -0700,John Ellery <jellery@cascadetimber.com>,Priya Shah <pshah@alderpointpartners.com>,HR,email,Inter-company roles note (routine),I,EVT-I-34,routine note; affiliate framing is review-era,0,new
EMAIL-1164,FAM-1654,,08/26/2022 10:35:00 -0700,Priya Shah <pshah@alderpointpartners.com>,Dan Osei <dosei@cascadetimber.com>,Hannah Cole,email,Inter-company file coordination — Alder (routine),I,EVT-I-05,routine coordination; hold context begins May 2023,0,new
EMAIL-1165,FAM-1655,,03/04/2023 09:00:00 -0700,John Ellery <jellery@cascadetimber.com>,Dan Osei <dosei@cascadetimber.com>,Hannah Cole,email,Inter-company file coordination — Alder (routine),I,EVT-I-03,routine coordination; hold context May 2023,0,new
EMAIL-1166,FAM-1656,,09/10/2023 10:35:00 -0700,Tom Reyes <treyes@alderpointpartners.com>,John Ellery <jellery@cascadetimber.com>,Nina Alvarez,email,Inter-company roles note — Alder (review-era),I,EVT-I-35,"roles note; joint-defense absence shown by file gaps, never asserted in a memo",0,new
EMAIL-1167,EMAIL-233,EMAIL-233,02/25/2023 15:40:00 -0800,John Ellery <jellery@cascadetimber.com>,Priya Shah <pshah@alderpointpartners.com>,Robert Denniston,email,File access note — Alder coordination (routine),I,EVT-I-04,routine coordination; departure context Jun 2023,0,new
EMAIL-1168,FAM-1657,,09/12/2023 08:15:00 -0700,Tom Reyes <treyes@alderpointpartners.com>,John Ellery <jellery@cascadetimber.com>,John Ellery,email,Nina mailbox admin record — cross-company,I,EVT-I-32,affiliate record; absence shown by gaps (no joint-defense memo),1,new
EMAIL-1169,EMAIL-234,EMAIL-1151,06/03/2023 11:35:00 -0700,Tom Reyes <treyes@alderpointpartners.com>,Dan Osei <dosei@cascadetimber.com>,Wendy Park,email,Inter-company file coordination — Alder (routine),I,EVT-I-03,routine coordination; hold Jun 13,0,new
EMAIL-1170,FAM-1658,,04/09/2023 14:10:00 -0700,John Ellery <jellery@cascadetimber.com>,Tom Reyes <treyes@alderpointpartners.com>,Priya Shah,email,File access note — Alder coordination (routine),I,EVT-I-07,routine coordination; departure context Jun 2023,0,new
EMAIL-1171,FAM-1659,,10/11/2023 11:15:00 -0700,John Ellery <jellery@cascadetimber.com>,Dan Osei <dosei@cascadetimber.com>,Wendy Park,email,Inter-company hold coordination — Alder,I,EVT-I-13,affiliate record; absence shown by gaps (no joint-defense memo),0,new
EMAIL-1172,FAM-1639,EMAIL-1144,11/03/2022 08:25:00 -0800,Tom Reyes <treyes@alderpointpartners.com>,Priya Shah <pshah@alderpointpartners.com>,Grace Lin,email,Inter-company roles note (routine),I,EVT-I-03,routine note; affiliate framing is 2023 review,0,new
EMAIL-1173,FAM-1660,,08/21/2023 09:10:00 -0700,Dan Osei <dosei@cascadetimber.com>,Tom Reyes <treyes@alderpointpartners.com>,Priya Shah,email,Nina mailbox admin record — cross-company,I,EVT-I-19,affiliate record; absence shown by gaps (no joint-defense memo),0,new
EMAIL-1174,EMAIL-234,EMAIL-1151,02/06/2023 17:50:00 -0800,John Ellery <jellery@cascadetimber.com>,Priya Shah <pshah@alderpointpartners.com>,Frank Delgado,email,File access note — Alder coordination (routine),I,EVT-I-11,routine coordination; departure context Jun 2023,0,new
EMAIL-1175,FAM-1661,,12/04/2023 14:25:00 -0800,John Ellery <jellery@cascadetimber.com>,Tom Reyes <treyes@alderpointpartners.com>,John Ellery,email,Inter-company roles note — Alder (review-era),I,EVT-I-09,"roles note; joint-defense absence gap-shown, never asserted",0,new
EMAIL-1176,FAM-1662,,04/21/2023 09:15:00 -0700,Tom Reyes <treyes@alderpointpartners.com>,John Ellery <jellery@cascadetimber.com>,Facilities,email,Inter-company file coordination — Alder (routine),I,EVT-I-39,routine coordination; hold Jun 13,0,new
EMAIL-1177,FAM-1663,,04/13/2023 09:15:00 -0700,Dan Osei <dosei@cascadetimber.com>,Tom Reyes <treyes@alderpointpartners.com>,Hannah Cole,email,Inter-company roles note (routine),I,EVT-I-18,routine note; affiliate framing is review-era,0,new
EMAIL-1178,FAM-1664,,06/12/2022 16:50:00 -0700,Dan Osei <dosei@cascadetimber.com>,John Ellery <jellery@cascadetimber.com>,Alan Brooks,email,File access note — Alder coordination (routine),I,EVT-I-03,routine cross-company file coordination; no departure/hold context (Jun 2023),0,new
EMAIL-1179,FAM-1665,,10/04/2023 13:00:00 -0700,Dan Osei <dosei@cascadetimber.com>,John Ellery <jellery@cascadetimber.com>,Robert Denniston,email,Inter-company hold coordination — Alder,I,EVT-I-12,affiliate record; absence shown by gaps (no joint-defense memo),0,new
EMAIL-1180,EMAIL-234,EMAIL-1174,05/11/2023 10:05:00 -0700,John Ellery <jellery@cascadetimber.com>,Priya Shah <pshah@alderpointpartners.com>,A Patel,email,Inter-company file coordination — Alder (routine),I,EVT-I-05,routine coordination; hold Jun 13,1,new
EMAIL-1181,FAM-1666,,07/20/2023 08:15:00 -0700,Jay Whitfield <jwhitfield@alderpointpartners.com>,Tom Reyes <treyes@alderpointpartners.com>,Craig Sato,email,Mountain Ridge parcel list — RM-2 (distinct IDs),R,EVT-R-32,search-precision control; distinct IDs/counties only,0,new
EMAIL-1182,FAM-1667,,06/16/2022 09:00:00 -0700,Jay Whitfield <jwhitfield@alderpointpartners.com>,Nina Alvarez <nalvarez@alderpointpartners.com>,IT Notifications,email,Mountain Ridge county correction — RM parcel only,R,EVT-R-11,search-precision control; distinct IDs/counties only,1,new
EMAIL-1183,FAM-1668,,06/07/2023 14:20:00 -0700,Tom Reyes <treyes@alderpointpartners.com>,Jay Whitfield <jwhitfield@alderpointpartners.com>,HR,email,Mountain Ridge survey — RM-1,R,EVT-R-25,search-precision control; distinct IDs/counties only,2,new
EMAIL-1184,FAM-1669,,06/28/2022 11:05:00 -0700,Jay Whitfield <jwhitfield@alderpointpartners.com>,Tom Reyes <treyes@alderpointpartners.com>; Priya Shah <pshah@alderpointpartners.com>,Marcus Webb,email,Mountain Ridge parcel list — RM-5 (distinct IDs),R,EVT-R-17,search-precision control; distinct IDs/counties only,2,new
EMAIL-1185,FAM-1669,EMAIL-1216,04/23/2023 16:50:00 -0700,Nina Alvarez <nalvarez@alderpointpartners.com>,Priya Shah <pshah@alderpointpartners.com>,Dana Whitaker,email,Mountain Ridge county correction — RM parcel only,R,EVT-R-04,search-precision control; distinct IDs/counties only,0,new
EMAIL-1186,FAM-1670,,01/10/2023 11:50:00 -0800,Tom Reyes <treyes@alderpointpartners.com>,Nina Alvarez <nalvarez@alderpointpartners.com>,Mia Chen,email,Mountain Ridge parcel list — RM-4 (distinct IDs),R,EVT-R-03,search-precision control; distinct IDs/counties only,1,new
EMAIL-1187,FAM-1671,,12/27/2021 16:30:00 -0800,Nina Alvarez <nalvarez@alderpointpartners.com>,Jay Whitfield <jwhitfield@alderpointpartners.com>; Tom Reyes <treyes@alderpointpartners.com>,Derek Holt,email,Mountain Ridge survey — RM-6,R,EVT-R-07,search-precision control; distinct IDs/counties only,0,new
EMAIL-1188,FAM-1672,,06/19/2022 10:55:00 -0700,Tom Reyes <treyes@alderpointpartners.com>,Jay Whitfield <jwhitfield@alderpointpartners.com>,Sarah Nguyen,email,Mountain Ridge survey — RM-4,R,EVT-R-03,search-precision control; distinct IDs/counties only,0,new
EMAIL-1189,FAM-1673,,09/11/2022 16:40:00 -0700,Jay Whitfield <jwhitfield@alderpointpartners.com>,Tom Reyes <treyes@alderpointpartners.com>; Nina Alvarez <nalvarez@alderpointpartners.com>,Sarah Nguyen,email,Mountain Ridge survey — RM-5,R,EVT-R-20,search-precision control; distinct IDs/counties only,0,new
EMAIL-1190,FAM-1674,,11/27/2022 14:50:00 -0800,Jay Whitfield <jwhitfield@alderpointpartners.com>,Nina Alvarez <nalvarez@alderpointpartners.com>,Brenda Moss,email,Mountain Ridge survey — RM-4,R,EVT-R-05,search-precision control; distinct IDs/counties only,0,new
EMAIL-1191,FAM-1675,,02/20/2022 16:20:00 -0800,Tom Reyes <treyes@alderpointpartners.com>,Nina Alvarez <nalvarez@alderpointpartners.com>; Priya Shah <pshah@alderpointpartners.com>,Frank Delgado,email,Mountain Ridge broker note,R,EVT-R-23,search-precision control; distinct IDs/counties only,0,new
EMAIL-1192,FAM-1676,,08/05/2022 10:00:00 -0700,Nina Alvarez <nalvarez@alderpointpartners.com>,Jay Whitfield <jwhitfield@alderpointpartners.com>,Tom Reyes,email,Mountain Ridge parcel list — RM-1 (distinct IDs),R,EVT-R-31,search-precision control; distinct IDs/counties only,0,new
EMAIL-1193,FAM-1671,EMAIL-1187,04/03/2022 09:40:00 -0700,Tom Reyes <treyes@alderpointpartners.com>,Jay Whitfield <jwhitfield@alderpointpartners.com>,IT Notifications,email,Mountain Ridge parcel list — RM-6 (distinct IDs),R,EVT-R-19,search-precision control; distinct IDs/counties only,0,new
EMAIL-1194,FAM-1677,,01/03/2022 10:40:00 -0800,Jay Whitfield <jwhitfield@alderpointpartners.com>,Tom Reyes <treyes@alderpointpartners.com>,Nina Alvarez,email,Mountain Ridge county correction — RM parcel only,R,EVT-R-16,search-precision control; distinct IDs/counties only,0,new
EMAIL-1195,FAM-1678,,11/14/2023 11:55:00 -0800,Tom Reyes <treyes@alderpointpartners.com>,Priya Shah <pshah@alderpointpartners.com>,Tom Reyes,email,Mountain Ridge survey — RM-6,R,EVT-R-35,search-precision control; distinct IDs/counties only,0,new
EMAIL-1196,FAM-1679,,07/19/2022 15:10:00 -0700,Tom Reyes <treyes@alderpointpartners.com>,Priya Shah <pshah@alderpointpartners.com>,Facilities,email,Mountain Ridge parcel list — RM-2 (distinct IDs),R,EVT-R-21,search-precision control; distinct IDs/counties only,0,new
EMAIL-1197,FAM-1672,EMAIL-1188,06/20/2022 14:45:00 -0700,Jay Whitfield <jwhitfield@alderpointpartners.com>,Nina Alvarez <nalvarez@alderpointpartners.com>,Hannah Cole,email,Mountain Ridge broker note,R,EVT-R-33,search-precision control; distinct IDs/counties only,0,new
EMAIL-1198,FAM-1682,EMAIL-1215,12/12/2022 15:10:00 -0800,Tom Reyes <treyes@alderpointpartners.com>,Jay Whitfield <jwhitfield@alderpointpartners.com>,Nina Alvarez,email,Mountain Ridge county correction — RM parcel only,R,EVT-R-20,search-precision control; distinct IDs/counties only,1,new
EMAIL-1199,FAM-1680,,02/28/2022 14:55:00 -0800,Tom Reyes <treyes@alderpointpartners.com>,Jay Whitfield <jwhitfield@alderpointpartners.com>,John Ellery,email,Mountain Ridge county correction — RM parcel only,R,EVT-R-11,search-precision control; distinct IDs/counties only,0,new
EMAIL-1200,FAM-1681,,12/12/2023 17:55:00 -0800,Jay Whitfield <jwhitfield@alderpointpartners.com>,Priya Shah <pshah@alderpointpartners.com>,Hannah Cole,email,Mountain Ridge broker note,R,EVT-R-15,search-precision control; distinct IDs/counties only,1,new
EMAIL-1201,FAM-1668,EMAIL-1220,02/17/2022 09:50:00 -0800,Priya Shah <pshah@alderpointpartners.com>,Tom Reyes <treyes@alderpointpartners.com>,Mia Chen,email,Mountain Ridge county correction — RM parcel only,R,EVT-R-21,search-precision control; distinct IDs/counties only,0,new
EMAIL-1202,FAM-1682,,12/30/2021 14:40:00 -0800,Nina Alvarez <nalvarez@alderpointpartners.com>,Priya Shah <pshah@alderpointpartners.com>; Tom Reyes <treyes@alderpointpartners.com>,John Ellery,email,Mountain Ridge parcel list — RM-5 (distinct IDs),R,EVT-R-32,search-precision control; distinct IDs/counties only; near-dupe/version test,0,new
EMAIL-1203,FAM-1683,,09/29/2023 08:05:00 -0700,Jay Whitfield <jwhitfield@alderpointpartners.com>,Tom Reyes <treyes@alderpointpartners.com>,Frank Delgado,email,Mountain Ridge broker note,R,EVT-R-15,search-precision control; distinct IDs/counties only,0,new
EMAIL-1204,FAM-1684,,12/21/2021 14:00:00 -0800,Priya Shah <pshah@alderpointpartners.com>,Tom Reyes <treyes@alderpointpartners.com>,Alan Brooks,email,Mountain Ridge survey — RM-5,R,EVT-R-15,search-precision control; distinct IDs/counties only,0,new
EMAIL-1205,FAM-1685,,05/10/2022 09:35:00 -0700,Tom Reyes <treyes@alderpointpartners.com>,Jay Whitfield <jwhitfield@alderpointpartners.com>,Dan Osei,email,Mountain Ridge survey — RM-5,R,EVT-R-32,search-precision control; distinct IDs/counties only,0,new
EMAIL-1206,FAM-1686,,07/23/2023 11:05:00 -0700,Jay Whitfield <jwhitfield@alderpointpartners.com>,Tom Reyes <treyes@alderpointpartners.com>,Kevin Tran,email,Mountain Ridge broker note,R,EVT-R-15,search-precision control; distinct IDs/counties only,0,new
EMAIL-1207,FAM-1676,EMAIL-1192,09/01/2023 09:20:00 -0700,Priya Shah <pshah@alderpointpartners.com>,Tom Reyes <treyes@alderpointpartners.com>,Human Resources,email,Mountain Ridge county correction — RM parcel only,R,EVT-R-28,search-precision control; distinct IDs/counties only,0,new
EMAIL-1208,FAM-1687,,11/16/2021 15:35:00 -0800,Jay Whitfield <jwhitfield@alderpointpartners.com>,Nina Alvarez <nalvarez@alderpointpartners.com>,Robert Denniston,email,Mountain Ridge county correction — RM parcel only,R,EVT-R-31,search-precision control; distinct IDs/counties only,0,new
EMAIL-1209,FAM-1685,EMAIL-1205,07/05/2022 13:45:00 -0700,Nina Alvarez <nalvarez@alderpointpartners.com>,Jay Whitfield <jwhitfield@alderpointpartners.com>,Derek Holt,email,Mountain Ridge county correction — RM parcel only,R,EVT-R-25,search-precision control; distinct IDs/counties only,0,new
EMAIL-1210,FAM-1669,EMAIL-1184,12/09/2022 10:10:00 -0800,Priya Shah <pshah@alderpointpartners.com>,Jay Whitfield <jwhitfield@alderpointpartners.com>,Grace Lin,email,Mountain Ridge county correction — RM parcel only,R,EVT-R-34,search-precision control; distinct IDs/counties only,1,new
EMAIL-1211,FAM-1670,EMAIL-1198,08/18/2023 10:55:00 -0700,Tom Reyes <treyes@alderpointpartners.com>,Priya Shah <pshah@alderpointpartners.com>,Mia Chen,email,Mountain Ridge parcel list — RM-6 (distinct IDs),R,EVT-R-37,search-precision control; distinct IDs/counties only,0,new
EMAIL-1212,FAM-1688,,06/20/2023 11:45:00 -0700,Tom Reyes <treyes@alderpointpartners.com>,Jay Whitfield <jwhitfield@alderpointpartners.com>,Grace Lin,email,Mountain Ridge survey — RM-3,R,EVT-R-06,search-precision control; distinct IDs/counties only,0,new
EMAIL-1213,FAM-1689,,04/07/2023 09:30:00 -0700,Jay Whitfield <jwhitfield@alderpointpartners.com>,Nina Alvarez <nalvarez@alderpointpartners.com>,Sarah Nguyen,email,Mountain Ridge parcel list — RM-4 (distinct IDs),R,EVT-R-06,search-precision control; distinct IDs/counties only,0,new
EMAIL-1214,FAM-1668,EMAIL-1228,02/08/2022 08:45:00 -0800,Jay Whitfield <jwhitfield@alderpointpartners.com>,Tom Reyes <treyes@alderpointpartners.com>; Priya Shah <pshah@alderpointpartners.com>,Nina Alvarez,email,Mountain Ridge broker note,R,EVT-R-37,search-precision control; distinct IDs/counties only,0,new
EMAIL-1215,FAM-1682,EMAIL-1202,11/20/2022 09:10:00 -0800,Jay Whitfield <jwhitfield@alderpointpartners.com>,Nina Alvarez <nalvarez@alderpointpartners.com>,Human Resources,email,Mountain Ridge county correction — RM parcel only,R,EVT-R-10,search-precision control; distinct IDs/counties only,0,new
EMAIL-1216,FAM-1669,EMAIL-1184,12/15/2022 09:45:00 -0800,Jay Whitfield <jwhitfield@alderpointpartners.com>,Tom Reyes <treyes@alderpointpartners.com>,Wendy Park,email,Mountain Ridge broker note,R,EVT-R-03,search-precision control; distinct IDs/counties only,0,new
EMAIL-1217,FAM-1668,EMAIL-1201,06/28/2023 11:45:00 -0700,Jay Whitfield <jwhitfield@alderpointpartners.com>,Tom Reyes <treyes@alderpointpartners.com>,Tom Reyes,email,Mountain Ridge parcel list — RM-6 (distinct IDs),R,EVT-R-28,search-precision control; distinct IDs/counties only,1,new
EMAIL-1218,FAM-1690,,04/11/2022 15:05:00 -0700,Tom Reyes <treyes@alderpointpartners.com>,Priya Shah <pshah@alderpointpartners.com>,A Patel,email,Mountain Ridge broker note,R,EVT-R-31,search-precision control; distinct IDs/counties only,0,new
EMAIL-1219,FAM-1691,,03/06/2023 11:55:00 -0700,Jay Whitfield <jwhitfield@alderpointpartners.com>,Tom Reyes <treyes@alderpointpartners.com>,Dana Whitaker,email,Mountain Ridge survey — RM-3,R,EVT-R-05,search-precision control; distinct IDs/counties only,0,new
EMAIL-1220,FAM-1668,EMAIL-1228,12/25/2021 09:05:00 -0800,Nina Alvarez <nalvarez@alderpointpartners.com>,Priya Shah <pshah@alderpointpartners.com>,Hannah Cole,email,Mountain Ridge county correction — RM parcel only,R,EVT-R-11,search-precision control; distinct IDs/counties only,0,new
EMAIL-1221,FAM-1668,EMAIL-1183,11/23/2023 14:45:00 -0800,Jay Whitfield <jwhitfield@alderpointpartners.com>,Tom Reyes <treyes@alderpointpartners.com>,Priya Shah,email,Mountain Ridge survey — RM-4,R,EVT-R-16,search-precision control; distinct IDs/counties only,0,new
EMAIL-1222,FAM-1692,,08/09/2023 16:05:00 -0700,Tom Reyes <treyes@alderpointpartners.com>,Jay Whitfield <jwhitfield@alderpointpartners.com>,Robert Denniston,email,Mountain Ridge county correction — RM parcel only,R,EVT-R-10,search-precision control; distinct IDs/counties only,1,new
EMAIL-1223,FAM-1693,,08/28/2023 08:40:00 -0700,Jay Whitfield <jwhitfield@alderpointpartners.com>,Tom Reyes <treyes@alderpointpartners.com>,Alan Brooks,email,Mountain Ridge survey — RM-6,R,EVT-R-31,search-precision control; distinct IDs/counties only,1,new
EMAIL-1224,FAM-1685,EMAIL-1209,09/12/2022 10:40:00 -0700,Nina Alvarez <nalvarez@alderpointpartners.com>,Priya Shah <pshah@alderpointpartners.com>,Dan Osei,email,Mountain Ridge broker note,R,EVT-R-08,search-precision control; distinct IDs/counties only,0,new
EMAIL-1225,FAM-1694,,12/10/2022 16:40:00 -0800,Jay Whitfield <jwhitfield@alderpointpartners.com>,Tom Reyes <treyes@alderpointpartners.com>,Sarah Nguyen,email,Mountain Ridge broker note,R,EVT-R-35,search-precision control; distinct IDs/counties only,0,new
EMAIL-1226,FAM-1695,,12/02/2022 10:10:00 -0800,Jay Whitfield <jwhitfield@alderpointpartners.com>,Tom Reyes <treyes@alderpointpartners.com>,Dan Osei,email,Mountain Ridge county correction — RM parcel only,R,EVT-R-04,search-precision control; distinct IDs/counties only,0,new
EMAIL-1227,FAM-1696,,05/26/2023 13:15:00 -0700,Tom Reyes <treyes@alderpointpartners.com>,Jay Whitfield <jwhitfield@alderpointpartners.com>,Hannah Cole,email,Mountain Ridge parcel list — RM-4 (distinct IDs),R,EVT-R-24,search-precision control; distinct IDs/counties only,0,new
EMAIL-1228,FAM-1687,EMAIL-1208,12/18/2021 14:30:00 -0800,Priya Shah <pshah@alderpointpartners.com>,Tom Reyes <treyes@alderpointpartners.com>,Sarah Nguyen,email,Mountain Ridge county correction — RM parcel only,R,EVT-R-17,search-precision control; distinct IDs/counties only,0,new
EMAIL-1229,FAM-1675,EMAIL-1191,10/05/2022 16:40:00 -0700,Tom Reyes <treyes@alderpointpartners.com>,Nina Alvarez <nalvarez@alderpointpartners.com>,John Ellery,email,Mountain Ridge parcel list — RM-4 (distinct IDs),R,EVT-R-01,search-precision control; distinct IDs/counties only; alias-variant test,0,new
EMAIL-1230,FAM-1697,,10/26/2023 11:05:00 -0700,Jay Whitfield <jwhitfield@alderpointpartners.com>,Tom Reyes <treyes@alderpointpartners.com>,Wendy Park,email,Mountain Ridge survey — RM-3,R,EVT-R-17,search-precision control; distinct IDs/counties only,0,new
EMAIL-1231,FAM-1694,EMAIL-1225,12/01/2023 09:50:00 -0800,Jay Whitfield <jwhitfield@alderpointpartners.com>,Tom Reyes <treyes@alderpointpartners.com>,Tom Reyes,email,Mountain Ridge parcel list — RM-5 (distinct IDs),R,EVT-R-01,search-precision control; distinct IDs/counties only,0,new
EMAIL-1232,FAM-1698,,07/14/2023 15:20:00 -0700,Tom Reyes <treyes@alderpointpartners.com>,Jay Whitfield <jwhitfield@alderpointpartners.com>,Priya Shah,email,Mountain Ridge county correction — RM parcel only,R,EVT-R-03,search-precision control; distinct IDs/counties only,0,new
EMAIL-1233,FAM-1669,EMAIL-1184,10/19/2022 08:00:00 -0700,Jay Whitfield <jwhitfield@alderpointpartners.com>,Tom Reyes <treyes@alderpointpartners.com>,Facilities,email,Mountain Ridge parcel list — RM-1 (distinct IDs),R,EVT-R-23,search-precision control; distinct IDs/counties only,0,new
EMAIL-1234,FAM-1679,EMAIL-1196,11/29/2022 10:50:00 -0800,Jay Whitfield <jwhitfield@alderpointpartners.com>,Tom Reyes <treyes@alderpointpartners.com>,Elena Marlowe,email,Mountain Ridge broker note,R,EVT-R-12,search-precision control; distinct IDs/counties only,1,new
EMAIL-1235,FAM-1699,,12/30/2021 13:20:00 -0800,Tom Reyes <treyes@alderpointpartners.com>,Nina Alvarez <nalvarez@alderpointpartners.com>,Grace Lin,email,Mountain Ridge parcel list — RM-2 (distinct IDs),R,EVT-R-29,search-precision control; distinct IDs/counties only,1,new
EMAIL-1236,FAM-1700,,11/08/2022 10:55:00 -0800,Nina Alvarez <nalvarez@alderpointpartners.com>,Tom Reyes <treyes@alderpointpartners.com>,Sarah Nguyen,email,Mountain Ridge broker note,R,EVT-R-20,search-precision control; distinct IDs/counties only,1,new
EMAIL-1237,FAM-1701,,01/03/2023 09:50:00 -0800,Jay Whitfield <jwhitfield@alderpointpartners.com>,Tom Reyes <treyes@alderpointpartners.com>,Hannah Cole,email,Mountain Ridge county correction — RM parcel only,R,EVT-R-07,search-precision control; distinct IDs/counties only,0,new
EMAIL-1238,FAM-1689,EMAIL-1213,06/03/2023 15:30:00 -0700,Nina Alvarez <nalvarez@alderpointpartners.com>,Jay Whitfield <jwhitfield@alderpointpartners.com>,HR,email,Mountain Ridge survey — RM-4,R,EVT-R-12,search-precision control; distinct IDs/counties only,0,new
EMAIL-1239,FAM-1682,EMAIL-1233,02/23/2023 10:30:00 -0800,Tom Reyes <treyes@alderpointpartners.com>,Priya Shah <pshah@alderpointpartners.com>; Nina Alvarez <nalvarez@alderpointpartners.com>,Facilities,email,Mountain Ridge broker note,R,EVT-R-22,search-precision control; distinct IDs/counties only; near-dupe/version test,0,new
EMAIL-1240,FAM-1702,,12/18/2021 08:10:00 -0800,Priya Shah <pshah@alderpointpartners.com>,Tom Reyes <treyes@alderpointpartners.com>,Sarah Nguyen,email,Mountain Ridge broker note,R,EVT-R-34,search-precision control; distinct IDs/counties only,2,new
EMAIL-1241,FAM-1703,,03/06/2023 17:10:00 -0700,Jay Whitfield <jwhitfield@alderpointpartners.com>,Tom Reyes <treyes@alderpointpartners.com>,Facilities,email,Mountain Ridge county correction — RM parcel only,R,EVT-R-28,search-precision control; distinct IDs/counties only,0,new
EMAIL-1242,FAM-1704,,11/30/2021 08:30:00 -0800,Priya Shah <pshah@alderpointpartners.com>,Tom Reyes <treyes@alderpointpartners.com>,Kevin Tran,email,Mountain Ridge survey — RM-5,R,EVT-R-38,search-precision control; distinct IDs/counties only,0,new
EMAIL-1243,FAM-1705,,03/06/2022 08:45:00 -0700,Tom Reyes <treyes@alderpointpartners.com>,Nina Alvarez <nalvarez@alderpointpartners.com>,Priya Shah,email,Mountain Ridge parcel list — RM-1 (distinct IDs),R,EVT-R-31,search-precision control; distinct IDs/counties only,1,new
EMAIL-1244,FAM-1706,,12/14/2022 10:40:00 -0800,Tom Reyes <treyes@alderpointpartners.com>,Jay Whitfield <jwhitfield@alderpointpartners.com>,Nina Alvarez,email,Mountain Ridge parcel list — RM-4 (distinct IDs),R,EVT-R-15,search-precision control; distinct IDs/counties only,0,new
EMAIL-1245,FAM-1707,,01/03/2023 09:40:00 -0800,Jay Whitfield <jwhitfield@alderpointpartners.com>,Nina Alvarez <nalvarez@alderpointpartners.com>,Marcus Webb,email,Mountain Ridge parcel list — RM-6 (distinct IDs),R,EVT-R-13,search-precision control; distinct IDs/counties only,0,new
EMAIL-1246,FAM-1708,,07/03/2023 08:30:00 -0700,Marcus Webb <mwebb@cascadetimber.com>,Sarah Nguyen <snguyen@cascadetimber.com>,Priya Shah,calendar-invite,Calendar invite,N,EVT-N-33,volume/realism/noise/duplicate/gap control; near-dupe/version test,0,new
EMAIL-1247,FAM-1709,,05/06/2022 14:05:00 -0700,Craig Sato <csato@cascadetimber.com>,Tom Reyes <treyes@alderpointpartners.com>,Tom Reyes,broadcast,Out of office,N,EVT-N-27,volume/realism/noise/duplicate/gap control,0,new
EMAIL-1248,FAM-1710,,07/14/2022 13:05:00 -0700,Derek Holt <dholt@bellhavenadvisory.com>,Human Resources <hr@cascadetimber.com>,Kevin Tran,broadcast,Parking/facilities,N,EVT-N-08,volume/realism/noise/duplicate/gap control,0,new
EMAIL-1249,EMAIL-239,EMAIL-239,03/26/2023 15:50:00 -0700,Marcus Webb <mwebb@cascadetimber.com>,Jay Whitfield <jwhitfield@alderpointpartners.com>,Human Resources,email,Calendar invite,N,EVT-N-12,volume/realism/noise/duplicate/gap control,1,new
EMAIL-1250,FAM-1722,EMAIL-1321,11/21/2022 15:15:00 -0800,Craig Sato <csato@cascadetimber.com>,Sarah Nguyen <snguyen@cascadetimber.com>,Nina Alvarez,email,IT notice,N,EVT-N-16,volume/realism/noise/duplicate/gap control,0,new
EMAIL-1251,EMAIL-216,EMAIL-216,12/18/2023 09:25:00 -0800,Wendy Park <wpark@cascadetimber.com>,Elena Marlowe <emarlowe@cascadetimber.com>,Robert Denniston,email,Out of office,N,EVT-N-02,volume/realism/noise/duplicate/gap control,0,new
EMAIL-1252,FAM-1786,EMAIL-1355,12/17/2021 13:45:00 -0800,Frank Delgado <fdelgado@cascadetimber.com>,Elena Marlowe <emarlowe@cascadetimber.com>,Jay Whitfield,email,Fantasy pool,N,EVT-N-10,volume/realism/noise/duplicate/gap control,0,new
EMAIL-1253,FAM-1711,,10/05/2023 16:10:00 -0700,Priya Shah <pshah@alderpointpartners.com>,HR <hr@alderpointpartners.com>,Dan Osei,broadcast,Parking/facilities,N,EVT-N-11,volume/realism/noise/duplicate/gap control,0,new
EMAIL-1254,FAM-1712,,02/10/2023 15:15:00 -0800,HR <hr@alderpointpartners.com>,Marcus Webb <mwebb@cascadetimber.com>,John Ellery,email,Lunch plans,N,EVT-N-16,volume/realism/noise/duplicate/gap control,0,new
EMAIL-1255,FAM-1713,,11/07/2022 14:10:00 -0800,Human Resources <hr@cascadetimber.com>,Deb Sanchez <dsanchez@cascadetimber.com>,Brenda Moss,email,Calendar invite,N,EVT-N-20,volume/realism/noise/duplicate/gap control,0,new
EMAIL-1256,FAM-1714,,03/27/2023 11:15:00 -0700,Nina Alvarez <nalvarez@alderpointpartners.com>,Hannah Cole <hcole@cascadetimber.com>,Jay Whitfield,email,Fantasy pool,N,EVT-N-16,volume/realism/noise/duplicate/gap control,0,new
EMAIL-1257,FAM-1715,,12/09/2023 14:30:00 -0800,Dan Osei <dosei@cascadetimber.com>,Elena Marlowe <emarlowe@cascadetimber.com>,Alan Brooks,broadcast,Parking/facilities,N,EVT-N-38,volume/realism/noise/duplicate/gap control,0,new
EMAIL-1258,FAM-1774,EMAIL-1337,05/31/2022 15:00:00 -0700,Wendy Park <wpark@cascadetimber.com>,Frank Delgado <fdelgado@cascadetimber.com>,Elena Marlowe,email,HR broadcast,N,EVT-N-16,volume/realism/noise/duplicate/gap control,0,new
EMAIL-1259,FAM-1716,,04/18/2022 10:20:00 -0700,IT Notifications <it-notifications@cascadetimber.com>,Nina Alvarez <nalvarez@alderpointpartners.com>,Elena Marlowe,email,HR broadcast,N,EVT-N-04,volume/realism/noise/duplicate/gap control,0,new
EMAIL-1260,FAM-1717,,07/15/2022 14:10:00 -0700,Sarah Nguyen <snguyen@cascadetimber.com>,Dan Osei <dosei@cascadetimber.com>,Elena Marlowe,calendar-invite,Calendar invite,N,EVT-N-02,volume/realism/noise/duplicate/gap control,0,new
EMAIL-1261,FAM-1718,,09/11/2023 15:05:00 -0700,Frank Delgado <fdelgado@cascadetimber.com>,Derek Holt <dholt@bellhavenadvisory.com>; Sarah Nguyen <snguyen@cascadetimber.com>,A Patel,broadcast,Out of office,N,EVT-N-40,volume/realism/noise/duplicate/gap control,0,new
EMAIL-1262,FAM-1719,,05/26/2023 11:45:00 -0700,Derek Holt <dholt@bellhavenadvisory.com>,Frank Delgado <fdelgado@cascadetimber.com>,Nina Alvarez,broadcast,IT notice,N,EVT-N-02,volume/realism/noise/duplicate/gap control,0,new
EMAIL-1263,FAM-1720,,01/12/2022 15:10:00 -0800,Frank Delgado <fdelgado@cascadetimber.com>,Wendy Park <wpark@cascadetimber.com>,John Ellery,broadcast,Parking/facilities,N,EVT-N-20,volume/realism/noise/duplicate/gap control; near-dupe/version test,0,new
EMAIL-1264,FAM-1774,EMAIL-1337,12/20/2022 11:40:00 -0800,HR <hr@alderpointpartners.com>,Nina Alvarez <nalvarez@alderpointpartners.com>; John Ellery <jellery@cascadetimber.com>,John Ellery,email,Conference chatter,N,EVT-N-39,volume/realism/noise/duplicate/gap control,0,new
EMAIL-1265,FAM-1721,,11/22/2023 11:05:00 -0800,Derek Holt <dholt@bellhavenadvisory.com>,Elena Marlowe <emarlowe@cascadetimber.com>,Hannah Cole,broadcast,Out of office,N,EVT-N-03,volume/realism/noise/duplicate/gap control,0,new
EMAIL-1266,FAM-1722,,05/06/2023 10:10:00 -0700,Human Resources <hr@cascadetimber.com>,Elena Marlowe <emarlowe@cascadetimber.com>,Brenda Moss,email,HR broadcast,N,EVT-N-30,volume/realism/noise/duplicate/gap control,0,new
EMAIL-1267,FAM-1786,EMAIL-1252,01/06/2022 08:35:00 -0800,Derek Holt <dholt@bellhavenadvisory.com>,Sarah Nguyen <snguyen@cascadetimber.com>,Jay Whitfield,email,Out of office,N,EVT-N-33,volume/realism/noise/duplicate/gap control,0,new
EMAIL-1268,FAM-1723,,07/09/2023 08:25:00 -0700,Frank Delgado <fdelgado@cascadetimber.com>,Dan Osei <dosei@cascadetimber.com>,Grace Lin,email,Fantasy pool,N,EVT-N-39,volume/realism/noise/duplicate/gap control,0,new
EMAIL-1269,FAM-1724,,12/02/2021 14:10:00 -0800,Priya Shah <pshah@alderpointpartners.com>,Deb Sanchez <dsanchez@cascadetimber.com>,Brenda Moss,broadcast,Out of office,N,EVT-N-36,volume/realism/noise/duplicate/gap control,0,new
EMAIL-1270,FAM-1725,,03/06/2023 14:55:00 -0700,HR <hr@alderpointpartners.com>,Derek Holt <dholt@bellhavenadvisory.com>,IT Notifications,email,HR broadcast,N,EVT-N-33,volume/realism/noise/duplicate/gap control,0,new
EMAIL-1271,EMAIL-126,EMAIL-126,12/19/2023 09:55:00 -0800,Dan Osei <dosei@cascadetimber.com>,Human Resources <hr@cascadetimber.com>,Craig Sato,email,Fantasy pool,N,EVT-N-19,volume/realism/noise/duplicate/gap control,0,new
EMAIL-1272,FAM-1726,,05/17/2022 09:30:00 -0700,Facilities <facilities@cascadetimber.com>,Tom Reyes <treyes@alderpointpartners.com>,Nina Alvarez,broadcast,Out of office,N,EVT-N-29,volume/realism/noise/duplicate/gap control,0,new
EMAIL-1273,FAM-1727,,08/17/2022 15:30:00 -0700,Derek Holt <dholt@bellhavenadvisory.com>,Priya Shah <pshah@alderpointpartners.com>,Derek Holt,broadcast,HR broadcast,N,EVT-N-14,volume/realism/noise/duplicate/gap control,0,new
EMAIL-1274,FAM-1728,,03/06/2023 09:15:00 -0700,Facilities <facilities@cascadetimber.com>,Deb Sanchez <dsanchez@cascadetimber.com>,Tom Reyes,email,Lunch plans,N,EVT-N-31,volume/realism/noise/duplicate/gap control,1,new
EMAIL-1275,FAM-1734,EMAIL-1284,12/24/2021 14:35:00 -0800,Deb Sanchez <dsanchez@cascadetimber.com>,John Ellery <jellery@cascadetimber.com>,John Ellery,email,Fantasy pool,N,EVT-N-22,volume/realism/noise/duplicate/gap control; near-dupe/version test,0,new
EMAIL-1276,FAM-1716,EMAIL-1259,12/07/2023 15:10:00 -0800,Dan Osei <dosei@cascadetimber.com>,Human Resources <hr@cascadetimber.com>,HR,email,Calendar invite,N,EVT-N-17,volume/realism/noise/duplicate/gap control; near-dupe/version test,0,new
EMAIL-1277,FAM-1729,,03/31/2023 08:40:00 -0700,Sarah Nguyen <snguyen@cascadetimber.com>,IT Notifications <it-notifications@cascadetimber.com>,Sarah Nguyen,email,Out of office,N,EVT-N-05,volume/realism/noise/duplicate/gap control,0,new
EMAIL-1278,FAM-1730,,08/05/2022 14:35:00 -0700,Nina Alvarez <nalvarez@alderpointpartners.com>,Facilities <facilities@cascadetimber.com>,Human Resources,broadcast,Parking/facilities,N,EVT-N-13,volume/realism/noise/duplicate/gap control,0,new
EMAIL-1279,FAM-1731,,08/09/2022 09:00:00 -0700,Robert Denniston <rdenniston@cascadetimber.com>,John Ellery <jellery@cascadetimber.com>,John Ellery,email,Duplicate — v4,N,EVT-N-10,volume/realism/noise/duplicate/gap control,0,new
EMAIL-1280,FAM-1732,,01/05/2023 09:15:00 -0800,Marcus Webb <mwebb@cascadetimber.com>,Elena Marlowe <emarlowe@cascadetimber.com>,Derek Holt,broadcast,Parking/facilities,N,EVT-N-10,volume/realism/noise/duplicate/gap control,0,new
EMAIL-1281,FAM-1739,EMAIL-1291,10/06/2022 08:15:00 -0700,Wendy Park <wpark@cascadetimber.com>,Frank Delgado <fdelgado@cascadetimber.com>,Priya Shah,email,Calendar invite,N,EVT-N-36,volume/realism/noise/duplicate/gap control,0,new
EMAIL-1282,EMAIL-241,EMAIL-241,07/20/2023 08:00:00 -0700,Marcus Webb <mwebb@cascadetimber.com>,Sarah Nguyen <snguyen@cascadetimber.com>,Priya Shah,email,Lunch plans,N,EVT-N-08,volume/realism/noise/duplicate/gap control,0,new
EMAIL-1283,FAM-1733,,03/21/2023 11:50:00 -0700,Dan Osei <dosei@cascadetimber.com>,Jay Whitfield <jwhitfield@alderpointpartners.com>,John Ellery,broadcast,IT notice,N,EVT-N-18,volume/realism/noise/duplicate/gap control,0,new
EMAIL-1284,FAM-1734,,11/23/2021 08:25:00 -0800,Nina Alvarez <nalvarez@alderpointpartners.com>,Craig Sato <csato@cascadetimber.com>,Priya Shah,email,Duplicate — v2,N,EVT-N-24,volume/realism/noise/duplicate/gap control,1,new
EMAIL-1285,FAM-1735,,12/25/2021 11:10:00 -0800,Jay Whitfield <jwhitfield@alderpointpartners.com>,Elena Marlowe <emarlowe@cascadetimber.com>,Tom Reyes,broadcast,Parking/facilities,N,EVT-N-10,volume/realism/noise/duplicate/gap control,0,new
EMAIL-1286,EMAIL-153,EMAIL-1264,06/30/2023 14:55:00 -0700,Craig Sato <csato@cascadetimber.com>,Elena Marlowe <emarlowe@cascadetimber.com>,Mia Chen,email,Duplicate — v3,N,EVT-N-23,volume/realism/noise/duplicate/gap control; alias-variant test,0,new
EMAIL-1287,FAM-1736,,07/15/2023 14:50:00 -0700,Frank Delgado <fdelgado@cascadetimber.com>,Jay Whitfield <jwhitfield@alderpointpartners.com>,Human Resources,broadcast,Duplicate — v4,N,EVT-N-22,volume/realism/noise/duplicate/gap control,0,new
EMAIL-1288,FAM-1737,,11/18/2022 08:55:00 -0800,Jay Whitfield <jwhitfield@alderpointpartners.com>,Hannah Cole <hcole@cascadetimber.com>,Mia Chen,broadcast,Conference chatter,N,EVT-N-06,volume/realism/noise/duplicate/gap control,0,new
EMAIL-1289,FAM-1724,EMAIL-1269,04/13/2023 13:10:00 -0700,Tom Reyes <treyes@alderpointpartners.com>,Renee Ford <rford@bellhavenadvisory.com>,Marcus Webb,email,Duplicate — v2,N,EVT-N-27,volume/realism/noise/duplicate/gap control,0,new
EMAIL-1290,FAM-1738,,04/22/2022 11:55:00 -0700,Derek Holt <dholt@bellhavenadvisory.com>,Wendy Park <wpark@cascadetimber.com>,Dana Whitaker,email,Out of office,N,EVT-N-25,volume/realism/noise/duplicate/gap control,0,new
EMAIL-1291,FAM-1739,,08/27/2022 08:40:00 -0700,Deb Sanchez <dsanchez@cascadetimber.com>,Robert Denniston <rdenniston@cascadetimber.com>,John Ellery,email,Fantasy pool,N,EVT-N-37,volume/realism/noise/duplicate/gap control,0,new
EMAIL-1292,FAM-1740,,08/03/2023 09:35:00 -0700,Human Resources <hr@cascadetimber.com>,Sarah Nguyen <snguyen@cascadetimber.com>,Sarah Nguyen,broadcast,Lunch plans,N,EVT-N-27,volume/realism/noise/duplicate/gap control,0,new
EMAIL-1293,FAM-1741,,06/26/2023 19:55:00 -0700,Dan Osei <dosei@cascadetimber.com>,Jay Whitfield <jwhitfield@alderpointpartners.com>,Wendy Park,email,Calendar invite,N,EVT-N-30,volume/realism/noise/duplicate/gap control,0,new
EMAIL-1294,FAM-1742,,06/05/2022 08:45:00 -0700,John Ellery <jellery@cascadetimber.com>,Deb Sanchez <dsanchez@cascadetimber.com>,A Patel,email,Calendar invite,N,EVT-N-26,volume/realism/noise/duplicate/gap control,0,new
EMAIL-1295,FAM-1743,,04/17/2022 08:35:00 -0700,Sarah Nguyen <snguyen@cascadetimber.com>,Elena Marlowe <emarlowe@cascadetimber.com>,Derek Holt,email,Duplicate — v3,N,EVT-N-33,volume/realism/noise/duplicate/gap control,1,new
EMAIL-1296,FAM-1744,,08/31/2023 08:55:00 -0700,Jay Whitfield <jwhitfield@alderpointpartners.com>,John Ellery <jellery@cascadetimber.com>; Tom Reyes <treyes@alderpointpartners.com>,Robert Denniston,email,Lunch plans,N,EVT-N-21,volume/realism/noise/duplicate/gap control,0,new
EMAIL-1297,FAM-1745,,11/07/2022 08:10:00 -0800,Derek Holt <dholt@bellhavenadvisory.com>,Renee Ford <rford@bellhavenadvisory.com>,Marcus Webb,broadcast,Duplicate — v2,N,EVT-N-01,volume/realism/noise/duplicate/gap control,0,new
EMAIL-1298,FAM-1746,,05/30/2023 10:50:00 -0700,Frank Delgado <fdelgado@cascadetimber.com>,IT Notifications <it-notifications@cascadetimber.com>,Alan Brooks,email,Expense/travel,N,EVT-N-10,volume/realism/noise/duplicate/gap control,0,new
EMAIL-1299,FAM-1747,,03/24/2022 13:40:00 -0700,Human Resources <hr@cascadetimber.com>,Marcus Webb <mwebb@cascadetimber.com>,Brenda Moss,email,Calendar invite,N,EVT-N-31,volume/realism/noise/duplicate/gap control,0,new
EMAIL-1300,FAM-1748,,09/02/2022 10:30:00 -0700,Renee Ford <rford@bellhavenadvisory.com>,Hannah Cole <hcole@cascadetimber.com>,Sarah Nguyen,email,Out of office,N,EVT-N-36,volume/realism/noise/duplicate/gap control,0,new
EMAIL-1301,FAM-1749,,01/20/2022 08:35:00 -0800,Elena Marlowe <emarlowe@cascadetimber.com>,Priya Shah <pshah@alderpointpartners.com>,Sarah Nguyen,broadcast,Lunch plans,N,EVT-N-14,volume/realism/noise/duplicate/gap control; alias-variant test,0,new
EMAIL-1302,EMAIL-225,EMAIL-225,07/07/2023 11:40:00 -0700,Robert Denniston <rdenniston@cascadetimber.com>,Frank Delgado <fdelgado@cascadetimber.com>,Human Resources,email,Expense/travel,N,EVT-N-25,volume/realism/noise/duplicate/gap control,1,new
EMAIL-1303,FAM-1725,EMAIL-1270,05/23/2023 09:00:00 -0700,HR <hr@alderpointpartners.com>,Frank Delgado <fdelgado@cascadetimber.com>,A Patel,email,Conference chatter,N,EVT-N-27,volume/realism/noise/duplicate/gap control,0,new
EMAIL-1304,FAM-1750,,03/27/2023 16:55:00 -0700,IT Notifications <it-notifications@cascadetimber.com>,Hannah Cole <hcole@cascadetimber.com>,Robert Denniston,email,Calendar invite,N,EVT-N-13,volume/realism/noise/duplicate/gap control,0,new
EMAIL-1305,FAM-1735,EMAIL-1285,11/12/2023 10:45:00 -0800,Facilities <facilities@cascadetimber.com>,Jay Whitfield <jwhitfield@alderpointpartners.com>,Grace Lin,email,Conference chatter,N,EVT-N-32,volume/realism/noise/duplicate/gap control,0,new
EMAIL-1306,FAM-1751,,06/15/2022 13:25:00 -0700,Hannah Cole <hcole@cascadetimber.com>,Elena Marlowe <emarlowe@cascadetimber.com>,Dan Osei,email,Lunch plans,N,EVT-N-36,volume/realism/noise/duplicate/gap control,0,new
EMAIL-1307,FAM-1752,,06/30/2023 15:30:00 -0700,Renee Ford <rford@bellhavenadvisory.com>,Tom Reyes <treyes@alderpointpartners.com>; Derek Holt <dholt@bellhavenadvisory.com>,Priya Shah,email,HR broadcast,N,EVT-N-35,volume/realism/noise/duplicate/gap control,2,new
EMAIL-1308,FAM-1753,,12/30/2021 08:55:00 -0800,IT Notifications <it-notifications@cascadetimber.com>,Human Resources <hr@cascadetimber.com>,Frank Delgado,email,Lunch plans,N,EVT-N-12,volume/realism/noise/duplicate/gap control,0,new
EMAIL-1309,FAM-1754,,03/20/2022 09:00:00 -0700,HR <hr@alderpointpartners.com>,Hannah Cole <hcole@cascadetimber.com>; Frank Delgado <fdelgado@cascadetimber.com>,Kevin Tran,broadcast,Fantasy pool,N,EVT-N-06,volume/realism/noise/duplicate/gap control,0,new
EMAIL-1310,FAM-1755,,11/05/2023 08:45:00 -0800,Priya Shah <pshah@alderpointpartners.com>,Marcus Webb <mwebb@cascadetimber.com>,Sarah Nguyen,email,Duplicate — v2,N,EVT-N-06,volume/realism/noise/duplicate/gap control,0,new
EMAIL-1311,FAM-1789,EMAIL-1392,02/11/2022 10:15:00 -0800,Sarah Nguyen <snguyen@cascadetimber.com>,Derek Holt <dholt@bellhavenadvisory.com>,Nina Alvarez,email,HR broadcast,N,EVT-N-37,volume/realism/noise/duplicate/gap control,0,new
EMAIL-1312,FAM-1756,,10/15/2022 13:05:00 -0700,Derek Holt <dholt@bellhavenadvisory.com>,Robert Denniston <rdenniston@cascadetimber.com>,Craig Sato,email,Conference chatter,N,EVT-N-19,volume/realism/noise/duplicate/gap control,1,new
EMAIL-1313,FAM-1731,EMAIL-1279,11/20/2023 09:20:00 -0800,Renee Ford <rford@bellhavenadvisory.com>,Craig Sato <csato@cascadetimber.com>,Elena Marlowe,email,Parking/facilities,N,EVT-N-02,volume/realism/noise/duplicate/gap control,1,new
EMAIL-1314,FAM-1757,,08/30/2022 11:25:00 -0700,Craig Sato <csato@cascadetimber.com>,Facilities <facilities@cascadetimber.com>,Elena Marlowe,broadcast,Parking/facilities,N,EVT-N-12,volume/realism/noise/duplicate/gap control,0,new
EMAIL-1315,FAM-1758,,12/21/2021 11:20:00 -0800,Renee Ford <rford@bellhavenadvisory.com>,Priya Shah <pshah@alderpointpartners.com>,Nina Alvarez,email,Lunch plans,N,EVT-N-20,volume/realism/noise/duplicate/gap control,0,new
EMAIL-1316,FAM-1759,,12/11/2023 09:40:00 -0800,Jay Whitfield <jwhitfield@alderpointpartners.com>,Renee Ford <rford@bellhavenadvisory.com>,Mia Chen,broadcast,Parking/facilities,N,EVT-N-39,volume/realism/noise/duplicate/gap control,0,new
EMAIL-1317,FAM-1714,EMAIL-1256,03/28/2023 16:15:00 -0700,Craig Sato <csato@cascadetimber.com>,Dan Osei <dosei@cascadetimber.com>,Facilities,email,HR broadcast,N,EVT-N-03,volume/realism/noise/duplicate/gap control; near-dupe/version test,0,new
EMAIL-1318,FAM-1760,,12/18/2021 09:15:00 -0800,Wendy Park <wpark@cascadetimber.com>,Priya Shah <pshah@alderpointpartners.com>,Human Resources,email,Parking/facilities,N,EVT-N-17,volume/realism/noise/duplicate/gap control,0,new
EMAIL-1319,FAM-1761,,11/11/2022 15:15:00 -0800,Renee Ford <rford@bellhavenadvisory.com>,IT Notifications <it-notifications@cascadetimber.com>,Tom Reyes,broadcast,Expense/travel,N,EVT-N-39,volume/realism/noise/duplicate/gap control,0,new
EMAIL-1320,FAM-1762,,01/16/2023 11:40:00 -0800,Renee Ford <rford@bellhavenadvisory.com>,HR <hr@alderpointpartners.com>,Mia Chen,email,Duplicate — v3,N,EVT-N-22,volume/realism/noise/duplicate/gap control,0,new
EMAIL-1321,FAM-1722,EMAIL-1275,08/26/2022 13:25:00 -0700,Jay Whitfield <jwhitfield@alderpointpartners.com>,Marcus Webb <mwebb@cascadetimber.com>,A Patel,email,Expense/travel,N,EVT-N-29,volume/realism/noise/duplicate/gap control,1,new
EMAIL-1322,FAM-1763,,02/24/2023 11:40:00 -0800,Elena Marlowe <emarlowe@cascadetimber.com>,Nina Alvarez <nalvarez@alderpointpartners.com>,Brenda Moss,broadcast,IT notice,N,EVT-N-10,volume/realism/noise/duplicate/gap control,0,new
EMAIL-1323,FAM-1764,,02/17/2022 08:30:00 -0800,IT Notifications <it-notifications@cascadetimber.com>,Derek Holt <dholt@bellhavenadvisory.com>; Priya Shah <pshah@alderpointpartners.com>,Grace Lin,email,Lunch plans,N,EVT-N-11,volume/realism/noise/duplicate/gap control,0,new
EMAIL-1324,FAM-1765,,07/21/2023 17:05:00 -0700,Human Resources <hr@cascadetimber.com>,Deb Sanchez <dsanchez@cascadetimber.com>,Sarah Nguyen,email,Calendar invite,N,EVT-N-27,volume/realism/noise/duplicate/gap control,0,new
EMAIL-1325,FAM-1766,,10/12/2023 14:15:00 -0700,Priya Shah <pshah@alderpointpartners.com>,HR <hr@alderpointpartners.com>,HR,email,HR broadcast,N,EVT-N-36,volume/realism/noise/duplicate/gap control,0,new
EMAIL-1326,FAM-1767,,12/24/2022 09:00:00 -0800,HR <hr@alderpointpartners.com>,Deb Sanchez <dsanchez@cascadetimber.com>; Priya Shah <pshah@alderpointpartners.com>,Robert Denniston,email,Duplicate — v4,N,EVT-N-15,volume/realism/noise/duplicate/gap control,0,new
EMAIL-1327,FAM-1768,,02/06/2022 13:55:00 -0800,Dan Osei <dosei@cascadetimber.com>,Priya Shah <pshah@alderpointpartners.com>; Robert Denniston <rdenniston@cascadetimber.com>,Dan Osei,broadcast,Duplicate — v3,N,EVT-N-19,volume/realism/noise/duplicate/gap control,0,new
EMAIL-1328,FAM-1769,,09/30/2023 15:20:00 -0700,Renee Ford <rford@bellhavenadvisory.com>,Tom Reyes <treyes@alderpointpartners.com>; HR <hr@alderpointpartners.com>,Jay Whitfield,email,Parking/facilities,N,EVT-N-37,volume/realism/noise/duplicate/gap control,0,new
EMAIL-1329,FAM-1763,EMAIL-1322,03/11/2023 17:10:00 -0700,Wendy Park <wpark@cascadetimber.com>,Frank Delgado <fdelgado@cascadetimber.com>,Dan Osei,email,Duplicate — v3,N,EVT-N-12,volume/realism/noise/duplicate/gap control,0,new
EMAIL-1330,FAM-1770,,05/03/2022 08:35:00 -0700,Facilities <facilities@cascadetimber.com>,Elena Marlowe <emarlowe@cascadetimber.com>,Marcus Webb,email,IT notice,N,EVT-N-21,volume/realism/noise/duplicate/gap control,0,new
EMAIL-1331,FAM-1806,EMAIL-1382,02/08/2023 10:45:00 -0800,Robert Denniston <rdenniston@cascadetimber.com>,Nina Alvarez <nalvarez@alderpointpartners.com>,Craig Sato,email,HR broadcast,N,EVT-N-28,volume/realism/noise/duplicate/gap control,1,new
EMAIL-1332,FAM-1758,EMAIL-1315,01/15/2022 09:25:00 -0800,Tom Reyes <treyes@alderpointpartners.com>,Elena Marlowe <emarlowe@cascadetimber.com>,Frank Delgado,email,Fantasy pool,N,EVT-N-31,volume/realism/noise/duplicate/gap control; alias-variant test,1,new
EMAIL-1333,FAM-1771,,12/24/2022 10:20:00 -0800,Frank Delgado <fdelgado@cascadetimber.com>,Marcus Webb <mwebb@cascadetimber.com>; Elena Marlowe <emarlowe@cascadetimber.com>,Wendy Park,email,Conference chatter,N,EVT-N-14,volume/realism/noise/duplicate/gap control,0,new
EMAIL-1334,FAM-1772,,02/12/2022 08:15:00 -0800,Hannah Cole <hcole@cascadetimber.com>,Craig Sato <csato@cascadetimber.com>,Dan Osei,email,Expense/travel,N,EVT-N-21,volume/realism/noise/duplicate/gap control,1,new
EMAIL-1335,FAM-1772,EMAIL-1334,02/14/2022 08:30:00 -0800,Facilities <facilities@cascadetimber.com>,IT Notifications <it-notifications@cascadetimber.com>,Tom Reyes,email,Out of office,N,EVT-N-02,volume/realism/noise/duplicate/gap control,1,new
EMAIL-1336,FAM-1773,,09/08/2022 09:55:00 -0700,IT Notifications <it-notifications@cascadetimber.com>,Renee Ford <rford@bellhavenadvisory.com>,Wendy Park,broadcast,Fantasy pool,N,EVT-N-04,volume/realism/noise/duplicate/gap control,0,new
EMAIL-1337,FAM-1774,,05/02/2022 11:35:00 -0700,Wendy Park <wpark@cascadetimber.com>,Frank Delgado <fdelgado@cascadetimber.com>,IT Notifications,email,Out of office,N,EVT-N-14,volume/realism/noise/duplicate/gap control,0,new
EMAIL-1338,FAM-1775,,11/06/2021 13:00:00 -0800,Human Resources <hr@cascadetimber.com>,Marcus Webb <mwebb@cascadetimber.com>,Facilities,email,Conference chatter,N,EVT-N-35,volume/realism/noise/duplicate/gap control,0,new
EMAIL-1339,FAM-1776,,12/22/2023 11:15:00 -0800,John Ellery <jellery@cascadetimber.com>,Elena Marlowe <emarlowe@cascadetimber.com>,Jay Whitfield,broadcast,HR broadcast,N,EVT-N-26,volume/realism/noise/duplicate/gap control,0,new
EMAIL-1340,EMAIL-035,EMAIL-035,01/19/2022 10:25:00 -0800,Human Resources <hr@cascadetimber.com>,Hannah Cole <hcole@cascadetimber.com>,Grace Lin,email,Calendar invite,N,EVT-N-02,volume/realism/noise/duplicate/gap control,0,new
EMAIL-1341,FAM-1777,,11/25/2021 09:15:00 -0800,Renee Ford <rford@bellhavenadvisory.com>,Elena Marlowe <emarlowe@cascadetimber.com>,Wendy Park,broadcast,Out of office,N,EVT-N-21,volume/realism/noise/duplicate/gap control,0,new
EMAIL-1342,FAM-1751,EMAIL-1306,07/14/2022 16:00:00 -0700,Robert Denniston <rdenniston@cascadetimber.com>,Craig Sato <csato@cascadetimber.com>,Wendy Park,email,Expense/travel,N,EVT-N-19,volume/realism/noise/duplicate/gap control,0,new
EMAIL-1343,FAM-1804,EMAIL-1378,01/31/2023 10:05:00 -0800,Tom Reyes <treyes@alderpointpartners.com>,Nina Alvarez <nalvarez@alderpointpartners.com>,Hannah Cole,email,Fantasy pool,N,EVT-N-21,volume/realism/noise/duplicate/gap control,0,new
EMAIL-1344,FAM-1778,,11/12/2022 15:40:00 -0800,Robert Denniston <rdenniston@cascadetimber.com>,Frank Delgado <fdelgado@cascadetimber.com>,Alan Brooks,email,Expense/travel,N,EVT-N-19,volume/realism/noise/duplicate/gap control,0,new
EMAIL-1345,FAM-1779,,02/13/2022 10:10:00 -0800,Nina Alvarez <nalvarez@alderpointpartners.com>,John Ellery <jellery@cascadetimber.com>,Marcus Webb,email,IT notice,N,EVT-N-13,volume/realism/noise/duplicate/gap control,0,new
EMAIL-1346,FAM-1780,,12/19/2022 09:10:00 -0800,Robert Denniston <rdenniston@cascadetimber.com>,Tom Reyes <treyes@alderpointpartners.com>,Sarah Nguyen,email,Conference chatter,N,EVT-N-20,volume/realism/noise/duplicate/gap control,0,new
EMAIL-1347,FAM-1781,,08/16/2022 09:10:00 -0700,Facilities <facilities@cascadetimber.com>,Frank Delgado <fdelgado@cascadetimber.com>,Wendy Park,email,Expense/travel,N,EVT-N-07,volume/realism/noise/duplicate/gap control,0,new
EMAIL-1348,FAM-1782,,10/18/2022 14:10:00 -0700,Facilities <facilities@cascadetimber.com>,Nina Alvarez <nalvarez@alderpointpartners.com>,Nina Alvarez,email,Parking/facilities,N,EVT-N-28,volume/realism/noise/duplicate/gap control; near-dupe/version test,0,new
EMAIL-1349,FAM-1783,,10/26/2022 09:05:00 -0700,IT Notifications <it-notifications@cascadetimber.com>,Craig Sato <csato@cascadetimber.com>,Derek Holt,email,Expense/travel,N,EVT-N-27,volume/realism/noise/duplicate/gap control,0,new
EMAIL-1350,FAM-1784,,01/11/2022 08:00:00 -0800,Facilities <facilities@cascadetimber.com>,Nina Alvarez <nalvarez@alderpointpartners.com>,Wendy Park,email,HR broadcast,N,EVT-N-33,volume/realism/noise/duplicate/gap control,0,new
EMAIL-1351,FAM-1785,,11/07/2023 17:40:00 -0800,Deb Sanchez <dsanchez@cascadetimber.com>,Elena Marlowe <emarlowe@cascadetimber.com>,Mia Chen,email,Lunch plans,N,EVT-N-12,volume/realism/noise/duplicate/gap control,0,new
EMAIL-1352,FAM-1753,EMAIL-1308,05/24/2023 08:15:00 -0700,Tom Reyes <treyes@alderpointpartners.com>,Jay Whitfield <jwhitfield@alderpointpartners.com>,Frank Delgado,email,HR broadcast,N,EVT-N-29,volume/realism/noise/duplicate/gap control,0,new
EMAIL-1353,FAM-1783,EMAIL-1349,12/21/2023 09:10:00 -0800,IT Notifications <it-notifications@cascadetimber.com>,Jay Whitfield <jwhitfield@alderpointpartners.com>,Human Resources,email,Calendar invite,N,EVT-N-40,volume/realism/noise/duplicate/gap control,0,new
EMAIL-1354,EMAIL-247,EMAIL-247,08/21/2022 10:45:00 -0700,Wendy Park <wpark@cascadetimber.com>,Derek Holt <dholt@bellhavenadvisory.com>,Elena Marlowe,email,Conference chatter,N,EVT-N-16,volume/realism/noise/duplicate/gap control,2,new
EMAIL-1355,FAM-1786,,11/05/2021 13:40:00 -0800,Tom Reyes <treyes@alderpointpartners.com>,Derek Holt <dholt@bellhavenadvisory.com>,Mia Chen,email,Out of office,N,EVT-N-28,volume/realism/noise/duplicate/gap control,0,new
EMAIL-1356,FAM-1786,EMAIL-1355,10/24/2022 10:20:00 -0700,Priya Shah <pshah@alderpointpartners.com>,Nina Alvarez <nalvarez@alderpointpartners.com>,Tom Reyes,email,Conference chatter,N,EVT-N-23,volume/realism/noise/duplicate/gap control,0,new
EMAIL-1357,FAM-1787,,04/08/2023 11:55:00 -0700,Hannah Cole <hcole@cascadetimber.com>,Craig Sato <csato@cascadetimber.com>; Sarah Nguyen <snguyen@cascadetimber.com>,Craig Sato,email,Parking/facilities,N,EVT-N-40,volume/realism/noise/duplicate/gap control,0,new
EMAIL-1358,FAM-1739,EMAIL-1291,09/13/2022 10:30:00 -0700,Priya Shah <pshah@alderpointpartners.com>,Robert Denniston <rdenniston@cascadetimber.com>,Dan Osei,email,IT notice,N,EVT-N-02,volume/realism/noise/duplicate/gap control,0,new
EMAIL-1359,FAM-1788,,01/14/2023 09:20:00 -0800,Priya Shah <pshah@alderpointpartners.com>,Facilities <facilities@cascadetimber.com>,Priya Shah,email,HR broadcast,N,EVT-N-37,volume/realism/noise/duplicate/gap control,0,new
EMAIL-1360,FAM-1751,EMAIL-1306,09/21/2023 10:50:00 -0700,Renee Ford <rford@bellhavenadvisory.com>,Tom Reyes <treyes@alderpointpartners.com>,Nina Alvarez,email,Conference chatter,N,EVT-N-19,volume/realism/noise/duplicate/gap control; near-dupe/version test,0,new
EMAIL-1361,FAM-1789,,07/08/2022 10:35:00 -0700,Human Resources <hr@cascadetimber.com>,IT Notifications <it-notifications@cascadetimber.com>,Marcus Webb,email,Conference chatter,N,EVT-N-27,volume/realism/noise/duplicate/gap control,0,new
EMAIL-1362,FAM-1753,EMAIL-1308,09/25/2023 14:30:00 -0700,Renee Ford <rford@bellhavenadvisory.com>,Jay Whitfield <jwhitfield@alderpointpartners.com>; Frank Delgado <fdelgado@cascadetimber.com>,Grace Lin,email,Expense/travel,N,EVT-N-20,volume/realism/noise/duplicate/gap control,0,new
EMAIL-1363,FAM-1790,,11/11/2023 09:50:00 -0800,Marcus Webb <mwebb@cascadetimber.com>,Dan Osei <dosei@cascadetimber.com>; Jay Whitfield <jwhitfield@alderpointpartners.com>,Sarah Nguyen,email,Fantasy pool,N,EVT-N-12,volume/realism/noise/duplicate/gap control,0,new
EMAIL-1364,FAM-1775,EMAIL-1338,01/09/2022 11:40:00 -0800,Hannah Cole <hcole@cascadetimber.com>,Frank Delgado <fdelgado@cascadetimber.com>,Frank Delgado,email,Parking/facilities,N,EVT-N-01,volume/realism/noise/duplicate/gap control,0,new
EMAIL-1365,FAM-1791,,12/12/2023 14:15:00 -0800,Human Resources <hr@cascadetimber.com>,Elena Marlowe <emarlowe@cascadetimber.com>,Grace Lin,broadcast,HR broadcast,N,EVT-N-21,volume/realism/noise/duplicate/gap control,0,new
EMAIL-1366,FAM-1792,,03/19/2023 15:55:00 -0700,Elena Marlowe <emarlowe@cascadetimber.com>,Dan Osei <dosei@cascadetimber.com>,Dan Osei,email,Fantasy pool,N,EVT-N-13,volume/realism/noise/duplicate/gap control,0,new
EMAIL-1367,FAM-1793,,08/24/2023 15:40:00 -0700,Sarah Nguyen <snguyen@cascadetimber.com>,Dan Osei <dosei@cascadetimber.com>,Wendy Park,email,Lunch plans,N,EVT-N-10,volume/realism/noise/duplicate/gap control,0,new
EMAIL-1368,FAM-1794,,02/07/2022 08:30:00 -0800,Sarah Nguyen <snguyen@cascadetimber.com>,Elena Marlowe <emarlowe@cascadetimber.com>,Craig Sato,email,Lunch plans,N,EVT-N-32,volume/realism/noise/duplicate/gap control,0,new
EMAIL-1369,FAM-1795,,02/11/2023 10:00:00 -0800,Nina Alvarez <nalvarez@alderpointpartners.com>,Derek Holt <dholt@bellhavenadvisory.com>,Nina Alvarez,email,Lunch plans,N,EVT-N-18,volume/realism/noise/duplicate/gap control,1,new
EMAIL-1370,FAM-1796,,09/30/2022 13:25:00 -0700,Nina Alvarez <nalvarez@alderpointpartners.com>,Craig Sato <csato@cascadetimber.com>,Sarah Nguyen,broadcast,IT notice,N,EVT-N-13,volume/realism/noise/duplicate/gap control,0,new
EMAIL-1371,FAM-1797,,10/06/2023 09:25:00 -0700,Sarah Nguyen <snguyen@cascadetimber.com>,John Ellery <jellery@cascadetimber.com>,Human Resources,email,HR broadcast,N,EVT-N-36,volume/realism/noise/duplicate/gap control,0,new
EMAIL-1372,FAM-1798,,09/23/2023 14:00:00 -0700,Jay Whitfield <jwhitfield@alderpointpartners.com>,Frank Delgado <fdelgado@cascadetimber.com>,Facilities,email,Out of office,N,EVT-N-28,volume/realism/noise/duplicate/gap control [Nina departed Jun 30 (061/082); reassigned to active custodian],0,new
EMAIL-1373,FAM-1799,,11/28/2022 11:50:00 -0800,Wendy Park <wpark@cascadetimber.com>,John Ellery <jellery@cascadetimber.com>,A Patel,broadcast,Duplicate — v4,N,EVT-N-26,volume/realism/noise/duplicate/gap control,0,new
EMAIL-1374,FAM-1800,,10/09/2023 14:30:00 -0700,Wendy Park <wpark@cascadetimber.com>,Tom Reyes <treyes@alderpointpartners.com>; Robert Denniston <rdenniston@cascadetimber.com>,Dan Osei,email,Fantasy pool,N,EVT-N-26,volume/realism/noise/duplicate/gap control,0,new
EMAIL-1375,FAM-1801,,04/01/2022 11:25:00 -0700,Jay Whitfield <jwhitfield@alderpointpartners.com>,Frank Delgado <fdelgado@cascadetimber.com>,Mia Chen,broadcast,Fantasy pool,N,EVT-N-04,volume/realism/noise/duplicate/gap control,0,new
EMAIL-1376,FAM-1802,,02/28/2023 13:00:00 -0800,Human Resources <hr@cascadetimber.com>,IT Notifications <it-notifications@cascadetimber.com>,Frank Delgado,email,Lunch plans,N,EVT-N-23,volume/realism/noise/duplicate/gap control,1,new
EMAIL-1377,FAM-1803,,07/02/2023 14:55:00 -0700,Craig Sato <csato@cascadetimber.com>,Priya Shah <pshah@alderpointpartners.com>,Grace Lin,email,Out of office,N,EVT-N-33,volume/realism/noise/duplicate/gap control,1,new
EMAIL-1378,FAM-1804,,07/29/2022 09:15:00 -0700,Derek Holt <dholt@bellhavenadvisory.com>,Hannah Cole <hcole@cascadetimber.com>,Jay Whitfield,email,Fantasy pool,N,EVT-N-33,volume/realism/noise/duplicate/gap control,0,new
EMAIL-1379,FAM-1805,,04/28/2023 10:25:00 -0700,HR <hr@alderpointpartners.com>,Elena Marlowe <emarlowe@cascadetimber.com>,Jay Whitfield,email,Out of office,N,EVT-N-38,volume/realism/noise/duplicate/gap control,0,new
EMAIL-1380,FAM-1804,EMAIL-1378,10/14/2023 08:20:00 -0700,Dan Osei <dosei@cascadetimber.com>,Facilities <facilities@cascadetimber.com>,IT Notifications,email,Lunch plans,N,EVT-N-40,volume/realism/noise/duplicate/gap control,0,new
EMAIL-1381,FAM-1802,EMAIL-1376,09/12/2023 15:05:00 -0700,John Ellery <jellery@cascadetimber.com>,Hannah Cole <hcole@cascadetimber.com>; Sarah Nguyen <snguyen@cascadetimber.com>,Brenda Moss,email,Expense/travel,N,EVT-N-13,volume/realism/noise/duplicate/gap control,0,new
EMAIL-1382,FAM-1806,,10/22/2022 10:10:00 -0700,Jay Whitfield <jwhitfield@alderpointpartners.com>,HR <hr@alderpointpartners.com>,Wendy Park,email,Fantasy pool,N,EVT-N-05,volume/realism/noise/duplicate/gap control,1,new
EMAIL-1383,FAM-1789,EMAIL-1311,04/20/2022 09:45:00 -0700,Sarah Nguyen <snguyen@cascadetimber.com>,HR <hr@alderpointpartners.com>,John Ellery,email,Parking/facilities,N,EVT-N-33,volume/realism/noise/duplicate/gap control,0,new
EMAIL-1384,FAM-1790,EMAIL-1363,11/18/2023 14:05:00 -0800,Tom Reyes <treyes@alderpointpartners.com>,Renee Ford <rford@bellhavenadvisory.com>,Hannah Cole,email,Expense/travel,N,EVT-N-36,volume/realism/noise/duplicate/gap control [Nina departed Jun 30 (061/082); reassigned to active custodian],0,new
EMAIL-1385,FAM-1807,,10/12/2022 17:30:00 -0700,Marcus Webb <mwebb@cascadetimber.com>,Human Resources <hr@cascadetimber.com>,Craig Sato,email,Parking/facilities,N,EVT-N-08,volume/realism/noise/duplicate/gap control,0,new
EMAIL-1386,FAM-1808,,05/05/2022 08:30:00 -0700,Facilities <facilities@cascadetimber.com>,Tom Reyes <treyes@alderpointpartners.com>; HR <hr@alderpointpartners.com>,Wendy Park,email,Duplicate — v2,N,EVT-N-25,volume/realism/noise/duplicate/gap control,0,new
EMAIL-1387,FAM-1809,,11/28/2022 10:10:00 -0800,Deb Sanchez <dsanchez@cascadetimber.com>,Facilities <facilities@cascadetimber.com>,Hannah Cole,email,Out of office,N,EVT-N-21,volume/realism/noise/duplicate/gap control,0,new
EMAIL-1388,FAM-1810,,11/25/2023 08:25:00 -0800,Renee Ford <rford@bellhavenadvisory.com>,Derek Holt <dholt@bellhavenadvisory.com>; Tom Reyes <treyes@alderpointpartners.com>,Frank Delgado,email,IT notice,N,EVT-N-32,volume/realism/noise/duplicate/gap control,0,new
EMAIL-1389,FAM-1789,EMAIL-1311,07/26/2022 08:05:00 -0700,Hannah Cole <hcole@cascadetimber.com>,Wendy Park <wpark@cascadetimber.com>,Craig Sato,email,Parking/facilities,N,EVT-N-33,volume/realism/noise/duplicate/gap control,0,new
EMAIL-1390,FAM-1811,,12/30/2022 16:35:00 -0800,HR <hr@alderpointpartners.com>,Deb Sanchez <dsanchez@cascadetimber.com>,Brenda Moss,email,IT notice,N,EVT-N-23,volume/realism/noise/duplicate/gap control,0,new
EMAIL-1391,FAM-1734,EMAIL-1284,12/10/2022 08:00:00 -0800,Tom Reyes <treyes@alderpointpartners.com>,Derek Holt <dholt@bellhavenadvisory.com>,Craig Sato,email,Calendar invite,N,EVT-N-06,volume/realism/noise/duplicate/gap control,0,new
EMAIL-1392,FAM-1775,EMAIL-1338,02/05/2022 10:35:00 -0800,Sarah Nguyen <snguyen@cascadetimber.com>,HR <hr@alderpointpartners.com>,Wendy Park,email,Calendar invite,N,EVT-N-18,volume/realism/noise/duplicate/gap control; near-dupe/version test,0,new
EMAIL-1393,FAM-1812,,11/08/2021 10:25:00 -0800,HR <hr@alderpointpartners.com>,Sarah Nguyen <snguyen@cascadetimber.com>,Priya Shah,email,Duplicate — v4,N,EVT-N-31,volume/realism/noise/duplicate/gap control,0,new
EMAIL-1394,EMAIL-093,EMAIL-093,07/08/2023 11:05:00 -0700,Tom Reyes <treyes@alderpointpartners.com>,Robert Denniston <rdenniston@cascadetimber.com>,Sarah Nguyen,email,Expense/travel,N,EVT-N-25,volume/realism/noise/duplicate/gap control [Nina departed Jun 30 (061/082); reassigned to active custodian],0,new
EMAIL-1395,FAM-1813,,06/24/2022 09:10:00 -0700,Priya Shah <pshah@alderpointpartners.com>,IT Notifications <it-notifications@cascadetimber.com>,Priya Shah,broadcast,Out of office,N,EVT-N-20,volume/realism/noise/duplicate/gap control,0,new
EMAIL-1396,FAM-1814,,02/12/2022 11:15:00 -0800,Renee Ford <rford@bellhavenadvisory.com>,Facilities <facilities@cascadetimber.com>,Robert Denniston,email,Duplicate — v3,N,EVT-N-02,volume/realism/noise/duplicate/gap control,0,new
EMAIL-1397,FAM-1815,,03/31/2023 09:45:00 -0700,Hannah Cole <hcole@cascadetimber.com>,Deb Sanchez <dsanchez@cascadetimber.com>,Derek Holt,broadcast,IT notice,N,EVT-N-05,volume/realism/noise/duplicate/gap control,0,new
EMAIL-1398,FAM-1816,,10/22/2022 10:25:00 -0700,Sarah Nguyen <snguyen@cascadetimber.com>,Facilities <facilities@cascadetimber.com>,Tom Reyes,email,Calendar invite,N,EVT-N-14,volume/realism/noise/duplicate/gap control,0,new
EMAIL-1399,FAM-1817,,09/21/2023 15:20:00 -0700,HR <hr@alderpointpartners.com>,Facilities <facilities@cascadetimber.com>,Mia Chen,email,Fantasy pool,N,EVT-N-04,volume/realism/noise/duplicate/gap control; alias-variant test,1,new
EMAIL-1400,FAM-1818,,10/26/2023 10:00:00 -0700,Marcus Webb <mwebb@cascadetimber.com>,Human Resources <hr@cascadetimber.com>,Dan Osei,email,Parking/facilities,N,EVT-N-04,volume/realism/noise/duplicate/gap control,2,new
EMAIL-1401,EMAIL-176,EMAIL-176,03/16/2022 10:12:00 -0700,Tom Reyes <treyes@alderpointpartners.com>,Nina Alvarez <nalvarez@alderpointpartners.com>,Tom Reyes,email,RE: Parcel scouting — Klamath County,J,,thread expansion (THR-001),0,thread-expansion
EMAIL-1402,EMAIL-176,EMAIL-1401,03/16/2022 14:40:00 -0700,Nina Alvarez <nalvarez@alderpointpartners.com>,Tom Reyes <treyes@alderpointpartners.com>,Nina Alvarez,email,RE: Parcel scouting — Klamath County,J,,thread expansion (THR-001),0,thread-expansion
EMAIL-1403,EMAIL-176,EMAIL-1402,03/16/2022 15:05:00 -0700,Tom Reyes <treyes@alderpointpartners.com>,Nina Alvarez <nalvarez@alderpointpartners.com>; Priya Shah <pshah@alderpointpartners.com>,Tom Reyes,email,RE: Parcel scouting — Klamath County,J,,thread expansion (THR-001),0,thread-expansion
EMAIL-1404,EMAIL-176,EMAIL-1403,03/17/2022 08:20:00 -0700,Priya Shah <pshah@alderpointpartners.com>,Tom Reyes <treyes@alderpointpartners.com>; Nina Alvarez <nalvarez@alderpointpartners.com>,Priya Shah,email,RE: Parcel scouting — Klamath County,J,,thread expansion (THR-001),0,thread-expansion
EMAIL-1405,EMAIL-176,EMAIL-1404,03/17/2022 09:02:00 -0700,Tom Reyes <treyes@alderpointpartners.com>,Priya Shah <pshah@alderpointpartners.com>,Tom Reyes,email,RE: Parcel scouting — Klamath County,J,,thread expansion (THR-001),0,thread-expansion
EMAIL-1406,EMAIL-176,EMAIL-1405,03/17/2022 11:48:00 -0700,Priya Shah <pshah@alderpointpartners.com>,Tom Reyes <treyes@alderpointpartners.com>,Priya Shah,email,RE: Parcel scouting — Klamath County,J,,thread expansion (THR-001),0,thread-expansion
EMAIL-1407,EMAIL-176,EMAIL-1404,03/18/2022 11:15:00 -0700,Nina Alvarez <nalvarez@alderpointpartners.com>,Tom Reyes <treyes@alderpointpartners.com>; Priya Shah <pshah@alderpointpartners.com>,Nina Alvarez,email,RE: Parcel scouting — Klamath County,J,,thread expansion (THR-001),0,thread-expansion
EMAIL-1408,EMAIL-176,EMAIL-1407,03/18/2022 11:40:00 -0700,Tom Reyes <treyes@alderpointpartners.com>,Nina Alvarez <nalvarez@alderpointpartners.com>,Tom Reyes,email,RE: Parcel scouting — Klamath County,J,,thread expansion (THR-001),0,thread-expansion
EMAIL-1409,EMAIL-176,EMAIL-1408,03/22/2022 17:50:00 -0700,Tom Reyes <treyes@alderpointpartners.com>,Nina Alvarez <nalvarez@alderpointpartners.com>; Priya Shah <pshah@alderpointpartners.com>,Tom Reyes,email,RE: Parcel scouting — Klamath County,J,,thread expansion (THR-001),0,thread-expansion
EMAIL-1410,EMAIL-176,EMAIL-1409,03/23/2022 08:55:00 -0700,Tom Reyes <treyes@alderpointpartners.com>,Hannah Cole <hcole@cascadetimber.com>,Tom Reyes,email,Fwd: RE: Parcel scouting — Klamath County,J,,thread expansion (THR-001),0,thread-expansion
EMAIL-1411,EMAIL-176,EMAIL-1410,03/23/2022 13:30:00 -0700,Hannah Cole <hcole@cascadetimber.com>,Tom Reyes <treyes@alderpointpartners.com>,Hannah Cole,email,RE: Fwd: RE: Parcel scouting — Klamath County,J,,thread expansion (THR-001),0,thread-expansion
EMAIL-1412,EMAIL-176,EMAIL-1411,03/24/2022 08:05:00 -0700,Tom Reyes <treyes@alderpointpartners.com>,Hannah Cole <hcole@cascadetimber.com>; Nina Alvarez <nalvarez@alderpointpartners.com>,Tom Reyes,email,RE: Fwd: RE: Parcel scouting — Klamath County,J,,thread expansion (THR-001),0,thread-expansion
EMAIL-1421,EMAIL-011,EMAIL-011,09/16/2022 10:20:00 -0700,Tom Reyes <treyes@alderpointpartners.com>,Priya Shah <pshah@alderpointpartners.com>,Tom Reyes,email,RE: Bellhaven registration,D,,proceed-anyway instruction operationalized; Tom seeks scope of 'keep going',0,thread-expansion
EMAIL-1422,EMAIL-011,EMAIL-1421,09/19/2022 08:45:00 -0700,Priya Shah <pshah@alderpointpartners.com>,Tom Reyes <treyes@alderpointpartners.com>; Jay Whitfield <jwhitfield@alderpointpartners.com>,Priya Shah,email,RE: Bellhaven registration,D,,proceed decision spreads to Alder sales (Whitfield added),0,thread-expansion
EMAIL-1423,EMAIL-011,EMAIL-1422,09/19/2022 11:10:00 -0700,Jay Whitfield <jwhitfield@alderpointpartners.com>,Priya Shah <pshah@alderpointpartners.com>; Tom Reyes <treyes@alderpointpartners.com>,Jay Whitfield,email,RE: Bellhaven registration,D,,buyer-representation question surfaced; no answer on registration status,0,thread-expansion
EMAIL-1424,EMAIL-011,EMAIL-1423,09/19/2022 15:30:00 -0700,Priya Shah <pshah@alderpointpartners.com>,Jay Whitfield <jwhitfield@alderpointpartners.com>,Priya Shah,email,RE: Bellhaven registration,D,,deflection of licensing question to broker; Tom dropped,0,thread-expansion
EMAIL-1425,EMAIL-011,EMAIL-009,09/20/2022 09:05:00 -0700,Tom Reyes <treyes@alderpointpartners.com>,Derek Holt <dholt@bellhavenadvisory.com>,Tom Reyes,email,RE: Engagement — Coastal Solar credit placements,D,,Alder asks broker for timing; Alder activity in OR/WA disclosed only as 'conversations moving',0,thread-expansion
EMAIL-1426,EMAIL-011,EMAIL-1425,09/21/2022 10:40:00 -0700,Derek Holt <dholt@bellhavenadvisory.com>,Tom Reyes <treyes@alderpointpartners.com>,Derek Holt,email,RE: Engagement — Coastal Solar credit placements,D,,Holt courteous/non-committal; 'sequence the closings' ambiguous as to gap,0,thread-expansion
EMAIL-1427,EMAIL-011,EMAIL-1426,09/21/2022 11:15:00 -0700,Tom Reyes <treyes@alderpointpartners.com>,Priya Shah <pshah@alderpointpartners.com>,Tom Reyes,email,Fwd: RE: Engagement — Coastal Solar credit placements,D,,side forward of broker response to Priya,0,thread-expansion
EMAIL-1428,EMAIL-011,EMAIL-1427,09/21/2022 13:02:00 -0700,Priya Shah <pshah@alderpointpartners.com>,Tom Reyes <treyes@alderpointpartners.com>,Priya Shah,email,Re: Fwd: RE: Engagement — Coastal Solar credit placements,D,,Priya confirms intake flow,0,thread-expansion
EMAIL-1429,EMAIL-011,EMAIL-1424,09/23/2022 14:20:00 -0700,Jay Whitfield <jwhitfield@alderpointpartners.com>,Priya Shah <pshah@alderpointpartners.com>; Tom Reyes <treyes@alderpointpartners.com>,Jay Whitfield,email,RE: Bellhaven registration,D,,scheduling detour + correction; meetings proceed in OR/WA,0,thread-expansion
EMAIL-1430,EMAIL-011,EMAIL-1426,09/26/2022 09:30:00 -0700,Tom Reyes <treyes@alderpointpartners.com>,Derek Holt <dholt@bellhavenadvisory.com>,Tom Reyes,email,RE: Engagement — Coastal Solar credit placements,D,,Oregon/Washington buyer intake routed to Bellhaven; recipient question,0,thread-expansion
EMAIL-1431,EMAIL-011,EMAIL-1430,09/26/2022 14:10:00 -0700,Derek Holt <dholt@bellhavenadvisory.com>,Tom Reyes <treyes@alderpointpartners.com>,Derek Holt,email,RE: Engagement — Coastal Solar credit placements,D,,Holt keeps Northwest intake away from Bellhaven compliance; context for 043,0,thread-expansion
EMAIL-1432,EMAIL-011,EMAIL-1428,09/27/2022 16:40:00 -0700,Priya Shah <pshah@alderpointpartners.com>,Tom Reyes <treyes@alderpointpartners.com>,Priya Shah,email,Re: Fwd: RE: Engagement — Coastal Solar credit placements,D,,links 191/192 no-verification exchange to Bellhaven chain; steers compliance inquiry,0,thread-expansion
EMAIL-1433,EMAIL-011,EMAIL-1432,09/28/2022 08:15:00 -0700,Tom Reyes <treyes@alderpointpartners.com>,Priya Shah <pshah@alderpointpartners.com>,Tom Reyes,email,Re: Fwd: RE: Engagement — Coastal Solar credit placements,D,,status still unconfirmed; no issuance date,0,thread-expansion
EMAIL-1434,EMAIL-011,EMAIL-1429,10/03/2022 10:20:00 -0700,Jay Whitfield <jwhitfield@alderpointpartners.com>,Priya Shah <pshah@alderpointpartners.com>; Tom Reyes <treyes@alderpointpartners.com>,Jay Whitfield,email,RE: Bellhaven registration,D,,OR buyer interest advanced to intake; no placement date asserted; ends before 10/4 memo,0,thread-expansion
EMAIL-1441,EMAIL-184,EMAIL-184,10/19/2022 13:40:00 -0700,Priya Shah <pshah@alderpointpartners.com>,Tom Reyes <treyes@alderpointpartners.com>,Priya Shah,email,RE: Q4 placement targets,C,,Target pressure after 184; Priya asks for the remainder by file and signals the number is carried on the Cascade side (decider left open),0,thread-expansion
EMAIL-1442,EMAIL-184,EMAIL-1441,10/21/2022 10:25:00 -0700,Tom Reyes <treyes@alderpointpartners.com>,Priya Shah <pshah@alderpointpartners.com>,Tom Reyes,email,RE: Q4 placement targets,C,,"Unverifiable remainder described by file type (acreage not tied to county; easement language) — Arc A join input, no parcel IDs",0,thread-expansion
EMAIL-1443,EMAIL-184,EMAIL-1442,10/21/2022 14:05:00 -0700,Priya Shah <pshah@alderpointpartners.com>,Jay Whitfield <jwhitfield@alderpointpartners.com>,Priya Shah,email,Fwd: RE: Q4 placement targets,C,,Side forward to sales: pipeline list used for buyer planning,0,thread-expansion
EMAIL-1444,EMAIL-184,EMAIL-1443,10/24/2022 09:15:00 -0700,Jay Whitfield <jwhitfield@alderpointpartners.com>,Priya Shah <pshah@alderpointpartners.com>,Jay Whitfield,email,Re: Fwd: RE: Q4 placement targets,C,,Alder sales demand side; buyer questions on easement files noted without resolution (Arc C),0,thread-expansion
EMAIL-1445,EMAIL-184,EMAIL-1442,10/24/2022 11:30:00 -0700,Priya Shah <pshah@alderpointpartners.com>,Robert Denniston <rdenniston@cascadetimber.com>; Tom Reyes <treyes@alderpointpartners.com>; Craig Sato <csato@cascadetimber.com>,Priya Shah,email,RE: Q4 placement targets,C,,"Pipeline list, including the non-tying files, put in front of the Cascade CFO; Priya seeks Cascade comfort (decider question posed, not answered)",0,thread-expansion
EMAIL-1446,EMAIL-184,EMAIL-1445,10/25/2022 08:50:00 -0700,Robert Denniston <rdenniston@cascadetimber.com>,Priya Shah <pshah@alderpointpartners.com>; Craig Sato <csato@cascadetimber.com>,Robert Denniston,email,RE: Q4 placement targets,C,,CFO: target pressure plus allocation of responsibility (packet content = Alder; checks = Sarah) — §6 Q3 ambiguity preserved,0,thread-expansion
EMAIL-1447,EMAIL-184,EMAIL-1446,10/25/2022 15:20:00 -0700,Craig Sato <csato@cascadetimber.com>,Robert Denniston <rdenniston@cascadetimber.com>,Craig Sato,email,RE: Q4 placement targets,C,,Voice of caution (Controller): auditor sampling + tie-out + deferral timing; Priya dropped,0,thread-expansion
EMAIL-1448,EMAIL-184,EMAIL-1447,10/27/2022 10:40:00 -0700,Craig Sato <csato@cascadetimber.com>,Sarah Nguyen <snguyen@cascadetimber.com>,Craig Sato,email,FW: RE: Q4 placement targets,C,,Question left unanswered by CFO; Controller routes the caution to Compliance,0,thread-expansion
EMAIL-1449,EMAIL-184,EMAIL-1448,10/27/2022 16:05:00 -0700,Sarah Nguyen <snguyen@cascadetimber.com>,Craig Sato <csato@cascadetimber.com>,Sarah Nguyen,email,RE: FW: RE: Q4 placement targets,C,,Compliance takes ownership of the procedural ask; no characterization of the files,0,thread-expansion
EMAIL-1450,EMAIL-184,EMAIL-1449,10/28/2022 09:30:00 -0700,Sarah Nguyen <snguyen@cascadetimber.com>,Priya Shah <pshah@alderpointpartners.com>; Craig Sato <csato@cascadetimber.com>,Sarah Nguyen,email,Q4 submissions — packet support,C,,Procedural control request (tie-out column); does NOT establish spot-checks ran (§6 Q7 open); no hold requested,0,thread-expansion
EMAIL-1451,EMAIL-184,EMAIL-1450,10/31/2022 08:45:00 -0700,Priya Shah <pshah@alderpointpartners.com>,Tom Reyes <treyes@alderpointpartners.com>,Priya Shah,email,Fwd: Q4 submissions — packet support,C,,Alder-only instruction on filling the tie-out for non-tying files ('per application') — the remainder moves forward; Cascade dropped,0,thread-expansion
EMAIL-1452,EMAIL-184,EMAIL-1451,10/31/2022 11:10:00 -0700,Tom Reyes <treyes@alderpointpartners.com>,Priya Shah <pshah@alderpointpartners.com>,Tom Reyes,email,Re: Fwd: Q4 submissions — packet support,C,,Voice of caution (Tom): the tie-out will show the mismatch; asks whether to hold three for Q1 — left unanswered (feeds 015 on 11/11),0,thread-expansion
EMAIL-1453,EMAIL-184,EMAIL-1451,11/04/2022 09:20:00 -0700,Tom Reyes <treyes@alderpointpartners.com>,Hannah Cole <hcole@cascadetimber.com>,Tom Reyes,email,Fwd: Fwd: Q4 submissions — packet support,C,,Packets transmitted to Cascade land records with the non-tying files flagged; quarter assignment explicitly still open,0,thread-expansion
EMAIL-1454,EMAIL-184,EMAIL-1453,11/08/2022 10:15:00 -0800,Hannah Cole <hcole@cascadetimber.com>,Tom Reyes <treyes@alderpointpartners.com>; Sarah Nguyen <snguyen@cascadetimber.com>,Hannah Cole,email,RE: Fwd: Fwd: Q4 submissions — packet support,C,,Receipt by Cascade records; three files held pending an undetermined decider; Compliance copied (knowledge join),0,thread-expansion
EMAIL-1461,EMAIL-205,EMAIL-205,05/24/2023 15:55:00 -0700,Robert Denniston <rdenniston@cascadetimber.com>,Craig Sato <csato@cascadetimber.com>,Robert Denniston,email,FW: RE: IRS subpoena — heads up,F,,"Denniston hands 205 estimate to Controller for build-out (business, pre-counsel)",0,thread-expansion
EMAIL-1462,EMAIL-205,EMAIL-1461,05/24/2023 18:10:00 -0700,Craig Sato <csato@cascadetimber.com>,Robert Denniston <rdenniston@cascadetimber.com>,Craig Sato,email,RE: FW: RE: IRS subpoena — heads up,F,,Controller identifies $2.4M as full-parcel face of NW-03/04/06/07; increment unknown (Q1 open),1,thread-expansion
EMAIL-1463,EMAIL-205,EMAIL-1462,05/25/2023 07:40:00 -0700,Robert Denniston <rdenniston@cascadetimber.com>,John Ellery <jellery@cascadetimber.com>; Craig Sato <csato@cascadetimber.com>,Robert Denniston,email,FW: NW exposure schedule for board call,F,,CFO side-forward to in-house counsel seeking review before board use (drops CEO),1,thread-expansion
EMAIL-1464,EMAIL-205,EMAIL-1463,05/25/2023 09:25:00 -0700,John Ellery <jellery@cascadetimber.com>,Robert Denniston <rdenniston@cascadetimber.com>; Craig Sato <csato@cascadetimber.com>,John Ellery,email,RE: FW: NW exposure schedule for board call,F,,In-house counsel directs exposure work through legal; flags whole-vs-increment question as open,0,thread-expansion
EMAIL-1465,EMAIL-205,EMAIL-1464,05/25/2023 11:40:00 -0700,John Ellery <jellery@cascadetimber.com>,Grace Lin <glin@llassociates.com>; Mia Chen <mchen@llassociates.com>,John Ellery,email,FW: RE: FW: NW exposure schedule for board call,F,,In-house counsel forwards finance exposure build to outside counsel for advice,0,thread-expansion
EMAIL-1466,EMAIL-205,EMAIL-1465,05/26/2023 15:20:00 -0700,Grace Lin <glin@llassociates.com>,John Ellery <jellery@cascadetimber.com>; Mia Chen <mchen@llassociates.com>,Grace Lin,email,RE: FW: RE: FW: NW exposure schedule for board call,F,,"Outside counsel: $2.4M is a ceiling not exposure; Q1 whole-vs-increment expressly open; build both cases, no increment inputs",0,thread-expansion
EMAIL-1467,EMAIL-205,EMAIL-1466,05/26/2023 16:45:00 -0700,Mia Chen <mchen@llassociates.com>,John Ellery <jellery@cascadetimber.com>; Robert Denniston <rdenniston@cascadetimber.com>; Craig Sato <csato@cascadetimber.com>; Grace Lin <glin@llassociates.com>,Mia Chen,email,RE: FW: RE: FW: NW exposure schedule for board call,F,,Scheduling detour; L&L reply-all adds CFO and Controller to counsel's advice,0,thread-expansion
EMAIL-1468,EMAIL-205,EMAIL-1467,05/30/2023 08:20:00 -0700,Craig Sato <csato@cascadetimber.com>,Mia Chen <mchen@llassociates.com>; John Ellery <jellery@cascadetimber.com>; Robert Denniston <rdenniston@cascadetimber.com>; Grace Lin <glin@llassociates.com>,Craig Sato,email,RE: FW: RE: FW: NW exposure schedule for board call,F,,Controller confirms call; flags provisional scanned inputs (after holiday-weekend gap),0,thread-expansion
EMAIL-1469,EMAIL-205,EMAIL-1468,05/31/2023 16:55:00 -0700,Craig Sato <csato@cascadetimber.com>,John Ellery <jellery@cascadetimber.com>; Grace Lin <glin@llassociates.com>; Mia Chen <mchen@llassociates.com>; Robert Denniston <rdenniston@cascadetimber.com>,Craig Sato,email,Exposure workbook — structure per call (prepared at request of counsel),F,,Two-case model structure; increment tab deliberately unpopulated (Q1 open; no $512K pre-8/14),1,thread-expansion
EMAIL-1470,EMAIL-205,EMAIL-1469,06/02/2023 10:30:00 -0700,John Ellery <jellery@cascadetimber.com>,Sarah Nguyen <snguyen@cascadetimber.com>,John Ellery,email,FW: Exposure workbook — structure per call (prepared at request of counsel),F,,Side forward to CCO forks thread; counsel requests compliance originals bearing on good faith,1,thread-expansion
EMAIL-1471,EMAIL-205,EMAIL-1470,06/05/2023 14:10:00 -0700,Sarah Nguyen <snguyen@cascadetimber.com>,John Ellery <jellery@cascadetimber.com>,Sarah Nguyen,email,RE: FW: Exposure workbook — structure per call (prepared at request of counsel),F,,"CCO procedural response; records to be produced as kept, no characterization (Arc F spot-check rule)",0,thread-expansion
EMAIL-1472,EMAIL-205,EMAIL-1469,06/07/2023 08:50:00 -0700,Robert Denniston <rdenniston@cascadetimber.com>,John Ellery <jellery@cascadetimber.com>; Craig Sato <csato@cascadetimber.com>,Robert Denniston,email,RE: Exposure workbook — structure per call (prepared at request of counsel),F,,CFO replies to older message re auditor request for contingency view (auditors kept off thread),0,thread-expansion
EMAIL-1473,EMAIL-205,EMAIL-1472,06/07/2023 11:35:00 -0700,John Ellery <jellery@cascadetimber.com>,Robert Denniston <rdenniston@cascadetimber.com>; Craig Sato <csato@cascadetimber.com>; Grace Lin <glin@llassociates.com>,John Ellery,email,RE: Exposure workbook — structure per call (prepared at request of counsel),F,,Counsel limits auditor disclosure; no estimate adopted; waiver caution,0,thread-expansion
EMAIL-1474,EMAIL-205,EMAIL-1469,06/14/2023 09:05:00 -0700,Craig Sato <csato@cascadetimber.com>,John Ellery <jellery@cascadetimber.com>; Robert Denniston <rdenniston@cascadetimber.com>,Craig Sato,email,RE: Exposure workbook — structure per call (prepared at request of counsel),F,,Post-hold (6/13) preservation confirmation; increment still unpopulated,0,thread-expansion
