document_id,responsive,request_categories,issue_tags,privilege_acp,privilege_wp,privilege_basis,uncertainty,reviewer_must_check,notes
EMAIL-1024,True,RFP-1,parcel eligibility;privilege/work-product;preservation/production,Yes,Yes,ACP: counsel participant + no vitiating third party + legal-advice purpose | WP: post-2/24-review-channel investigation material,low,check attachment separately (family independence),
EMAIL-1028,False,,whistleblower handling;privilege/work-product;preservation/production,Yes,Yes,ACP: counsel participant + no vitiating third party + legal-advice purpose | WP: post-2/24-review-channel investigation material,low,check attachment separately (family independence),
EMAIL-1061,False,,parcel eligibility;privilege/work-product;preservation/production,Yes,No,ACP: counsel participant + no vitiating third party + legal-advice purpose,low,check attachment separately (family independence),
EMAIL-1084,False,,privilege/work-product;preservation/production,Yes,No,ACP: counsel participant + no vitiating third party + legal-advice purpose,low,check attachment separately (family independence),
EMAIL-1124,False,,privilege/work-product;preservation/production,No,No,,low,,
EMAIL-1138,False,,privilege/work-product;preservation/production,Yes,Yes,ACP: counsel participant + no vitiating third party + legal-advice purpose | WP: post-2/24-review-channel investigation material,low,check attachment separately (family independence),
EMAIL-1140,True,RFP-4,broker authority;privilege/work-product;preservation/production,Yes,Yes,ACP: counsel participant + no vitiating third party + legal-advice purpose | WP: post-2/24-review-channel investigation material,low,check attachment separately (family independence),
EMAIL-1180,True,RFP-4,privilege/work-product;preservation/production,No,No,waiver/third-party present: privilege vitiated,med,confirm whether third party was necessary to legal advice (Kovel/Upjohn); counsel present but purpose administrative — confirm no legal advice,
EMAIL-1218,False,,parcel eligibility,No,No,,low,,
EMAIL-1261,False,,sales representations;privilege/work-product;preservation/production,No,No,,low,,
EMAIL-1294,False,,privilege/work-product;preservation/production,Yes,No,ACP: counsel participant + no vitiating third party + legal-advice purpose,low,check attachment separately (family independence),
EMAIL-1303,False,,,No,No,,low,,
EMAIL-1321,False,,privilege/work-product;preservation/production,No,No,,low,,
EMAIL-1373,False,,privilege/work-product;preservation/production,Yes,No,ACP: counsel participant + no vitiating third party + legal-advice purpose,low,check attachment separately (family independence),
EMAIL-264,True,RFP-1;RFP-3;RFP-4,parcel eligibility;preservation/production,No,No,,low,,
EMAIL-314,True,RFP-1;RFP-4,parcel eligibility,No,No,,low,,
EMAIL-360,True,RFP-1;RFP-4,parcel eligibility,No,No,,low,,
EMAIL-427,True,RFP-1;RFP-3;RFP-4,parcel eligibility;clearwater sequencing,No,No,waiver/third-party present: privilege vitiated,med,confirm whether third party was necessary to legal advice (Kovel/Upjohn); counsel present but purpose administrative — confirm no legal advice,
EMAIL-438,True,RFP-1,parcel eligibility;privilege/work-product;preservation/production,No,No,waiver/third-party present: privilege vitiated,med,confirm whether third party was necessary to legal advice (Kovel/Upjohn); counsel present but purpose administrative — confirm no legal advice,
EMAIL-439,True,RFP-1;RFP-4,parcel eligibility,No,No,,low,,
EMAIL-482,True,RFP-2;RFP-5,sales representations;accounting;privilege/work-product;preservation/production,No,No,,low,,
EMAIL-506,True,RFP-2;RFP-5,sales representations;accounting,No,No,,low,,
EMAIL-519,True,RFP-1;RFP-5,parcel eligibility;privilege/work-product;preservation/production,No,No,,low,,
EMAIL-567,True,RFP-5,privilege/work-product;preservation/production,No,No,,low,,
EMAIL-644,True,RFP-1;RFP-2;RFP-3;RFP-4;RFP-5,parcel eligibility;sales representations;accounting;preservation/production,No,No,,low,,
EMAIL-667,True,RFP-2;RFP-3;RFP-4,sales representations;preservation/production,No,No,,low,,
EMAIL-690,True,RFP-2,sales representations;preservation/production,No,No,,low,,
EMAIL-694,True,RFP-2;RFP-3;RFP-4;RFP-5,sales representations;accounting;preservation/production,No,No,,low,,
EMAIL-698,True,RFP-2;RFP-3;RFP-4,sales representations,No,No,,low,,
EMAIL-721,True,RFP-2,sales representations;privilege/work-product;preservation/production,No,No,,low,,
EMAIL-735,True,RFP-2,,No,No,,low,,
EMAIL-783,True,RFP-2;RFP-4,broker authority;sales representations,No,No,,low,,
EMAIL-861,True,,privilege/work-product;preservation/production,Yes,Yes,ACP: counsel participant + no vitiating third party + legal-advice purpose | WP: post-2/24-review-channel investigation material,low,check attachment separately (family independence),
EMAIL-868,True,RFP-2,sales representations;privilege/work-product;preservation/production,Yes,No,ACP: counsel participant + no vitiating third party + legal-advice purpose,low,check attachment separately (family independence),
EMAIL-872,True,,privilege/work-product;preservation/production,No,No,,low,,
EMAIL-914,True,,,No,No,,low,,
EMAIL-927,True,RFP-5,accounting;privilege/work-product;preservation/production,No,No,,low,,
EMAIL-929,True,,privilege/work-product;preservation/production,No,No,,low,,
EMAIL-934,True,,privilege/work-product;preservation/production,No,No,,low,,
EMAIL-942,True,RFP-2,sales representations;privilege/work-product;preservation/production,No,No,,low,,
EMAIL-064,True,,,Yes,No,seed TAG Privileged Legal Advice (bannered),low,check attachment separately (family independence),
EMAIL-1010,True,,privilege/work-product;preservation/production,No,No,,low,,
EMAIL-1016,False,,privilege/work-product;preservation/production,Yes,Yes,ACP: counsel participant + no vitiating third party + legal-advice purpose | WP: post-2/24-review-channel investigation material,low,check attachment separately (family independence),
EMAIL-1039,False,,whistleblower handling;privilege/work-product;preservation/production,Yes,Yes,ACP: counsel participant + no vitiating third party + legal-advice purpose | WP: post-2/24-review-channel investigation material,low,check attachment separately (family independence),
EMAIL-1073,False,,privilege/work-product;preservation/production,Yes,No,ACP: counsel participant + no vitiating third party + legal-advice purpose,low,check attachment separately (family independence),
EMAIL-1098,False,,privilege/work-product;preservation/production,Yes,No,ACP: counsel participant + no vitiating third party + legal-advice purpose,low,check attachment separately (family independence),
EMAIL-1147,True,RFP-4,,No,No,waiver/third-party present: privilege vitiated,med,confirm whether third party was necessary to legal advice (Kovel/Upjohn); counsel present but purpose administrative — confirm no legal advice,
EMAIL-1155,True,,privilege/work-product;preservation/production,Yes,No,ACP: counsel participant + no vitiating third party + legal-advice purpose,low,check attachment separately (family independence),
EMAIL-1178,True,,privilege/work-product;preservation/production,Yes,No,ACP: counsel participant + no vitiating third party + legal-advice purpose,low,check attachment separately (family independence),
EMAIL-1204,False,,parcel eligibility,No,No,,low,,
EMAIL-1223,False,,parcel eligibility,No,No,,low,,
EMAIL-1257,False,,privilege/work-product;preservation/production,No,No,,low,,
EMAIL-1298,False,,sales representations;privilege/work-product;preservation/production,No,No,,low,,
EMAIL-129,True,,,No,Yes,seed TAG Privileged Work Product (bannered),low,check attachment separately (family independence),
EMAIL-130,True,,,No,Yes,seed TAG Privileged Work Product (bannered),low,check attachment separately (family independence),
EMAIL-1344,False,,privilege/work-product;preservation/production,No,No,,low,,
EMAIL-134,True,,,No,Yes,seed TAG Privileged Work Product (bannered),low,check attachment separately (family independence),
EMAIL-135,True,,,No,Yes,seed TAG Privileged Work Product (bannered),low,check attachment separately (family independence),
EMAIL-139,True,,,Yes,No,seed TAG Privileged Legal Advice (bannered),low,check attachment separately (family independence),
EMAIL-243,False,,,No,No,seed TAG Not Responsive,low,,
EMAIL-277,True,RFP-1,parcel eligibility;privilege/work-product;preservation/production,No,No,,low,,
EMAIL-316,True,RFP-1;RFP-4,parcel eligibility,No,No,,low,,
EMAIL-336,True,RFP-1;RFP-4,parcel eligibility,No,No,,low,,
EMAIL-416,True,RFP-1,parcel eligibility;privilege/work-product;preservation/production,No,No,waiver/third-party present: privilege vitiated,med,confirm whether third party was necessary to legal advice (Kovel/Upjohn); counsel present but purpose administrative — confirm no legal advice,
EMAIL-445,True,RFP-1;RFP-3;RFP-4,parcel eligibility,No,No,,low,,
EMAIL-489,True,RFP-1,parcel eligibility;privilege/work-product;preservation/production,No,No,,low,,
EMAIL-587,True,RFP-1;RFP-3;RFP-5,parcel eligibility;accounting;privilege/work-product;preservation/production,No,No,,low,,
EMAIL-734,True,RFP-2,privilege/work-product;preservation/production,No,No,,low,,
EMAIL-745,True,RFP-2,privilege/work-product;preservation/production,No,No,,low,,
EMAIL-751,True,RFP-2;RFP-4,broker authority;sales representations,No,No,,low,,
EMAIL-797,True,RFP-2;RFP-4,broker authority;sales representations,No,No,,low,,
EMAIL-830,True,RFP-2;RFP-4,broker authority;sales representations,No,No,,low,,
EMAIL-901,True,,,No,No,,low,,
EMAIL-910,True,RFP-5,accounting;privilege/work-product;preservation/production,No,No,,low,,
EMAIL-911,True,RFP-1;RFP-5,accounting;privilege/work-product;preservation/production,No,No,,low,,
EMAIL-922,True,RFP-5,accounting,No,No,,low,,
EMAIL-926,True,,privilege/work-product;preservation/production,No,No,,low,,
EMAIL-933,True,RFP-5,accounting;privilege/work-product;preservation/production,No,No,,low,,
EMAIL-955,True,RFP-5,accounting,No,No,,low,,
EMAIL-1092,True,RFP-2;RFP-4,broker authority;sales representations;privilege/work-product;preservation/production,Yes,Yes,ACP: counsel participant + no vitiating third party + legal-advice purpose | WP: post-2/24-review-channel investigation material,low,check attachment separately (family independence),
EMAIL-1130,False,,privilege/work-product;preservation/production,No,No,waiver/third-party present: privilege vitiated,med,confirm whether third party was necessary to legal advice (Kovel/Upjohn); counsel present but purpose administrative — confirm no legal advice,
EMAIL-1134,False,,privilege/work-product;preservation/production,Yes,No,ACP: counsel participant + no vitiating third party + legal-advice purpose,low,check attachment separately (family independence),
EMAIL-1190,False,,parcel eligibility,No,No,,low,,
EMAIL-1255,False,,preservation/production,No,No,,low,,
EMAIL-1266,False,,preservation/production,No,No,,low,,
EMAIL-1269,False,,,No,No,,low,,
EMAIL-1299,False,,preservation/production,No,No,,low,,
EMAIL-1322,False,,privilege/work-product;preservation/production,No,No,,low,,
EMAIL-1381,False,,privilege/work-product;preservation/production,Yes,No,ACP: counsel participant + no vitiating third party + legal-advice purpose,low,check attachment separately (family independence),
EMAIL-1390,False,,,No,No,,low,,
EMAIL-281,True,RFP-1,parcel eligibility;privilege/work-product;preservation/production,No,No,,low,,
EMAIL-299,True,RFP-1;RFP-4,parcel eligibility,No,No,,low,,
EMAIL-322,True,RFP-1;RFP-4,parcel eligibility,No,No,,low,,
EMAIL-352,True,RFP-1;RFP-4,parcel eligibility,No,No,,low,,
EMAIL-395,True,RFP-1;RFP-4,parcel eligibility,No,No,,low,,
EMAIL-401,True,RFP-1;RFP-4;RFP-5,parcel eligibility,No,No,,low,,
EMAIL-423,True,RFP-1;RFP-3;RFP-4,parcel eligibility;clearwater sequencing,No,No,waiver/third-party present: privilege vitiated,med,confirm whether third party was necessary to legal advice (Kovel/Upjohn); counsel present but purpose administrative — confirm no legal advice,
EMAIL-451,True,RFP-5,privilege/work-product;preservation/production,No,No,,low,,
EMAIL-465,True,RFP-1;RFP-3;RFP-5,parcel eligibility;accounting,No,No,,low,,
EMAIL-471,True,RFP-1;RFP-3;RFP-5,parcel eligibility;accounting,No,No,,low,,
EMAIL-481,True,RFP-2;RFP-5,sales representations;accounting;privilege/work-product;preservation/production,No,No,,low,,
EMAIL-528,True,RFP-5,,No,No,,low,,
EMAIL-532,True,RFP-1;RFP-3;RFP-5,parcel eligibility;accounting,No,No,,low,,
EMAIL-607,True,RFP-2;RFP-4,preservation/production,No,No,,low,,
EMAIL-629,True,RFP-2,sales representations;preservation/production,No,No,,low,,
EMAIL-764,True,RFP-2;RFP-3;RFP-4,broker authority;sales representations,No,No,,low,,
EMAIL-780,True,RFP-2;RFP-4,broker authority;sales representations;privilege/work-product;preservation/production,No,No,,low,,
EMAIL-791,True,RFP-2;RFP-3;RFP-4,broker authority;sales representations;privilege/work-product;preservation/production,No,No,,low,,
EMAIL-804,True,RFP-2;RFP-4,broker authority;sales representations,No,No,,low,,
EMAIL-818,True,RFP-2;RFP-4,broker authority;sales representations;privilege/work-product;preservation/production,No,No,,low,,
EMAIL-869,True,,privilege/work-product;preservation/production,No,No,,low,,
EMAIL-882,True,,privilege/work-product;preservation/production,Yes,No,ACP: counsel participant + no vitiating third party + legal-advice purpose,low,check attachment separately (family independence),
EMAIL-944,True,RFP-1;RFP-5,accounting;privilege/work-product;preservation/production,No,No,,low,,
EMAIL-954,True,,privilege/work-product;preservation/production,No,No,,low,,
EMAIL-961,True,RFP-1;RFP-5,accounting;privilege/work-product;preservation/production,No,No,,low,,
EMAIL-962,True,,privilege/work-product;preservation/production,No,No,,low,,
EMAIL-984,True,,privilege/work-product;preservation/production,No,No,,low,,
EMAIL-998,True,RFP-5,accounting;preservation/production,No,No,,low,,
EMAIL-1034,True,RFP-1,parcel eligibility;privilege/work-product;preservation/production,Yes,Yes,ACP: counsel participant + no vitiating third party + legal-advice purpose | WP: post-2/24-review-channel investigation material,low,check attachment separately (family independence),
EMAIL-1064,False,,privilege/work-product;preservation/production,Yes,No,ACP: counsel participant + no vitiating third party + legal-advice purpose,low,check attachment separately (family independence),
EMAIL-1085,False,,privilege/work-product;preservation/production,Yes,Yes,ACP: counsel participant + no vitiating third party + legal-advice purpose | WP: post-2/24-review-channel investigation material,low,check attachment separately (family independence),
EMAIL-1096,False,,privilege/work-product;preservation/production,No,No,,low,,
EMAIL-1118,False,,privilege/work-product;preservation/production,Yes,Yes,ACP: counsel participant + no vitiating third party + legal-advice purpose | WP: post-2/24-review-channel investigation material,low,check attachment separately (family independence),
EMAIL-1149,True,RFP-4,,No,No,waiver/third-party present: privilege vitiated,med,confirm whether third party was necessary to legal advice (Kovel/Upjohn); counsel present but purpose administrative — confirm no legal advice,
EMAIL-1181,False,,parcel eligibility,No,No,,low,,
EMAIL-1271,False,,privilege/work-product;preservation/production,No,No,,low,,
EMAIL-1312,False,,broker authority,No,No,,low,,
EMAIL-1331,False,,privilege/work-product;preservation/production,No,No,,low,,
EMAIL-1357,False,,privilege/work-product;preservation/production,No,No,,low,,
EMAIL-1368,False,,privilege/work-product;preservation/production,No,No,,low,,
EMAIL-1385,False,,privilege/work-product;preservation/production,No,No,,low,,
EMAIL-1389,False,,privilege/work-product;preservation/production,No,No,,low,,
EMAIL-1391,False,,preservation/production,No,No,,low,,
EMAIL-142,True,,,No,No,seed TAG Routine,low,,
EMAIL-143,True,,,No,No,seed TAG Routine,low,,
EMAIL-1447,True,RFP-1;RFP-2;RFP-5,parcel eligibility;sales representations;accounting;preservation/production,No,No,,low,,
EMAIL-1448,True,RFP-2;RFP-5,sales representations;accounting;privilege/work-product;preservation/production,No,No,,low,,
EMAIL-144,True,,,No,No,seed TAG Routine,low,,
EMAIL-1462,True,RFP-1;RFP-2;RFP-4;RFP-5,parcel eligibility;broker authority;sales representations;accounting;preservation/production,No,No,,low,,
EMAIL-1468,True,RFP-1;RFP-5,parcel eligibility;accounting;privilege/work-product;preservation/production,Yes,Yes,ACP: counsel participant + no vitiating third party + legal-advice purpose | WP: post-2/24-review-channel investigation material,low,check attachment separately (family independence),
EMAIL-1469,True,RFP-1;RFP-5,parcel eligibility;privilege/work-product,Yes,Yes,ACP: counsel participant + no vitiating third party + legal-advice purpose | WP: post-2/24-review-channel investigation material,low,check attachment separately (family independence),
EMAIL-1474,True,RFP-1;RFP-5,parcel eligibility;accounting;privilege/work-product;preservation/production,Yes,No,ACP: counsel participant + no vitiating third party + legal-advice purpose,low,check attachment separately (family independence),
EMAIL-188,True,,,No,No,seed TAG Routine,low,,
EMAIL-257,True,RFP-1;RFP-3;RFP-4;RFP-5,parcel eligibility;privilege/work-product,No,No,,low,,
EMAIL-305,True,RFP-1,parcel eligibility,No,No,,low,,
EMAIL-324,True,RFP-1;RFP-4,parcel eligibility;privilege/work-product;preservation/production,No,No,,low,,
EMAIL-386,True,RFP-1;RFP-4,parcel eligibility,No,No,,low,,
EMAIL-425,True,RFP-1;RFP-3;RFP-4,parcel eligibility,No,No,,low,,
EMAIL-448,True,RFP-1;RFP-3;RFP-4,parcel eligibility,No,No,,low,,
EMAIL-452,True,RFP-1;RFP-5,accounting,No,No,,low,,
EMAIL-457,True,RFP-1;RFP-3;RFP-5,parcel eligibility;accounting;privilege/work-product;preservation/production,No,No,,low,,
EMAIL-494,True,RFP-1;RFP-5,parcel eligibility;privilege/work-product;preservation/production,No,No,,low,,
EMAIL-515,True,RFP-1;RFP-5,parcel eligibility;accounting,No,No,,low,,
EMAIL-688,True,RFP-2;RFP-3;RFP-4,broker authority;sales representations;preservation/production,No,No,,low,,
EMAIL-710,True,RFP-2;RFP-3;RFP-4;RFP-5,broker authority;sales representations;accounting;preservation/production,No,No,,low,,
EMAIL-723,True,RFP-2,sales representations;privilege/work-product;preservation/production,No,No,,low,,
EMAIL-738,True,RFP-2,sales representations;privilege/work-product;preservation/production,No,No,,low,,
EMAIL-766,True,RFP-2;RFP-4,broker authority;sales representations,No,No,,low,,
EMAIL-786,True,RFP-2;RFP-4,broker authority;sales representations;privilege/work-product;preservation/production,No,No,,low,,
EMAIL-794,True,RFP-2;RFP-4,broker authority;sales representations;privilege/work-product;preservation/production,No,No,,low,,
EMAIL-814,True,RFP-2;RFP-4,broker authority;sales representations;preservation/production,No,No,,low,,
EMAIL-829,True,RFP-2;RFP-4,broker authority;sales representations;privilege/work-product;preservation/production,No,No,,low,,
EMAIL-851,True,,privilege/work-product;preservation/production,No,No,waiver/third-party present: privilege vitiated,med,confirm whether third party was necessary to legal advice (Kovel/Upjohn); counsel present but purpose administrative — confirm no legal advice,
EMAIL-862,True,,privilege/work-product;preservation/production,Yes,No,ACP: counsel participant + no vitiating third party + legal-advice purpose,low,check attachment separately (family independence),
EMAIL-875,True,,privilege/work-product;preservation/production,Yes,Yes,ACP: counsel participant + no vitiating third party + legal-advice purpose | WP: post-2/24-review-channel investigation material,low,check attachment separately (family independence),
EMAIL-913,True,,,No,No,,low,,
EMAIL-938,True,,privilege/work-product;preservation/production,No,No,,low,,
EMAIL-948,True,,privilege/work-product;preservation/production,No,No,,low,,
EMAIL-968,True,,privilege/work-product;preservation/production,No,No,,low,,
EMAIL-058,True,,,No,No,seed TAG Routine,low,,
EMAIL-059,True,,,No,No,seed TAG Routine,low,,
EMAIL-060,True,,,No,No,seed TAG Chronology Key Event,low,,
EMAIL-1094,False,,privilege/work-product;preservation/production,Yes,No,ACP: counsel participant + no vitiating third party + legal-advice purpose,low,check attachment separately (family independence),
EMAIL-1101,True,RFP-4,broker authority;privilege/work-product;preservation/production,Yes,Yes,ACP: counsel participant + no vitiating third party + legal-advice purpose | WP: post-2/24-review-channel investigation material,low,check attachment separately (family independence),
EMAIL-1103,False,,privilege/work-product;preservation/production,Yes,No,ACP: counsel participant + no vitiating third party + legal-advice purpose,low,check attachment separately (family independence),
EMAIL-1159,True,RFP-2;RFP-4,,No,No,,low,,
EMAIL-1205,False,,parcel eligibility,No,No,,low,,
EMAIL-1224,False,,parcel eligibility,No,No,,low,,
EMAIL-1226,False,,parcel eligibility,No,No,,low,,
EMAIL-1253,False,,,No,No,,low,,
EMAIL-125,False,,,No,No,seed TAG Not Responsive,low,,
EMAIL-1306,False,,privilege/work-product;preservation/production,No,No,,low,,
EMAIL-1327,False,,privilege/work-product;preservation/production,No,No,,low,,
EMAIL-1329,False,,privilege/work-product;preservation/production,No,No,,low,,
EMAIL-1334,False,,privilege/work-product;preservation/production,No,No,,low,,
EMAIL-1358,False,,privilege/work-product;preservation/production,No,No,,low,,
EMAIL-1366,False,,privilege/work-product;preservation/production,No,No,,low,,
EMAIL-1374,False,,privilege/work-product;preservation/production,No,No,,low,,
EMAIL-1400,False,,privilege/work-product;preservation/production,No,No,,low,,
EMAIL-152,False,,,No,No,seed TAG Not Responsive,low,,
EMAIL-231,False,,,No,No,seed TAG Not Responsive,low,,
EMAIL-238,False,,,No,No,seed TAG Not Responsive,low,,
EMAIL-263,True,RFP-1,parcel eligibility;privilege/work-product;preservation/production,No,No,,low,,
EMAIL-306,True,RFP-1;RFP-4,parcel eligibility,No,No,,low,,
EMAIL-317,True,RFP-1;RFP-4,parcel eligibility;privilege/work-product;preservation/production,No,No,,low,,
EMAIL-327,True,RFP-1;RFP-4,parcel eligibility,No,No,,low,,
EMAIL-365,True,RFP-1;RFP-4,parcel eligibility,No,No,,low,,
EMAIL-373,True,RFP-1;RFP-4,parcel eligibility,No,No,,low,,
EMAIL-400,True,RFP-1,parcel eligibility;privilege/work-product;preservation/production,Yes,Yes,ACP: counsel participant + no vitiating third party + legal-advice purpose | WP: post-2/24-review-channel investigation material,low,check attachment separately (family independence),
EMAIL-447,True,RFP-1;RFP-4,parcel eligibility,No,No,,low,,
EMAIL-459,True,RFP-5,privilege/work-product;preservation/production,No,No,,low,,
EMAIL-487,True,RFP-5,accounting,No,No,,low,,
EMAIL-498,True,RFP-5,accounting,No,No,,low,,
EMAIL-503,True,RFP-1;RFP-3;RFP-5,parcel eligibility;accounting,No,No,,low,,
EMAIL-549,True,RFP-5,privilege/work-product;preservation/production,No,No,,low,,
EMAIL-620,True,RFP-2;RFP-3;RFP-4;RFP-5,broker authority;sales representations;accounting;preservation/production,No,No,,low,,
EMAIL-661,True,RFP-2;RFP-3;RFP-4,broker authority;sales representations,No,No,,low,,
EMAIL-673,True,RFP-1;RFP-2;RFP-3;RFP-5,parcel eligibility;sales representations;accounting;preservation/production,No,No,,low,,
EMAIL-744,True,RFP-2,sales representations;privilege/work-product;preservation/production,No,No,,low,,
EMAIL-774,True,RFP-2;RFP-4,broker authority;sales representations,No,No,,low,,
EMAIL-825,True,RFP-2;RFP-4,broker authority;sales representations,No,No,,low,,
EMAIL-947,True,RFP-5,accounting,No,No,,low,,
EMAIL-960,True,RFP-5,accounting;preservation/production,No,No,,low,,
EMAIL-966,True,RFP-5,accounting,No,No,,low,,
EMAIL-969,True,RFP-1;RFP-2;RFP-5,parcel eligibility;sales representations;accounting;privilege/work-product;preservation/production,No,No,,low,,
EMAIL-980,True,,privilege/work-product;preservation/production,No,No,,low,,
EMAIL-985,True,RFP-5,accounting;privilege/work-product;preservation/production,No,No,,low,,
EMAIL-1011,False,,whistleblower handling;privilege/work-product;preservation/production,Yes,Yes,ACP: counsel participant + no vitiating third party + legal-advice purpose | WP: post-2/24-review-channel investigation material,low,check attachment separately (family independence),
EMAIL-1019,True,,privilege/work-product;preservation/production,Yes,Yes,ACP: counsel participant + no vitiating third party + legal-advice purpose | WP: post-2/24-review-channel investigation material,low,check attachment separately (family independence),
EMAIL-1057,False,,privilege/work-product;preservation/production,Yes,Yes,ACP: counsel participant + no vitiating third party + legal-advice purpose | WP: post-2/24-review-channel investigation material,low,check attachment separately (family independence),
EMAIL-1074,False,,privilege/work-product;preservation/production,Yes,Yes,ACP: counsel participant + no vitiating third party + legal-advice purpose | WP: post-2/24-review-channel investigation material,low,check attachment separately (family independence),
EMAIL-1079,False,,privilege/work-product;preservation/production,Yes,Yes,ACP: counsel participant + no vitiating third party + legal-advice purpose | WP: post-2/24-review-channel investigation material,low,check attachment separately (family independence),
EMAIL-1161,False,,privilege/work-product;preservation/production,No,No,,low,,
EMAIL-1185,False,,parcel eligibility,No,No,,low,,
EMAIL-1219,False,,parcel eligibility,No,No,,low,,
EMAIL-1290,False,,broker authority,No,No,,low,,
EMAIL-280,True,RFP-1,parcel eligibility;privilege/work-product;preservation/production,No,No,,low,,
EMAIL-290,True,RFP-1,parcel eligibility,No,No,,low,,
EMAIL-297,True,RFP-1;RFP-4,parcel eligibility;privilege/work-product;preservation/production,No,No,,low,,
EMAIL-342,True,RFP-1;RFP-4,parcel eligibility,No,No,,low,,
EMAIL-377,True,RFP-1;RFP-4,parcel eligibility,No,No,,low,,
EMAIL-391,True,RFP-1;RFP-4;RFP-5,parcel eligibility,No,No,,low,,
EMAIL-478,True,RFP-1;RFP-5,parcel eligibility;accounting,No,No,,low,,
EMAIL-500,True,RFP-5,accounting,No,No,,low,,
EMAIL-502,True,RFP-1;RFP-3;RFP-5,parcel eligibility;accounting,No,No,,low,,
EMAIL-538,True,RFP-5,accounting,No,No,,low,,
EMAIL-551,True,RFP-5,accounting,No,No,,low,,
EMAIL-553,True,RFP-1;RFP-5,parcel eligibility;accounting,No,No,,low,,
EMAIL-603,True,RFP-2;RFP-3;RFP-4,broker authority;sales representations,No,No,,low,,
EMAIL-612,True,RFP-2;RFP-4;RFP-5,sales representations;accounting;preservation/production,No,No,,low,,
EMAIL-617,True,RFP-2,sales representations;preservation/production,No,No,,low,,
EMAIL-666,True,RFP-1;RFP-2;RFP-3;RFP-5,parcel eligibility;sales representations;accounting;preservation/production,No,No,,low,,
EMAIL-674,True,RFP-2;RFP-4,sales representations;preservation/production,No,No,,low,,
EMAIL-699,True,RFP-2;RFP-4,broker authority;preservation/production,No,No,,low,,
EMAIL-719,True,RFP-2,sales representations;privilege/work-product;preservation/production,No,No,,low,,
EMAIL-736,True,RFP-2,privilege/work-product;preservation/production,No,No,,low,,
EMAIL-748,True,RFP-2,privilege/work-product;preservation/production,No,No,,low,,
EMAIL-775,True,RFP-2;RFP-4,broker authority;sales representations;privilege/work-product;preservation/production,No,No,,low,,
EMAIL-787,True,RFP-2;RFP-4,broker authority;sales representations,No,No,,low,,
EMAIL-824,True,RFP-2;RFP-4,broker authority;sales representations,No,No,,low,,
EMAIL-846,True,,privilege/work-product;preservation/production,Yes,Yes,ACP: counsel participant + no vitiating third party + legal-advice purpose | WP: post-2/24-review-channel investigation material,low,check attachment separately (family independence),
EMAIL-952,True,RFP-1;RFP-2;RFP-5,parcel eligibility;sales representations;accounting;privilege/work-product;preservation/production,No,No,,low,,
EMAIL-959,True,RFP-1;RFP-5,accounting;privilege/work-product;preservation/production,No,No,,low,,
EMAIL-009,True,,,No,No,seed TAG Red Flag,low,,
EMAIL-029,True,,,No,No,seed TAG Routine,low,,
EMAIL-041,True,,,No,No,seed TAG Red Flag,low,,
EMAIL-042,True,,,No,No,seed TAG Due Diligence Failure,low,,
EMAIL-043,True,,,No,No,seed TAG Due Diligence Failure,low,,
EMAIL-045,True,,,No,No,seed TAG Routine,low,,
EMAIL-070,True,,,No,No,seed TAG Due Diligence Failure,low,,
EMAIL-080,False,,,No,No,seed TAG Not Responsive,low,,
EMAIL-1004,True,,,No,No,,low,,
EMAIL-1017,True,,privilege/work-product;preservation/production,Yes,No,ACP: counsel participant + no vitiating third party + legal-advice purpose,low,check attachment separately (family independence),
EMAIL-1018,False,,whistleblower handling;privilege/work-product;preservation/production,Yes,Yes,ACP: counsel participant + no vitiating third party + legal-advice purpose | WP: post-2/24-review-channel investigation material,low,check attachment separately (family independence),
EMAIL-1047,False,,parcel eligibility;privilege/work-product;preservation/production,Yes,Yes,ACP: counsel participant + no vitiating third party + legal-advice purpose | WP: post-2/24-review-channel investigation material,low,check attachment separately (family independence),
EMAIL-104,False,,,No,No,seed TAG Not Responsive,low,,
EMAIL-1075,False,,privilege/work-product;preservation/production,Yes,Yes,ACP: counsel participant + no vitiating third party + legal-advice purpose | WP: post-2/24-review-channel investigation material,low,check attachment separately (family independence),
EMAIL-1095,False,,privilege/work-product;preservation/production,Yes,Yes,ACP: counsel participant + no vitiating third party + legal-advice purpose | WP: post-2/24-review-channel investigation material,low,check attachment separately (family independence),
EMAIL-1187,False,,parcel eligibility,No,No,,low,,
EMAIL-1209,False,,parcel eligibility,No,No,,low,,
EMAIL-1273,False,,broker authority,No,No,,low,,
EMAIL-1280,False,,privilege/work-product;preservation/production,No,No,,low,,
EMAIL-1295,False,,privilege/work-product;preservation/production,No,No,,low,,
EMAIL-1349,False,,preservation/production,No,No,,low,,
EMAIL-1397,False,,privilege/work-product;preservation/production,No,No,,low,,
EMAIL-1426,True,RFP-2;RFP-3;RFP-4;RFP-5,parcel eligibility;broker authority;sales representations;whistleblower handling,No,No,,low,,
EMAIL-1431,True,RFP-2;RFP-3;RFP-4,parcel eligibility;broker authority;sales representations;whistleblower handling,No,No,,low,,
EMAIL-177,True,,,No,No,seed TAG Routine,low,,
EMAIL-178,True,,,No,No,seed TAG Routine,low,,
EMAIL-181,True,,,No,No,seed TAG Routine,low,,
EMAIL-182,True,,,No,No,seed TAG Routine,low,,
EMAIL-195,True,,,No,No,seed TAG Routine,low,,
EMAIL-196,True,,,No,No,seed TAG Routine,low,,
EMAIL-216,False,,,No,No,seed TAG Not Responsive,low,,
EMAIL-247,False,,,No,No,seed TAG Not Responsive,low,,
EMAIL-266,True,RFP-1;RFP-4,parcel eligibility,No,No,,low,,
EMAIL-268,True,RFP-1;RFP-4,parcel eligibility;privilege/work-product;preservation/production,No,No,,low,,
EMAIL-312,True,RFP-1;RFP-3;RFP-4,parcel eligibility;preservation/production,No,No,,low,,
EMAIL-331,True,RFP-1;RFP-4,parcel eligibility;privilege/work-product;preservation/production,No,No,,low,,
EMAIL-350,True,RFP-1,parcel eligibility;privilege/work-product;preservation/production,No,No,,low,,
EMAIL-357,True,RFP-1;RFP-4,parcel eligibility,No,No,,low,,
EMAIL-370,True,RFP-1;RFP-4,parcel eligibility,No,No,,low,,
EMAIL-380,True,RFP-1,parcel eligibility,No,No,,low,,
EMAIL-460,True,RFP-1;RFP-5,parcel eligibility;accounting;privilege/work-product;preservation/production,No,No,,low,,
EMAIL-492,True,RFP-5,privilege/work-product;preservation/production,No,No,,low,,
EMAIL-536,True,RFP-1;RFP-3;RFP-5,parcel eligibility;accounting;privilege/work-product;preservation/production,No,No,,low,,
EMAIL-537,True,RFP-2;RFP-5,sales representations;accounting,No,No,,low,,
EMAIL-559,True,RFP-5,,No,No,,low,,
EMAIL-571,True,RFP-1;RFP-5,accounting,No,No,,low,,
EMAIL-580,True,RFP-1;RFP-5,parcel eligibility,No,No,,low,,
EMAIL-604,True,RFP-1;RFP-2;RFP-3;RFP-5,parcel eligibility;sales representations;accounting;preservation/production,No,No,,low,,
EMAIL-664,True,RFP-1;RFP-2;RFP-3;RFP-4;RFP-5,parcel eligibility;broker authority;sales representations;accounting;preservation/production,No,No,,low,,
EMAIL-676,True,RFP-2;RFP-4,sales representations;preservation/production,No,No,,low,,
EMAIL-682,True,RFP-2;RFP-4,broker authority;sales representations;preservation/production,No,No,,low,,
EMAIL-686,True,RFP-2;RFP-4,sales representations;preservation/production,No,No,,low,,
EMAIL-691,True,RFP-2;RFP-3;RFP-4;RFP-5,broker authority;sales representations;accounting;preservation/production,No,No,,low,,
EMAIL-693,True,RFP-2;RFP-4,preservation/production,No,No,,low,,
EMAIL-749,True,RFP-2,sales representations;privilege/work-product;preservation/production,No,No,,low,,
EMAIL-750,True,RFP-2,privilege/work-product;preservation/production,No,No,,low,,
EMAIL-777,True,RFP-2;RFP-4,broker authority;sales representations,No,No,,low,,
EMAIL-779,True,RFP-1;RFP-2;RFP-4,broker authority;sales representations,No,No,,low,,
EMAIL-788,True,RFP-2;RFP-4,broker authority;sales representations;privilege/work-product;preservation/production,No,No,,low,,
EMAIL-792,True,RFP-2;RFP-4,broker authority;sales representations,No,No,,low,,
EMAIL-793,True,RFP-1;RFP-2;RFP-3;RFP-4,parcel eligibility;broker authority;sales representations;privilege/work-product;preservation/production,No,No,,low,,
EMAIL-795,True,RFP-1;RFP-2;RFP-4,broker authority;sales representations,No,No,,low,,
EMAIL-837,True,,privilege/work-product;preservation/production,Yes,No,ACP: counsel participant + no vitiating third party + legal-advice purpose,low,check attachment separately (family independence),
EMAIL-854,True,,privilege/work-product;preservation/production,Yes,Yes,ACP: counsel participant + no vitiating third party + legal-advice purpose | WP: post-2/24-review-channel investigation material,low,check attachment separately (family independence),
EMAIL-855,True,RFP-2;RFP-3,sales representations;privilege/work-product;preservation/production,No,No,,low,,
EMAIL-885,True,,privilege/work-product;preservation/production,Yes,Yes,ACP: counsel participant + no vitiating third party + legal-advice purpose | WP: post-2/24-review-channel investigation material,low,check attachment separately (family independence),
EMAIL-888,True,,privilege/work-product;preservation/production,No,No,waiver/third-party present: privilege vitiated,med,confirm whether third party was necessary to legal advice (Kovel/Upjohn); counsel present but purpose administrative — confirm no legal advice,
EMAIL-897,True,,privilege/work-product;preservation/production,No,No,,high,"bare-forward: evaluate added commentary, if any, on its own",
EMAIL-916,True,RFP-2;RFP-5,sales representations;accounting;privilege/work-product;preservation/production,No,No,,low,,
EMAIL-919,True,RFP-5,accounting,No,No,,low,,
EMAIL-928,True,,privilege/work-product;preservation/production,No,No,,low,,
EMAIL-941,True,,,No,No,,low,,
EMAIL-964,True,,,No,No,,low,,
EMAIL-989,True,RFP-1;RFP-5,accounting;privilege/work-product;preservation/production,No,No,,low,,
EMAIL-002,True,,,No,No,seed TAG Key Stakeholder Comms,low,,
EMAIL-013,True,,,No,No,seed TAG Key Stakeholder Comms,low,,
EMAIL-030,True,,,No,No,seed TAG Key Stakeholder Comms,low,,
EMAIL-031,True,,,No,No,seed TAG Routine,low,,
EMAIL-035,True,,,No,No,seed TAG Routine,low,,
EMAIL-052,True,,,No,No,seed TAG Key Stakeholder Comms,low,,
EMAIL-053,True,,,No,No,seed TAG Key Stakeholder Comms,low,,
EMAIL-066,True,,,No,No,seed TAG Key Stakeholder Comms,low,,
EMAIL-067,True,,,No,No,seed TAG Key Stakeholder Comms,low,,
EMAIL-068,True,,,No,No,seed TAG Key Stakeholder Comms,low,,
EMAIL-074,False,,,No,No,seed TAG Not Responsive,low,,
EMAIL-076,True,,,No,No,seed TAG Key Stakeholder Comms,low,,
EMAIL-092,False,,,No,No,seed TAG Not Responsive,low,,
EMAIL-098,False,,,No,No,seed TAG Not Responsive,low,,
EMAIL-1006,True,,privilege/work-product;preservation/production,No,No,,low,,
EMAIL-1009,True,RFP-5,accounting;privilege/work-product;preservation/production,No,No,,low,,
EMAIL-1037,False,,whistleblower handling;privilege/work-product;preservation/production,Yes,No,ACP: counsel participant + no vitiating third party + legal-advice purpose,low,check attachment separately (family independence),
EMAIL-103,False,,,No,No,seed TAG Not Responsive,low,,
EMAIL-1056,True,RFP-4,broker authority;privilege/work-product;preservation/production,Yes,Yes,ACP: counsel participant + no vitiating third party + legal-advice purpose | WP: post-2/24-review-channel investigation material,low,check attachment separately (family independence),
EMAIL-1080,True,RFP-4,broker authority;privilege/work-product;preservation/production,Yes,Yes,ACP: counsel participant + no vitiating third party + legal-advice purpose | WP: post-2/24-review-channel investigation material,low,check attachment separately (family independence),
EMAIL-1105,False,,privilege/work-product;preservation/production,Yes,No,ACP: counsel participant + no vitiating third party + legal-advice purpose,low,check attachment separately (family independence),
EMAIL-1119,False,,privilege/work-product;preservation/production,No,No,waiver/third-party present: privilege vitiated,med,confirm whether third party was necessary to legal advice (Kovel/Upjohn); counsel present but purpose administrative — confirm no legal advice,
EMAIL-111,False,,,No,No,seed TAG Not Responsive,low,,
EMAIL-1128,False,,parcel eligibility;privilege/work-product;preservation/production,Yes,No,ACP: counsel participant + no vitiating third party + legal-advice purpose,low,check attachment separately (family independence),
EMAIL-112,False,,,No,No,seed TAG Not Responsive,low,,
EMAIL-1157,True,RFP-4,privilege/work-product;preservation/production,Yes,No,ACP: counsel participant + no vitiating third party + legal-advice purpose,low,check attachment separately (family independence),
EMAIL-1160,True,RFP-4,,No,No,,low,,
EMAIL-119,True,,,Yes,No,seed TAG Privileged Legal Advice (bannered),low,check attachment separately (family independence),
EMAIL-1234,False,,parcel eligibility,No,No,,low,,
EMAIL-1258,False,,privilege/work-product;preservation/production,No,No,,low,,
EMAIL-1259,False,,preservation/production,No,No,,low,,
EMAIL-1260,False,,privilege/work-product;preservation/production,No,No,,low,,
EMAIL-1313,False,,broker authority;privilege/work-product;preservation/production,No,No,,low,,
EMAIL-1314,False,,privilege/work-product;preservation/production,No,No,,low,,
EMAIL-132,True,,,No,No,seed TAG Routine,low,,
EMAIL-1354,False,,broker authority;privilege/work-product;preservation/production,No,No,,low,,
EMAIL-167,True,,,Yes,No,seed TAG Privileged Legal Advice (bannered),low,check attachment separately (family independence),
EMAIL-169,True,,,Yes,No,seed TAG Privileged Legal Advice (bannered),low,check attachment separately (family independence),
EMAIL-171,True,,,Yes,No,seed TAG Privileged Legal Advice (bannered),low,check attachment separately (family independence),
EMAIL-185,True,,,No,No,seed TAG Routine,low,,
EMAIL-186,True,,,No,No,seed TAG Routine,low,,
EMAIL-189,True,,,No,No,seed TAG Key Stakeholder Comms,low,,
EMAIL-190,True,,,No,No,seed TAG Key Stakeholder Comms,low,,
EMAIL-193,True,,,No,No,seed TAG Key Stakeholder Comms,low,,
EMAIL-194,True,,,No,No,seed TAG Key Stakeholder Comms,low,,
EMAIL-199,True,,,No,No,seed TAG Key Stakeholder Comms,low,,
EMAIL-200,True,,,No,No,seed TAG Key Stakeholder Comms,low,,
EMAIL-217,False,,,No,No,seed TAG Not Responsive,low,,
EMAIL-219,False,,,No,No,seed TAG Not Responsive,low,,
EMAIL-230,False,,,No,No,seed TAG Not Responsive,low,,
EMAIL-236,False,,,No,No,seed TAG Not Responsive,low,,
EMAIL-237,False,,,No,No,seed TAG Not Responsive,low,,
EMAIL-253,True,RFP-1,parcel eligibility,No,No,,low,,
EMAIL-261,True,RFP-1;RFP-3;RFP-4,parcel eligibility;preservation/production,No,No,,low,,
EMAIL-271,True,RFP-1,parcel eligibility,No,No,,low,,
EMAIL-291,True,RFP-1;RFP-3;RFP-4;RFP-5,parcel eligibility,No,No,,low,,
EMAIL-311,True,RFP-1;RFP-4,parcel eligibility,No,No,,low,,
EMAIL-323,True,RFP-1;RFP-4,parcel eligibility,No,No,,low,,
EMAIL-332,True,RFP-1;RFP-4,parcel eligibility,No,No,,low,,
EMAIL-343,True,RFP-1;RFP-4,parcel eligibility,No,No,,low,,
EMAIL-353,True,RFP-4,parcel eligibility,No,No,,low,,
EMAIL-437,True,RFP-1;RFP-4,parcel eligibility,No,No,,low,,
EMAIL-511,True,RFP-1;RFP-3;RFP-5,parcel eligibility;accounting,No,No,,low,,
EMAIL-521,True,RFP-1;RFP-5,accounting,No,No,,low,,
EMAIL-545,True,RFP-1;RFP-5,accounting,No,No,,low,,
EMAIL-555,True,RFP-1;RFP-5,parcel eligibility;privilege/work-product;preservation/production,No,No,,low,,
EMAIL-601,True,RFP-2;RFP-3;RFP-4,broker authority;sales representations;preservation/production,No,No,,low,,
EMAIL-615,True,RFP-1;RFP-2;RFP-3;RFP-4;RFP-5,parcel eligibility;broker authority;sales representations;accounting;preservation/production,No,No,,low,,
EMAIL-635,True,RFP-2;RFP-4,sales representations;preservation/production,No,No,,low,,
EMAIL-636,True,RFP-2;RFP-3,sales representations;preservation/production,No,No,,low,,
EMAIL-639,True,RFP-2;RFP-3;RFP-4,broker authority;sales representations,No,No,,low,,
EMAIL-647,True,RFP-2;RFP-3;RFP-4,broker authority;sales representations,No,No,,low,,
EMAIL-652,True,RFP-2,sales representations;preservation/production,No,No,,low,,
EMAIL-662,True,RFP-2;RFP-3;RFP-4,sales representations;preservation/production,No,No,,low,,
EMAIL-758,True,RFP-1;RFP-2;RFP-4,broker authority;sales representations,No,No,,low,,
EMAIL-798,True,RFP-1;RFP-2;RFP-4,broker authority;sales representations,No,No,,low,,
EMAIL-949,True,RFP-5,accounting;privilege/work-product;preservation/production,No,No,,low,,
EMAIL-951,True,,,No,No,,low,,
EMAIL-958,True,RFP-5,accounting,No,No,,low,,
EMAIL-982,True,RFP-1;RFP-5,accounting;privilege/work-product;preservation/production,No,No,,low,,
EMAIL-999,True,RFP-5,accounting,No,No,,low,,
EMAIL-1008,True,,privilege/work-product;preservation/production,No,No,,low,,
EMAIL-1025,False,,whistleblower handling;privilege/work-product;preservation/production,Yes,No,ACP: counsel participant + no vitiating third party + legal-advice purpose,low,check attachment separately (family independence),
EMAIL-1071,True,RFP-4,broker authority;privilege/work-product;preservation/production,No,No,,low,,
EMAIL-107,False,,,No,No,seed TAG Not Responsive,low,,
EMAIL-1150,True,RFP-4,,No,No,,low,,
EMAIL-1176,True,RFP-4,,No,No,waiver/third-party present: privilege vitiated,med,confirm whether third party was necessary to legal advice (Kovel/Upjohn); counsel present but purpose administrative — confirm no legal advice,
EMAIL-1196,False,,parcel eligibility,No,No,,low,,
EMAIL-1233,False,,parcel eligibility,No,No,,low,,
EMAIL-1239,False,,parcel eligibility,No,No,,low,,
EMAIL-1241,False,,parcel eligibility,No,No,,low,,
EMAIL-1317,False,,privilege/work-product;preservation/production,No,No,,low,,
EMAIL-1338,False,,preservation/production,No,No,,low,,
EMAIL-1372,False,,,No,No,,low,,
EMAIL-248,False,,,No,No,seed TAG Not Responsive,low,,
EMAIL-260,True,RFP-1;RFP-3,parcel eligibility,No,No,,low,,
EMAIL-293,True,RFP-1;RFP-4,parcel eligibility,No,No,,low,,
EMAIL-301,True,RFP-1;RFP-3;RFP-4;RFP-5,parcel eligibility,No,No,,low,,
EMAIL-341,True,RFP-1;RFP-3,parcel eligibility;privilege/work-product;preservation/production,No,No,,low,,
EMAIL-382,True,RFP-1;RFP-4,parcel eligibility,No,No,,low,,
EMAIL-507,True,RFP-1;RFP-5,parcel eligibility;accounting;privilege/work-product;preservation/production,No,No,,low,,
EMAIL-544,True,RFP-1,parcel eligibility,No,No,,low,,
EMAIL-582,True,RFP-1,parcel eligibility;privilege/work-product;preservation/production,No,No,,low,,
EMAIL-657,True,RFP-2;RFP-4,preservation/production,No,No,,low,,
EMAIL-658,True,RFP-2;RFP-3;RFP-4,preservation/production,No,No,,low,,
EMAIL-669,True,RFP-2;RFP-4,broker authority;sales representations;preservation/production,No,No,,low,,
EMAIL-670,True,RFP-2;RFP-3;RFP-4,sales representations,No,No,,low,,
EMAIL-671,True,RFP-2;RFP-3;RFP-4,broker authority;sales representations;preservation/production,No,No,,low,,
EMAIL-679,True,RFP-2;RFP-3;RFP-4,broker authority;sales representations,No,No,,low,,
EMAIL-689,True,RFP-1;RFP-2;RFP-3;RFP-5,parcel eligibility;sales representations;accounting;preservation/production,No,No,,low,,
EMAIL-696,True,RFP-2;RFP-3;RFP-5,sales representations;accounting;preservation/production,No,No,,low,,
EMAIL-706,True,RFP-2;RFP-3,sales representations,No,No,,low,,
EMAIL-715,True,RFP-2,privilege/work-product;preservation/production,No,No,,low,,
EMAIL-724,True,RFP-2,sales representations;privilege/work-product;preservation/production,No,No,,low,,
EMAIL-730,True,RFP-2,,No,No,,low,,
EMAIL-733,True,RFP-2,sales representations;privilege/work-product;preservation/production,No,No,,low,,
EMAIL-737,True,RFP-2,sales representations;privilege/work-product;preservation/production,No,No,,low,,
EMAIL-767,True,RFP-2;RFP-4,broker authority;sales representations;preservation/production,No,No,,low,,
EMAIL-772,True,RFP-2;RFP-4,broker authority;sales representations,No,No,,low,,
EMAIL-807,True,RFP-2;RFP-4,broker authority;sales representations,No,No,,low,,
EMAIL-809,True,RFP-2;RFP-4,broker authority;sales representations,No,No,,low,,
EMAIL-894,True,RFP-2;RFP-3,sales representations;privilege/work-product;preservation/production,No,No,waiver/third-party present: privilege vitiated,med,confirm whether third party was necessary to legal advice (Kovel/Upjohn); counsel present but purpose administrative — confirm no legal advice,
EMAIL-898,True,,privilege/work-product;preservation/production,Yes,No,ACP: counsel participant + no vitiating third party + legal-advice purpose,low,check attachment separately (family independence),
EMAIL-903,True,RFP-5,accounting,No,No,,low,,
EMAIL-997,True,RFP-1;RFP-5,accounting;privilege/work-product;preservation/production,No,No,,low,,
EMAIL-1026,False,,privilege/work-product;preservation/production,Yes,Yes,ACP: counsel participant + no vitiating third party + legal-advice purpose | WP: post-2/24-review-channel investigation material,low,check attachment separately (family independence),
EMAIL-1078,False,,privilege/work-product;preservation/production,Yes,Yes,ACP: counsel participant + no vitiating third party + legal-advice purpose | WP: post-2/24-review-channel investigation material,low,check attachment separately (family independence),
EMAIL-1109,False,,privilege/work-product;preservation/production,Yes,Yes,ACP: counsel participant + no vitiating third party + legal-advice purpose | WP: post-2/24-review-channel investigation material,low,check attachment separately (family independence),
EMAIL-1174,True,RFP-2;RFP-4,privilege/work-product;preservation/production,No,No,waiver/third-party present: privilege vitiated,med,confirm whether third party was necessary to legal advice (Kovel/Upjohn); counsel present but purpose administrative — confirm no legal advice,
EMAIL-1191,False,,parcel eligibility,No,No,,low,,
EMAIL-1203,False,,parcel eligibility,No,No,,low,,
EMAIL-1308,False,,preservation/production,No,No,,low,,
EMAIL-1332,False,,,No,No,,low,,
EMAIL-1352,False,,preservation/production,No,No,,low,,
EMAIL-1364,False,,privilege/work-product;preservation/production,No,No,,low,,
EMAIL-1376,False,,preservation/production,No,No,,low,,
EMAIL-1388,False,,broker authority,No,No,,low,,
EMAIL-148,True,,,No,No,seed TAG Key Stakeholder Comms,low,,
EMAIL-149,True,,,No,No,seed TAG Key Stakeholder Comms,low,,
EMAIL-229,False,,,No,No,seed TAG Not Responsive,low,,
EMAIL-252,True,RFP-1;RFP-4,parcel eligibility,No,No,,low,,
EMAIL-279,True,RFP-1;RFP-4,parcel eligibility,No,No,,low,,
EMAIL-288,True,RFP-1;RFP-4,parcel eligibility,No,No,,low,,
EMAIL-295,True,RFP-1;RFP-3;RFP-5,parcel eligibility,No,No,,low,,
EMAIL-321,True,RFP-1;RFP-4,parcel eligibility,No,No,,low,,
EMAIL-338,True,RFP-1;RFP-4,parcel eligibility;privilege/work-product;preservation/production,No,No,,low,,
EMAIL-339,True,RFP-1;RFP-4,parcel eligibility,No,No,,low,,
EMAIL-384,True,RFP-1;RFP-4,parcel eligibility,No,No,,low,,
EMAIL-390,True,RFP-1;RFP-3;RFP-4,parcel eligibility,No,No,,low,,
EMAIL-524,True,RFP-5,privilege/work-product;preservation/production,No,No,,low,,
EMAIL-646,True,RFP-2;RFP-3;RFP-4,sales representations;preservation/production,No,No,,low,,
EMAIL-739,True,RFP-2,privilege/work-product;preservation/production,No,No,,low,,
EMAIL-801,True,RFP-2;RFP-4,broker authority;sales representations,No,No,,low,,
EMAIL-813,True,RFP-2;RFP-4,broker authority;sales representations;privilege/work-product;preservation/production,No,No,,low,,
EMAIL-833,True,,privilege/work-product;preservation/production,Yes,Yes,ACP: counsel participant + no vitiating third party + legal-advice purpose | WP: post-2/24-review-channel investigation material,low,check attachment separately (family independence),
EMAIL-858,True,,privilege/work-product;preservation/production,Yes,No,ACP: counsel participant + no vitiating third party + legal-advice purpose,high,"check attachment separately (family independence); bare-forward: evaluate added commentary, if any, on its own",
EMAIL-893,True,,privilege/work-product;preservation/production,No,No,,low,,
EMAIL-957,True,,privilege/work-product;preservation/production,No,No,,low,,
EMAIL-970,True,,privilege/work-product;preservation/production,No,No,,low,,
EMAIL-976,True,,privilege/work-product;preservation/production,No,No,,low,,
EMAIL-022,True,,,Yes,No,seed TAG Privileged Legal Advice (bannered),low,check attachment separately (family independence),
EMAIL-050,True,,,Yes,No,seed TAG Privileged Legal Advice (bannered),low,check attachment separately (family independence),
EMAIL-055,True,,,Yes,No,seed TAG Privileged Legal Advice (bannered),low,check attachment separately (family independence),
EMAIL-063,True,,,Yes,No,seed TAG Privileged Legal Advice (bannered),low,check attachment separately (family independence),
EMAIL-081,False,,,No,No,seed TAG Not Responsive,low,,
EMAIL-1072,False,,privilege/work-product;preservation/production,Yes,Yes,ACP: counsel participant + no vitiating third party + legal-advice purpose | WP: post-2/24-review-channel investigation material,low,check attachment separately (family independence),
EMAIL-108,False,,,No,No,seed TAG Not Responsive,low,,
EMAIL-1102,False,,privilege/work-product;preservation/production,No,No,waiver/third-party present: privilege vitiated,med,confirm whether third party was necessary to legal advice (Kovel/Upjohn); counsel present but purpose administrative — confirm no legal advice,
EMAIL-1122,False,,privilege/work-product;preservation/production,Yes,Yes,ACP: counsel participant + no vitiating third party + legal-advice purpose | WP: post-2/24-review-channel investigation material,low,check attachment separately (family independence),
EMAIL-1142,True,RFP-1;RFP-4,parcel eligibility,No,No,waiver/third-party present: privilege vitiated,med,confirm whether third party was necessary to legal advice (Kovel/Upjohn); counsel present but purpose administrative — confirm no legal advice,
EMAIL-1151,True,RFP-2;RFP-4,parcel eligibility;preservation/production,No,No,,low,,
EMAIL-1158,True,RFP-4,,No,No,,low,,
EMAIL-1172,True,RFP-4,,No,No,,low,,
EMAIL-1210,False,,parcel eligibility,No,No,,low,,
EMAIL-1212,False,,parcel eligibility,No,No,,low,,
EMAIL-1235,False,,parcel eligibility,No,No,,low,,
EMAIL-1268,False,,sales representations;privilege/work-product;preservation/production,No,No,,low,,
EMAIL-127,True,,,No,Yes,seed TAG Privileged Work Product (bannered),low,check attachment separately (family independence),
EMAIL-128,True,,,No,Yes,seed TAG Privileged Work Product (bannered),low,check attachment separately (family independence),
EMAIL-1305,False,,preservation/production,No,No,,low,,
EMAIL-1323,False,,preservation/production,No,No,,low,,
EMAIL-1340,False,,privilege/work-product;preservation/production,No,No,,low,,
EMAIL-1362,False,,broker authority;preservation/production,No,No,,low,,
EMAIL-1365,False,,preservation/production,No,No,,low,,
EMAIL-136,True,,,No,Yes,seed TAG Privileged Work Product (bannered),low,check attachment separately (family independence),
EMAIL-1377,False,,privilege/work-product;preservation/production,No,No,,low,,
EMAIL-137,True,,,Yes,No,seed TAG Privileged Legal Advice (bannered),low,check attachment separately (family independence),
EMAIL-138,True,,,Yes,No,seed TAG Privileged Legal Advice (bannered),low,check attachment separately (family independence),
EMAIL-140,True,,,Yes,No,seed TAG Privileged Legal Advice (bannered),low,check attachment separately (family independence),
EMAIL-1466,True,RFP-1;RFP-5,parcel eligibility;privilege/work-product,Yes,Yes,ACP: counsel participant + no vitiating third party + legal-advice purpose | WP: post-2/24-review-channel investigation material,low,check attachment separately (family independence),
EMAIL-251,True,RFP-1;RFP-3;RFP-4,parcel eligibility;preservation/production,No,No,,low,,
EMAIL-274,True,RFP-1;RFP-4,parcel eligibility,No,No,,low,,
EMAIL-283,True,RFP-1;RFP-4,parcel eligibility,No,No,,low,,
EMAIL-337,True,RFP-1;RFP-4,parcel eligibility,No,No,,low,,
EMAIL-345,True,RFP-1;RFP-4,parcel eligibility,No,No,,low,,
EMAIL-355,True,RFP-1,parcel eligibility;privilege/work-product;preservation/production,No,No,,low,,
EMAIL-361,True,RFP-1,parcel eligibility,No,No,,low,,
EMAIL-367,True,RFP-1;RFP-4,parcel eligibility,No,No,,low,,
EMAIL-372,True,RFP-1,parcel eligibility;privilege/work-product;preservation/production,No,No,,low,,
EMAIL-381,True,RFP-1;RFP-3,parcel eligibility;privilege/work-product;preservation/production,No,No,,low,,
EMAIL-410,True,RFP-1;RFP-4,parcel eligibility,No,No,,low,,
EMAIL-411,True,RFP-1,parcel eligibility;privilege/work-product;preservation/production,Yes,Yes,ACP: counsel participant + no vitiating third party + legal-advice purpose | WP: post-2/24-review-channel investigation material,low,check attachment separately (family independence),
EMAIL-413,True,RFP-1;RFP-3;RFP-4,parcel eligibility;clearwater sequencing;privilege/work-product;preservation/production,No,No,,low,,
EMAIL-432,True,RFP-1;RFP-3;RFP-4,parcel eligibility;clearwater sequencing;privilege/work-product;preservation/production,No,No,waiver/third-party present: privilege vitiated,med,confirm whether third party was necessary to legal advice (Kovel/Upjohn); counsel present but purpose administrative — confirm no legal advice,
EMAIL-458,True,RFP-1;RFP-5,parcel eligibility;privilege/work-product;preservation/production,Yes,Yes,ACP: counsel participant + no vitiating third party + legal-advice purpose | WP: post-2/24-review-channel investigation material,low,check attachment separately (family independence),
EMAIL-529,True,RFP-1;RFP-5,parcel eligibility;privilege/work-product;preservation/production,Yes,Yes,ACP: counsel participant + no vitiating third party + legal-advice purpose | WP: post-2/24-review-channel investigation material,low,check attachment separately (family independence),
EMAIL-530,True,RFP-5,,No,No,,low,,
EMAIL-540,True,RFP-1,parcel eligibility;privilege/work-product;preservation/production,Yes,Yes,ACP: counsel participant + no vitiating third party + legal-advice purpose | WP: post-2/24-review-channel investigation material,low,check attachment separately (family independence),
EMAIL-547,True,RFP-1;RFP-5,parcel eligibility;accounting;privilege/work-product;preservation/production,Yes,Yes,ACP: counsel participant + no vitiating third party + legal-advice purpose | WP: post-2/24-review-channel investigation material,low,check attachment separately (family independence),
EMAIL-556,True,RFP-1;RFP-5,accounting,No,No,,low,,
EMAIL-564,True,RFP-1;RFP-3;RFP-5,parcel eligibility;accounting;privilege/work-product;preservation/production,No,No,,low,,
EMAIL-565,True,RFP-1;RFP-5,parcel eligibility;accounting;privilege/work-product;preservation/production,Yes,Yes,ACP: counsel participant + no vitiating third party + legal-advice purpose | WP: post-2/24-review-channel investigation material,low,check attachment separately (family independence),
EMAIL-566,True,RFP-1,parcel eligibility;privilege/work-product;preservation/production,Yes,Yes,ACP: counsel participant + no vitiating third party + legal-advice purpose | WP: post-2/24-review-channel investigation material,low,check attachment separately (family independence),
EMAIL-569,True,RFP-1,parcel eligibility;privilege/work-product;preservation/production,Yes,Yes,ACP: counsel participant + no vitiating third party + legal-advice purpose | WP: post-2/24-review-channel investigation material,low,check attachment separately (family independence),
EMAIL-579,True,RFP-1;RFP-5,parcel eligibility;privilege/work-product;preservation/production,Yes,Yes,ACP: counsel participant + no vitiating third party + legal-advice purpose | WP: post-2/24-review-channel investigation material,low,check attachment separately (family independence),
EMAIL-611,True,RFP-1;RFP-2;RFP-3;RFP-4;RFP-5,parcel eligibility;broker authority;sales representations;accounting;preservation/production,No,No,,low,,
EMAIL-640,True,RFP-2;RFP-3,sales representations;privilege/work-product;preservation/production,No,No,,low,,
EMAIL-680,True,RFP-2,sales representations;preservation/production,No,No,,low,,
EMAIL-731,True,RFP-2,sales representations;privilege/work-product;preservation/production,No,No,,low,,
EMAIL-770,True,RFP-2;RFP-4,broker authority;sales representations;privilege/work-product;preservation/production,No,No,,low,,
EMAIL-785,True,RFP-2;RFP-3;RFP-4,broker authority;sales representations;privilege/work-product;preservation/production,No,No,,low,,
EMAIL-865,True,,privilege/work-product;preservation/production,Yes,Yes,ACP: counsel participant + no vitiating third party + legal-advice purpose | WP: post-2/24-review-channel investigation material,low,check attachment separately (family independence),
EMAIL-880,True,,privilege/work-product;preservation/production,No,No,,low,,
EMAIL-884,True,RFP-2,privilege/work-product;preservation/production,No,No,,low,,
EMAIL-925,True,,privilege/work-product;preservation/production,No,No,,low,,
EMAIL-937,True,RFP-1;RFP-5,parcel eligibility;accounting;privilege/work-product;preservation/production,No,No,,low,,
EMAIL-977,True,,privilege/work-product;preservation/production,No,No,,low,,
EMAIL-089,False,,,No,No,seed TAG Not Responsive,low,,
EMAIL-1001,True,,privilege/work-product;preservation/production,No,No,,low,,
EMAIL-1089,False,,privilege/work-product;preservation/production,No,No,,low,,
EMAIL-1113,False,,privilege/work-product;preservation/production,Yes,Yes,ACP: counsel participant + no vitiating third party + legal-advice purpose | WP: post-2/24-review-channel investigation material,low,check attachment separately (family independence),
EMAIL-1132,True,RFP-4,broker authority;privilege/work-product;preservation/production,No,No,,low,,
EMAIL-1163,True,RFP-4,privilege/work-product;preservation/production,No,No,waiver/third-party present: privilege vitiated,med,confirm whether third party was necessary to legal advice (Kovel/Upjohn); counsel present but purpose administrative — confirm no legal advice,
EMAIL-1183,False,,parcel eligibility,No,No,,low,,
EMAIL-1238,False,,parcel eligibility,No,No,,low,,
EMAIL-1276,False,,privilege/work-product;preservation/production,No,No,,low,,
EMAIL-1325,False,,,No,No,,low,,
EMAIL-250,False,,,No,No,seed TAG Not Responsive,low,,
EMAIL-349,True,RFP-1;RFP-4,parcel eligibility,No,No,,low,,
EMAIL-354,True,RFP-1;RFP-4,parcel eligibility,No,No,,low,,
EMAIL-385,True,RFP-1,parcel eligibility;privilege/work-product;preservation/production,No,No,,low,,
EMAIL-414,True,RFP-1;RFP-3;RFP-4,parcel eligibility;clearwater sequencing,No,No,,low,,
EMAIL-419,True,RFP-1;RFP-4,parcel eligibility,No,No,,low,,
EMAIL-446,True,RFP-1;RFP-3;RFP-4,parcel eligibility;clearwater sequencing,No,No,,low,,
EMAIL-474,True,RFP-2;RFP-5,parcel eligibility;sales representations;accounting,No,No,,low,,
EMAIL-493,True,RFP-1;RFP-3;RFP-5,parcel eligibility;accounting,No,No,,low,,
EMAIL-508,True,RFP-5,privilege/work-product;preservation/production,No,No,,low,,
EMAIL-584,True,RFP-1;RFP-5,parcel eligibility,No,No,,low,,
EMAIL-622,True,RFP-2;RFP-3;RFP-5,sales representations;accounting;preservation/production,No,No,,low,,
EMAIL-637,True,RFP-2;RFP-3;RFP-4,broker authority;sales representations,No,No,,low,,
EMAIL-727,True,RFP-2,sales representations,No,No,,low,,
EMAIL-757,True,RFP-1;RFP-2;RFP-4,broker authority;sales representations,No,No,,low,,
EMAIL-827,True,RFP-2;RFP-3;RFP-4,broker authority;sales representations,No,No,,low,,
EMAIL-828,True,RFP-2;RFP-4,broker authority;sales representations,No,No,,low,,
EMAIL-839,True,RFP-2,privilege/work-product;preservation/production,No,No,,low,,
EMAIL-844,True,,privilege/work-product;preservation/production,No,No,,low,,
EMAIL-870,True,,privilege/work-product;preservation/production,Yes,Yes,ACP: counsel participant + no vitiating third party + legal-advice purpose | WP: post-2/24-review-channel investigation material,low,check attachment separately (family independence),
EMAIL-907,True,,privilege/work-product;preservation/production,No,No,,low,,
EMAIL-908,True,RFP-1;RFP-5,accounting;privilege/work-product;preservation/production,No,No,,low,,
EMAIL-931,True,,,No,No,,low,,
EMAIL-946,True,RFP-1;RFP-5,accounting,No,No,,low,,
EMAIL-965,True,,privilege/work-product;preservation/production,No,No,,low,,
EMAIL-987,True,RFP-1;RFP-5,accounting,No,No,,low,,
EMAIL-1033,False,,whistleblower handling;privilege/work-product;preservation/production,Yes,Yes,ACP: counsel participant + no vitiating third party + legal-advice purpose | WP: post-2/24-review-channel investigation material,low,check attachment separately (family independence),
EMAIL-1164,True,RFP-4,,No,No,,low,,
EMAIL-1165,True,RFP-4,privilege/work-product;preservation/production,Yes,No,ACP: counsel participant + no vitiating third party + legal-advice purpose,low,check attachment separately (family independence),
EMAIL-1177,True,RFP-4,privilege/work-product;preservation/production,No,No,,low,,
EMAIL-1197,False,,parcel eligibility,No,No,,low,,
EMAIL-1200,False,,parcel eligibility,No,No,,low,,
EMAIL-120,True,,,Yes,No,seed TAG Privileged Legal Advice (bannered),low,check attachment separately (family independence),
EMAIL-121,True,,,Yes,No,seed TAG Privileged Legal Advice (bannered),low,check attachment separately (family independence),
EMAIL-1220,False,,parcel eligibility,No,No,,low,,
EMAIL-1227,False,,parcel eligibility,No,No,,low,,
EMAIL-1237,False,,parcel eligibility,No,No,,low,,
EMAIL-1265,False,,broker authority,No,No,,low,,
EMAIL-1343,False,,broker authority,No,No,,low,,
EMAIL-1384,False,,,No,No,,low,,
EMAIL-1387,False,,privilege/work-product;preservation/production,No,No,,low,,
EMAIL-1411,True,RFP-1,parcel eligibility;privilege/work-product;preservation/production,No,No,,low,,
EMAIL-1454,True,RFP-1,parcel eligibility;privilege/work-product;preservation/production,No,No,,low,,
EMAIL-240,False,,,No,No,seed TAG Not Responsive,low,,
EMAIL-272,True,RFP-1;RFP-4,parcel eligibility,No,No,,low,,
EMAIL-278,True,RFP-1;RFP-4,parcel eligibility,No,No,,low,,
EMAIL-328,True,,parcel eligibility;privilege/work-product;preservation/production,No,No,,low,,
EMAIL-334,True,RFP-1;RFP-4,parcel eligibility,No,No,,low,,
EMAIL-366,True,RFP-1;RFP-3;RFP-4;RFP-5,parcel eligibility,No,No,,low,,
EMAIL-396,True,RFP-1;RFP-3;RFP-4;RFP-5,parcel eligibility;clearwater sequencing,No,No,,low,,
EMAIL-454,True,RFP-1,parcel eligibility;privilege/work-product;preservation/production,No,No,,low,,
EMAIL-483,True,RFP-5,accounting;privilege/work-product;preservation/production,No,No,,low,,
EMAIL-496,True,RFP-5,,No,No,,low,,
EMAIL-554,True,RFP-1;RFP-3;RFP-5,parcel eligibility;accounting,No,No,,low,,
EMAIL-563,True,RFP-1;RFP-3,parcel eligibility;privilege/work-product;preservation/production,No,No,,low,,
EMAIL-641,True,RFP-2;RFP-4,sales representations;privilege/work-product;preservation/production,No,No,,low,,
EMAIL-648,True,RFP-2;RFP-3,sales representations,No,No,,low,,
EMAIL-654,True,RFP-2;RFP-4,sales representations;preservation/production,No,No,,low,,
EMAIL-663,True,RFP-2;RFP-3;RFP-4,broker authority;sales representations;preservation/production,No,No,,low,,
EMAIL-678,True,RFP-2;RFP-3;RFP-5,sales representations;accounting;preservation/production,No,No,,low,,
EMAIL-683,True,RFP-2;RFP-4;RFP-5,accounting;preservation/production,No,No,,low,,
EMAIL-725,True,RFP-2,sales representations;privilege/work-product;preservation/production,No,No,,low,,
EMAIL-771,True,RFP-2;RFP-4,broker authority;sales representations;privilege/work-product;preservation/production,No,No,,low,,
EMAIL-817,True,RFP-1;RFP-2;RFP-4,broker authority;sales representations,No,No,,low,,
EMAIL-819,True,RFP-2;RFP-4,broker authority;sales representations,No,No,,low,,
EMAIL-873,True,RFP-2;RFP-3,sales representations;privilege/work-product;preservation/production,Yes,No,ACP: counsel participant + no vitiating third party + legal-advice purpose,low,check attachment separately (family independence),
EMAIL-886,True,,privilege/work-product;preservation/production,Yes,Yes,ACP: counsel participant + no vitiating third party + legal-advice purpose | WP: post-2/24-review-channel investigation material,low,check attachment separately (family independence),
EMAIL-950,True,RFP-1;RFP-5,accounting;privilege/work-product;preservation/production,No,No,,low,,
EMAIL-953,True,,privilege/work-product;preservation/production,No,No,,low,,
EMAIL-087,False,,,No,No,seed TAG Not Responsive,low,,
EMAIL-088,False,,,No,No,seed TAG Not Responsive,low,,
EMAIL-090,False,,,No,No,seed TAG Not Responsive,low,,
EMAIL-1035,True,,privilege/work-product;preservation/production,Yes,Yes,ACP: counsel participant + no vitiating third party + legal-advice purpose | WP: post-2/24-review-channel investigation material,low,check attachment separately (family independence),
EMAIL-1055,False,,privilege/work-product;preservation/production,Yes,No,ACP: counsel participant + no vitiating third party + legal-advice purpose,low,check attachment separately (family independence),
EMAIL-1070,False,,privilege/work-product;preservation/production,No,No,,low,,
EMAIL-1076,True,RFP-4,broker authority;privilege/work-product;preservation/production,Yes,Yes,ACP: counsel participant + no vitiating third party + legal-advice purpose | WP: post-2/24-review-channel investigation material,low,check attachment separately (family independence),
EMAIL-1090,False,,privilege/work-product;preservation/production,Yes,No,ACP: counsel participant + no vitiating third party + legal-advice purpose,low,check attachment separately (family independence),
EMAIL-1104,False,,privilege/work-product;preservation/production,Yes,No,ACP: counsel participant + no vitiating third party + legal-advice purpose,low,check attachment separately (family independence),
EMAIL-1121,False,,privilege/work-product;preservation/production,Yes,No,ACP: counsel participant + no vitiating third party + legal-advice purpose,low,check attachment separately (family independence),
EMAIL-1137,False,,privilege/work-product;preservation/production,Yes,Yes,ACP: counsel participant + no vitiating third party + legal-advice purpose | WP: post-2/24-review-channel investigation material,low,check attachment separately (family independence),
EMAIL-1139,False,,privilege/work-product;preservation/production,Yes,Yes,ACP: counsel participant + no vitiating third party + legal-advice purpose | WP: post-2/24-review-channel investigation material,low,check attachment separately (family independence),
EMAIL-1143,True,RFP-1;RFP-4,parcel eligibility;privilege/work-product;preservation/production,Yes,No,ACP: counsel participant + no vitiating third party + legal-advice purpose,low,check attachment separately (family independence),
EMAIL-1207,False,,parcel eligibility,No,No,,low,,
EMAIL-1215,False,,parcel eligibility,No,No,,low,,
EMAIL-1249,False,,privilege/work-product;preservation/production,No,No,,low,,
EMAIL-1278,False,,,No,No,,low,,
EMAIL-1287,False,,sales representations;privilege/work-product;preservation/production,No,No,,low,,
EMAIL-1302,False,,privilege/work-product;preservation/production,No,No,,low,,
EMAIL-1318,False,,privilege/work-product;preservation/production,No,No,,low,,
EMAIL-1353,False,,preservation/production,No,No,,low,,
EMAIL-1371,False,,privilege/work-product;preservation/production,Yes,No,ACP: counsel participant + no vitiating third party + legal-advice purpose,low,check attachment separately (family independence),
EMAIL-224,False,,,No,No,seed TAG Not Responsive,low,,
EMAIL-225,False,,,No,No,seed TAG Not Responsive,low,,
EMAIL-226,False,,,No,No,seed TAG Not Responsive,low,,
EMAIL-227,False,,,No,No,seed TAG Not Responsive,low,,
EMAIL-302,True,RFP-1;RFP-3,parcel eligibility;preservation/production,No,No,,low,,
EMAIL-346,True,RFP-1;RFP-4,parcel eligibility,No,No,,low,,
EMAIL-397,True,RFP-1;RFP-3;RFP-4,parcel eligibility;clearwater sequencing,No,No,,low,,
EMAIL-407,True,RFP-1;RFP-3;RFP-4,parcel eligibility,No,No,,low,,
EMAIL-420,True,RFP-1;RFP-3;RFP-4,parcel eligibility;privilege/work-product;preservation/production,No,No,waiver/third-party present: privilege vitiated,med,confirm whether third party was necessary to legal advice (Kovel/Upjohn); counsel present but purpose administrative — confirm no legal advice,
EMAIL-456,True,RFP-5,accounting,No,No,,low,,
EMAIL-467,True,RFP-2;RFP-5,sales representations;accounting,No,No,,low,,
EMAIL-473,True,RFP-5,privilege/work-product;preservation/production,No,No,,low,,
EMAIL-476,True,RFP-1,parcel eligibility,No,No,,low,,
EMAIL-485,True,RFP-5,privilege/work-product;preservation/production,No,No,,low,,
EMAIL-491,True,RFP-1;RFP-5,parcel eligibility;accounting,No,No,,low,,
EMAIL-509,True,RFP-1;RFP-3;RFP-5,parcel eligibility;accounting;privilege/work-product;preservation/production,No,No,,low,,
EMAIL-542,True,RFP-5,accounting,No,No,,low,,
EMAIL-583,True,RFP-1,parcel eligibility,No,No,,low,,
EMAIL-600,True,RFP-2;RFP-3;RFP-4,parcel eligibility;broker authority;sales representations;preservation/production,No,No,,low,,
EMAIL-606,True,RFP-2;RFP-3;RFP-4,sales representations,No,No,,low,,
EMAIL-633,True,RFP-2;RFP-4,broker authority;sales representations;preservation/production,No,No,,low,,
EMAIL-645,True,RFP-2;RFP-4,sales representations;preservation/production,No,No,,low,,
EMAIL-684,True,RFP-2;RFP-3;RFP-4,broker authority;sales representations,No,No,,low,,
EMAIL-687,True,RFP-2,sales representations;preservation/production,No,No,,low,,
EMAIL-705,True,RFP-2;RFP-3;RFP-5,sales representations;accounting;preservation/production,No,No,,low,,
EMAIL-708,True,RFP-2;RFP-4,sales representations;privilege/work-product;preservation/production,No,No,,low,,
EMAIL-714,True,RFP-2,,No,No,,low,,
EMAIL-718,True,RFP-2,sales representations;privilege/work-product;preservation/production,No,No,,low,,
EMAIL-722,True,RFP-2,privilege/work-product;preservation/production,No,No,,low,,
EMAIL-746,True,RFP-2,privilege/work-product;preservation/production,No,No,,low,,
EMAIL-752,True,RFP-2;RFP-4,broker authority;sales representations;privilege/work-product;preservation/production,No,No,,low,,
EMAIL-754,True,RFP-2;RFP-4,broker authority;sales representations,No,No,,low,,
EMAIL-756,True,RFP-2;RFP-4,broker authority;sales representations,No,No,,low,,
EMAIL-781,True,RFP-2;RFP-4,broker authority;sales representations,No,No,,low,,
EMAIL-789,True,RFP-2;RFP-3;RFP-4,broker authority;sales representations;privilege/work-product;preservation/production,No,No,,low,,
EMAIL-799,True,RFP-2;RFP-4,broker authority;sales representations,No,No,,low,,
EMAIL-812,True,RFP-2;RFP-4,broker authority;sales representations,No,No,,low,,
EMAIL-815,True,RFP-2;RFP-3;RFP-4,broker authority;sales representations,No,No,,low,,
EMAIL-816,True,RFP-2;RFP-4,broker authority;sales representations;privilege/work-product;preservation/production,No,No,,low,,
EMAIL-821,True,RFP-2;RFP-4,broker authority;sales representations,No,No,,low,,
EMAIL-835,True,,privilege/work-product;preservation/production,No,No,,low,,
EMAIL-850,True,RFP-2,sales representations;privilege/work-product;preservation/production,No,No,,low,,
EMAIL-853,True,,privilege/work-product;preservation/production,Yes,Yes,ACP: counsel participant + no vitiating third party + legal-advice purpose | WP: post-2/24-review-channel investigation material,low,check attachment separately (family independence),
EMAIL-890,True,,privilege/work-product;preservation/production,No,No,,low,,
EMAIL-895,True,,privilege/work-product;preservation/production,Yes,Yes,ACP: counsel participant + no vitiating third party + legal-advice purpose | WP: post-2/24-review-channel investigation material,low,check attachment separately (family independence),
EMAIL-904,True,RFP-1;RFP-5,accounting,No,No,,low,,
EMAIL-923,True,RFP-1;RFP-5,accounting;privilege/work-product;preservation/production,No,No,,low,,
EMAIL-939,True,RFP-1;RFP-5,accounting;privilege/work-product;preservation/production,No,No,,low,,
EMAIL-940,True,RFP-5,accounting,No,No,,low,,
EMAIL-963,True,RFP-5,accounting,No,No,,low,,
EMAIL-990,True,RFP-1;RFP-5,accounting,No,No,,low,,
EMAIL-083,False,,,No,No,seed TAG Not Responsive,low,,
EMAIL-084,False,,,No,No,seed TAG Not Responsive,low,,
EMAIL-085,False,,,No,No,seed TAG Not Responsive,low,,
EMAIL-086,False,,,No,No,seed TAG Not Responsive,low,,
EMAIL-1005,True,RFP-1;RFP-5,accounting;privilege/work-product;preservation/production,No,No,,low,,
EMAIL-1077,False,,privilege/work-product;preservation/production,No,Yes,WP: post-2/24-review-channel investigation material,low,check attachment separately (family independence),
EMAIL-1082,False,,privilege/work-product;preservation/production,Yes,Yes,ACP: counsel participant + no vitiating third party + legal-advice purpose | WP: post-2/24-review-channel investigation material,low,check attachment separately (family independence),
EMAIL-1087,False,,parcel eligibility;privilege/work-product;preservation/production,No,Yes,WP: post-2/24-review-channel investigation material,low,check attachment separately (family independence),
EMAIL-1088,False,,privilege/work-product;preservation/production,Yes,No,ACP: counsel participant + no vitiating third party + legal-advice purpose,low,check attachment separately (family independence),
EMAIL-1106,False,,privilege/work-product;preservation/production,Yes,Yes,ACP: counsel participant + no vitiating third party + legal-advice purpose | WP: post-2/24-review-channel investigation material,low,check attachment separately (family independence),
EMAIL-1126,False,,privilege/work-product;preservation/production,No,No,,low,,
EMAIL-1182,False,,parcel eligibility,No,No,,low,,
EMAIL-1193,False,,parcel eligibility,No,No,,low,,
EMAIL-1270,False,,,No,No,,low,,
EMAIL-1337,False,,privilege/work-product;preservation/production,No,No,,low,,
EMAIL-1380,False,,broker authority;privilege/work-product;preservation/production,No,No,,low,,
EMAIL-220,False,,,No,No,seed TAG Not Responsive,low,,
EMAIL-221,False,,,No,No,seed TAG Not Responsive,low,,
EMAIL-222,False,,,No,No,seed TAG Not Responsive,low,,
EMAIL-223,False,,,No,No,seed TAG Not Responsive,low,,
EMAIL-249,False,,,No,No,seed TAG Not Responsive,low,,
EMAIL-287,True,RFP-1;RFP-4,parcel eligibility,No,No,,low,,
EMAIL-303,True,RFP-1;RFP-4,parcel eligibility,No,No,,low,,
EMAIL-347,True,RFP-1;RFP-3;RFP-4,parcel eligibility;privilege/work-product;preservation/production,No,No,,low,,
EMAIL-348,True,RFP-1;RFP-3;RFP-5,parcel eligibility;privilege/work-product;preservation/production,No,No,,low,,
EMAIL-392,True,RFP-1;RFP-3;RFP-4,parcel eligibility;clearwater sequencing,No,No,,low,,
EMAIL-404,True,RFP-1;RFP-4,parcel eligibility,No,No,,low,,
EMAIL-405,True,RFP-1,parcel eligibility;privilege/work-product;preservation/production,No,No,waiver/third-party present: privilege vitiated,med,confirm whether third party was necessary to legal advice (Kovel/Upjohn); counsel present but purpose administrative — confirm no legal advice,
EMAIL-475,True,RFP-1;RFP-5,parcel eligibility;privilege/work-product;preservation/production,No,No,,low,,
EMAIL-499,True,RFP-1;RFP-5,parcel eligibility;privilege/work-product;preservation/production,No,No,,low,,
EMAIL-501,True,RFP-1;RFP-3;RFP-5,parcel eligibility;accounting;privilege/work-product;preservation/production,No,No,,low,,
EMAIL-523,True,RFP-5,,No,No,,low,,
EMAIL-527,True,RFP-1;RFP-3;RFP-5,parcel eligibility;accounting;privilege/work-product;preservation/production,No,No,,low,,
EMAIL-533,True,RFP-5,accounting;privilege/work-product;preservation/production,No,No,,low,,
EMAIL-546,True,RFP-5,accounting,No,No,,low,,
EMAIL-595,True,RFP-1;RFP-2;RFP-3;RFP-5,parcel eligibility;sales representations;accounting;preservation/production,No,No,,low,,
EMAIL-618,True,RFP-2;RFP-4,preservation/production,No,No,,low,,
EMAIL-630,True,RFP-2;RFP-3;RFP-5,sales representations;accounting;preservation/production,No,No,,low,,
EMAIL-660,True,RFP-2;RFP-4,sales representations;preservation/production,No,No,,low,,
EMAIL-761,True,RFP-1;RFP-2;RFP-4,broker authority;sales representations;privilege/work-product;preservation/production,No,No,,low,,
EMAIL-765,True,RFP-2;RFP-4,broker authority;sales representations,No,No,,low,,
EMAIL-778,True,RFP-2;RFP-3;RFP-4,broker authority;sales representations;privilege/work-product;preservation/production,No,No,,low,,
EMAIL-802,True,RFP-2;RFP-4,broker authority;sales representations,No,No,,low,,
EMAIL-808,True,RFP-2;RFP-3;RFP-4,broker authority;sales representations,No,No,,low,,
EMAIL-843,True,RFP-2,sales representations;privilege/work-product;preservation/production,No,No,,low,,
EMAIL-847,True,,privilege/work-product;preservation/production,No,No,,low,,
EMAIL-848,True,,privilege/work-product;preservation/production,No,No,,low,,
EMAIL-881,True,,privilege/work-product;preservation/production,Yes,No,ACP: counsel participant + no vitiating third party + legal-advice purpose,high,"check attachment separately (family independence); bare-forward: evaluate added commentary, if any, on its own",
EMAIL-887,True,RFP-2;RFP-3,sales representations;privilege/work-product;preservation/production,No,No,,low,,
EMAIL-918,True,,privilege/work-product;preservation/production,No,No,,low,,
EMAIL-943,True,RFP-1;RFP-5,accounting;privilege/work-product;preservation/production,No,No,,low,,
EMAIL-971,True,,privilege/work-product;preservation/production,No,No,,low,,
EMAIL-007,True,,,No,No,seed TAG Red Flag,low,,
EMAIL-017,True,,,No,No,seed TAG Red Flag,low,,
EMAIL-082,False,,,No,No,seed TAG Not Responsive,low,,
EMAIL-097,False,,,No,No,seed TAG Not Responsive,low,,
EMAIL-102,False,,,No,No,seed TAG Not Responsive,low,,
EMAIL-1054,False,,privilege/work-product;preservation/production,Yes,Yes,ACP: counsel participant + no vitiating third party + legal-advice purpose | WP: post-2/24-review-channel investigation material,low,check attachment separately (family independence),
EMAIL-1059,False,,privilege/work-product;preservation/production,Yes,No,ACP: counsel participant + no vitiating third party + legal-advice purpose,low,check attachment separately (family independence),
EMAIL-1097,False,,privilege/work-product;preservation/production,Yes,No,ACP: counsel participant + no vitiating third party + legal-advice purpose,low,check attachment separately (family independence),
EMAIL-1114,False,,whistleblower handling;privilege/work-product;preservation/production,No,Yes,WP: post-2/24-review-channel investigation material,low,check attachment separately (family independence),
EMAIL-1152,True,RFP-4,,No,No,waiver/third-party present: privilege vitiated,med,confirm whether third party was necessary to legal advice (Kovel/Upjohn); counsel present but purpose administrative — confirm no legal advice,
EMAIL-1153,False,,parcel eligibility;privilege/work-product;preservation/production,No,No,waiver/third-party present: privilege vitiated,med,confirm whether third party was necessary to legal advice (Kovel/Upjohn); counsel present but purpose administrative — confirm no legal advice,
EMAIL-116,True,,,No,No,seed TAG Routine,low,,
EMAIL-1252,False,,sales representations;privilege/work-product;preservation/production,No,No,,low,,
EMAIL-1256,False,,,No,No,,low,,
EMAIL-1267,False,,broker authority,No,No,,low,,
EMAIL-1328,False,,broker authority,No,No,,low,,
EMAIL-1339,False,,privilege/work-product;preservation/production,Yes,No,ACP: counsel participant + no vitiating third party + legal-advice purpose,low,check attachment separately (family independence),
EMAIL-1378,False,,broker authority,No,No,,low,,
EMAIL-1379,False,,,No,No,,low,,
EMAIL-1423,True,RFP-2;RFP-3;RFP-4,broker authority;sales representations;preservation/production,No,No,,low,,
EMAIL-1429,True,RFP-1;RFP-4,parcel eligibility;broker authority,No,No,,low,,
EMAIL-1434,True,RFP-1;RFP-2;RFP-4,parcel eligibility;broker authority;sales representations;whistleblower handling,No,No,,low,,
EMAIL-1444,True,RFP-1;RFP-2;RFP-3;RFP-4,parcel eligibility;sales representations,No,No,,low,,
EMAIL-174,True,,,No,No,seed TAG Routine,low,,
EMAIL-232,False,,,No,No,seed TAG Not Responsive,low,,
EMAIL-255,True,RFP-1,parcel eligibility;privilege/work-product;preservation/production,No,No,,low,,
EMAIL-267,True,RFP-1;RFP-4,parcel eligibility;privilege/work-product;preservation/production,No,No,,low,,
EMAIL-270,True,RFP-1;RFP-3;RFP-4;RFP-5,parcel eligibility;privilege/work-product;preservation/production,No,No,,low,,
EMAIL-298,True,RFP-1;RFP-4,parcel eligibility,No,No,,low,,
EMAIL-310,True,RFP-1,parcel eligibility,No,No,,low,,
EMAIL-364,True,RFP-1;RFP-4,parcel eligibility,No,No,,low,,
EMAIL-376,True,RFP-1;RFP-4,parcel eligibility,No,No,,low,,
EMAIL-383,True,RFP-1;RFP-4,parcel eligibility,No,No,,low,,
EMAIL-402,True,RFP-1;RFP-3;RFP-4,parcel eligibility,No,No,,low,,
EMAIL-470,True,RFP-1;RFP-5,parcel eligibility;accounting;privilege/work-product;preservation/production,No,No,,low,,
EMAIL-516,True,RFP-1;RFP-5,parcel eligibility;privilege/work-product;preservation/production,No,No,,low,,
EMAIL-541,True,RFP-1;RFP-3;RFP-5,parcel eligibility;accounting;privilege/work-product;preservation/production,No,No,,low,,
EMAIL-562,True,RFP-1;RFP-3;RFP-5,parcel eligibility;accounting,No,No,,low,,
EMAIL-570,True,RFP-1;RFP-5,parcel eligibility;accounting;privilege/work-product;preservation/production,No,No,,low,,
EMAIL-572,True,RFP-5,privilege/work-product;preservation/production,No,No,,low,,
EMAIL-576,True,RFP-1;RFP-5,parcel eligibility;accounting;privilege/work-product;preservation/production,No,No,,low,,
EMAIL-585,True,RFP-1,parcel eligibility;privilege/work-product;preservation/production,No,No,,low,,
EMAIL-596,True,RFP-2;RFP-3;RFP-5,sales representations;accounting;preservation/production,No,No,,low,,
EMAIL-623,True,RFP-1;RFP-2;RFP-3;RFP-5,parcel eligibility;sales representations;accounting;preservation/production,No,No,,low,,
EMAIL-631,True,RFP-2;RFP-3;RFP-4,broker authority;sales representations;privilege/work-product;preservation/production,No,No,,low,,
EMAIL-642,True,RFP-2,sales representations;preservation/production,No,No,,low,,
EMAIL-655,True,RFP-2;RFP-3;RFP-4;RFP-5,sales representations;accounting;preservation/production,No,No,,low,,
EMAIL-712,True,RFP-2,sales representations;privilege/work-product;preservation/production,No,No,,low,,
EMAIL-716,True,RFP-2,privilege/work-product;preservation/production,No,No,,low,,
EMAIL-740,True,RFP-2,privilege/work-product;preservation/production,No,No,,low,,
EMAIL-747,True,RFP-2,sales representations;privilege/work-product;preservation/production,No,No,,low,,
EMAIL-842,True,RFP-2;RFP-3,sales representations;privilege/work-product;preservation/production,Yes,No,ACP: counsel participant + no vitiating third party + legal-advice purpose,low,check attachment separately (family independence),
EMAIL-856,True,,privilege/work-product;preservation/production,Yes,Yes,ACP: counsel participant + no vitiating third party + legal-advice purpose | WP: post-2/24-review-channel investigation material,low,check attachment separately (family independence),
EMAIL-891,True,RFP-2;RFP-3,sales representations;privilege/work-product;preservation/production,No,No,waiver/third-party present: privilege vitiated,med,confirm whether third party was necessary to legal advice (Kovel/Upjohn); counsel present but purpose administrative — confirm no legal advice,
EMAIL-905,True,,privilege/work-product;preservation/production,No,No,,low,,
EMAIL-956,True,RFP-1;RFP-5,accounting;privilege/work-product;preservation/production,No,No,,low,,
EMAIL-979,True,,privilege/work-product;preservation/production,No,No,,low,,
EMAIL-993,True,,privilege/work-product;preservation/production,No,No,,low,,
EMAIL-995,True,,privilege/work-product;preservation/production,No,No,,low,,
EMAIL-005,True,,,Yes,No,seed TAG Privileged Legal Advice (bannered),low,check attachment separately (family independence),
EMAIL-012,True,,,Yes,No,seed TAG Privileged Legal Advice (bannered),low,check attachment separately (family independence),
EMAIL-020,True,,,Yes,No,seed TAG Privileged Legal Advice (bannered),low,check attachment separately (family independence),
EMAIL-021,True,,,Yes,No,seed TAG Privileged Legal Advice (bannered),low,check attachment separately (family independence),
EMAIL-023,True,,,No,No,seed TAG Chronology Key Event,low,,
EMAIL-024,True,,,No,No,seed TAG Chronology Key Event,low,,
EMAIL-027,True,,,No,No,seed TAG Key Stakeholder Comms,low,,
EMAIL-034,True,,,Yes,No,seed TAG Privileged Legal Advice (bannered),low,check attachment separately (family independence),
EMAIL-047,True,,,Yes,No,seed TAG Privileged Legal Advice (bannered),low,check attachment separately (family independence),
EMAIL-048,True,,,Yes,No,seed TAG Privileged Legal Advice (bannered),low,check attachment separately (family independence),
EMAIL-049,True,,,Yes,No,seed TAG Privileged Legal Advice (bannered),low,check attachment separately (family independence),
EMAIL-051,True,,,Yes,No,seed TAG Privileged Legal Advice (bannered),low,check attachment separately (family independence),
EMAIL-054,True,,,Yes,No,seed TAG Privileged Legal Advice (bannered),low,check attachment separately (family independence),
EMAIL-056,True,,,No,No,seed TAG Routine,low,,
EMAIL-057,True,,,No,No,seed TAG Routine,low,,
EMAIL-061,True,,,No,No,seed TAG Routine,low,,
EMAIL-062,True,,,No,No,seed TAG Routine,low,,
EMAIL-065,True,,,Yes,No,seed TAG Privileged Legal Advice (bannered),low,check attachment separately (family independence),
EMAIL-075,True,,,Yes,No,seed TAG Privileged Legal Advice (bannered),low,check attachment separately (family independence),
EMAIL-1000,True,RFP-1;RFP-5,accounting;privilege/work-product;preservation/production,No,No,,low,,
EMAIL-1030,True,RFP-1,parcel eligibility;privilege/work-product;preservation/production,Yes,Yes,ACP: counsel participant + no vitiating third party + legal-advice purpose | WP: post-2/24-review-channel investigation material,low,check attachment separately (family independence),
EMAIL-1031,True,RFP-1,parcel eligibility;privilege/work-product;preservation/production,Yes,Yes,ACP: counsel participant + no vitiating third party + legal-advice purpose | WP: post-2/24-review-channel investigation material,low,check attachment separately (family independence),
EMAIL-1038,True,,privilege/work-product;preservation/production,Yes,Yes,ACP: counsel participant + no vitiating third party + legal-advice purpose | WP: post-2/24-review-channel investigation material,low,check attachment separately (family independence),
EMAIL-1046,True,,privilege/work-product;preservation/production,Yes,No,ACP: counsel participant + no vitiating third party + legal-advice purpose,low,check attachment separately (family independence),
EMAIL-1051,True,RFP-5,accounting;privilege/work-product;preservation/production,No,No,waiver/third-party present: privilege vitiated,med,confirm whether third party was necessary to legal advice (Kovel/Upjohn); counsel present but purpose administrative — confirm no legal advice,
EMAIL-1052,False,,accounting;privilege/work-product;preservation/production,No,No,waiver/third-party present: privilege vitiated,med,confirm whether third party was necessary to legal advice (Kovel/Upjohn); counsel present but purpose administrative — confirm no legal advice,
EMAIL-1065,True,RFP-5,accounting;privilege/work-product;preservation/production,No,No,waiver/third-party present: privilege vitiated,med,confirm whether third party was necessary to legal advice (Kovel/Upjohn); counsel present but purpose administrative — confirm no legal advice,
EMAIL-1091,False,,privilege/work-product;preservation/production,No,Yes,WP: post-2/24-review-channel investigation material,low,check attachment separately (family independence),
EMAIL-1093,True,,privilege/work-product;preservation/production,No,No,,low,counsel present but purpose administrative — confirm no legal advice,
EMAIL-1125,True,RFP-5,accounting;privilege/work-product;preservation/production,No,No,waiver/third-party present: privilege vitiated,med,confirm whether third party was necessary to legal advice (Kovel/Upjohn); counsel present but purpose administrative — confirm no legal advice,
EMAIL-1135,False,,accounting;privilege/work-product;preservation/production,No,No,waiver/third-party present: privilege vitiated,med,confirm whether third party was necessary to legal advice (Kovel/Upjohn); counsel present but purpose administrative — confirm no legal advice,
EMAIL-1146,True,RFP-1;RFP-4,parcel eligibility,No,No,,low,,
EMAIL-1168,True,RFP-4,,No,No,waiver/third-party present: privilege vitiated,med,confirm whether third party was necessary to legal advice (Kovel/Upjohn); counsel present but purpose administrative — confirm no legal advice,
EMAIL-1175,True,RFP-4,privilege/work-product;preservation/production,No,No,waiver/third-party present: privilege vitiated,med,confirm whether third party was necessary to legal advice (Kovel/Upjohn); counsel present but purpose administrative — confirm no legal advice,
EMAIL-118,True,,,Yes,No,seed TAG Privileged Legal Advice (bannered),low,check attachment separately (family independence),
EMAIL-1199,False,,parcel eligibility,No,No,,low,,
EMAIL-1202,False,,parcel eligibility,No,No,,low,,
EMAIL-1229,False,,parcel eligibility,No,No,,low,,
EMAIL-122,True,,,Yes,No,seed TAG Privileged Legal Advice (bannered),low,check attachment separately (family independence),
EMAIL-123,True,,,No,No,seed TAG Routine,low,,
EMAIL-1254,False,,,No,No,,low,,
EMAIL-1263,False,,sales representations;privilege/work-product;preservation/production,No,No,,low,,
EMAIL-1264,False,,privilege/work-product;preservation/production,No,No,waiver/third-party present: privilege vitiated,med,confirm whether third party was necessary to legal advice (Kovel/Upjohn); counsel present but purpose administrative — confirm no legal advice,
EMAIL-126,False,,,No,No,seed TAG Not Responsive,low,,
EMAIL-1275,False,,privilege/work-product;preservation/production,Yes,No,ACP: counsel participant + no vitiating third party + legal-advice purpose,low,check attachment separately (family independence),
EMAIL-1279,False,,privilege/work-product;preservation/production,Yes,No,ACP: counsel participant + no vitiating third party + legal-advice purpose,low,check attachment separately (family independence),
EMAIL-1283,False,,privilege/work-product;preservation/production,No,No,,low,,
EMAIL-1291,False,,privilege/work-product;preservation/production,No,No,,low,,
EMAIL-1383,False,,privilege/work-product;preservation/production,No,No,,low,,
EMAIL-141,True,,,Yes,No,seed TAG Privileged Legal Advice (bannered),low,check attachment separately (family independence),
EMAIL-145,True,,,No,No,seed TAG Routine,low,,
EMAIL-1464,True,RFP-1,parcel eligibility;privilege/work-product,Yes,No,ACP: counsel participant + no vitiating third party + legal-advice purpose,low,check attachment separately (family independence),
EMAIL-1465,True,RFP-1,parcel eligibility;privilege/work-product;preservation/production,Yes,Yes,ACP: counsel participant + no vitiating third party + legal-advice purpose | WP: post-2/24-review-channel investigation material,low,check attachment separately (family independence),
EMAIL-146,True,,,Yes,No,seed TAG Privileged Legal Advice (bannered),low,check attachment separately (family independence),
EMAIL-1470,True,RFP-1,parcel eligibility;privilege/work-product;preservation/production,Yes,No,ACP: counsel participant + no vitiating third party + legal-advice purpose,low,check attachment separately (family independence),
EMAIL-1473,True,RFP-5,accounting;privilege/work-product;preservation/production,Yes,Yes,ACP: counsel participant + no vitiating third party + legal-advice purpose | WP: post-2/24-review-channel investigation material,low,check attachment separately (family independence),
EMAIL-147,True,,,Yes,No,seed TAG Privileged Legal Advice (bannered),low,check attachment separately (family independence),
EMAIL-151,True,,,No,No,seed TAG Routine,low,,
EMAIL-153,True,,,No,No,seed TAG Routine,low,,
EMAIL-155,True,,,No,No,seed TAG Routine,low,,
EMAIL-156,True,,,No,No,seed TAG Routine,low,,
EMAIL-158,True,,,No,No,seed TAG Routine,low,,
EMAIL-159,True,,,No,No,seed TAG Routine,low,,
EMAIL-160,True,,,No,No,seed TAG Routine,low,,
EMAIL-161,True,,,No,No,seed TAG Routine,low,,
EMAIL-162,True,,,No,No,seed TAG Routine,low,,
EMAIL-163,True,,,No,No,seed TAG Routine,low,,
EMAIL-164,True,,,No,No,seed TAG Routine,low,,
EMAIL-168,True,,,Yes,No,seed TAG Privileged Legal Advice (bannered),low,check attachment separately (family independence),
EMAIL-170,True,,,Yes,No,seed TAG Privileged Legal Advice (bannered),low,check attachment separately (family independence),
EMAIL-172,True,,,Yes,No,seed TAG Privileged Legal Advice (bannered),low,check attachment separately (family independence),
EMAIL-203,True,,,No,No,seed TAG Routine,low,,
EMAIL-208,True,,,No,No,seed TAG Routine,low,,
EMAIL-209,True,,,No,No,seed TAG Routine,low,,
EMAIL-313,True,RFP-1;RFP-4,parcel eligibility,No,No,,low,,
EMAIL-378,True,RFP-1;RFP-4,parcel eligibility,No,No,,low,,
EMAIL-388,True,RFP-1,parcel eligibility,No,No,,low,,
EMAIL-443,True,RFP-1;RFP-3;RFP-4;RFP-5,parcel eligibility;privilege/work-product;preservation/production,Yes,Yes,ACP: counsel participant + no vitiating third party + legal-advice purpose | WP: post-2/24-review-channel investigation material,low,check attachment separately (family independence),
EMAIL-449,True,RFP-1;RFP-3;RFP-4,parcel eligibility;clearwater sequencing,No,No,,low,,
EMAIL-450,True,RFP-1,parcel eligibility;privilege/work-product;preservation/production,Yes,Yes,ACP: counsel participant + no vitiating third party + legal-advice purpose | WP: post-2/24-review-channel investigation material,low,check attachment separately (family independence),
EMAIL-468,True,RFP-5,accounting,No,No,,low,,
EMAIL-486,True,RFP-1,parcel eligibility;privilege/work-product;preservation/production,No,No,,low,,
EMAIL-512,True,RFP-1;RFP-5,parcel eligibility,No,No,,low,,
EMAIL-534,True,RFP-2;RFP-5,sales representations;accounting;privilege/work-product;preservation/production,No,No,,low,,
EMAIL-550,True,RFP-5,privilege/work-product;preservation/production,No,No,,low,,
EMAIL-568,True,RFP-5,accounting,No,No,,low,,
EMAIL-594,True,RFP-2;RFP-3;RFP-4,broker authority;sales representations,No,No,,low,,
EMAIL-608,True,RFP-2;RFP-3;RFP-4,sales representations;preservation/production,No,No,,low,,
EMAIL-634,True,RFP-2;RFP-3;RFP-4,broker authority;sales representations;preservation/production,No,No,,low,,
EMAIL-650,True,RFP-2;RFP-4,sales representations;preservation/production,No,No,,low,,
EMAIL-677,True,RFP-2;RFP-4,preservation/production,No,No,,low,,
EMAIL-717,True,RFP-2,sales representations;privilege/work-product;preservation/production,No,No,,low,,
EMAIL-728,True,RFP-2,,No,No,,low,,
EMAIL-732,True,RFP-2,sales representations;privilege/work-product;preservation/production,No,No,,low,,
EMAIL-753,True,RFP-2;RFP-4,broker authority;sales representations;privilege/work-product;preservation/production,No,No,,low,,
EMAIL-762,True,RFP-1;RFP-2;RFP-4,broker authority;sales representations;preservation/production,No,No,,low,,
EMAIL-832,True,,privilege/work-product;preservation/production,Yes,Yes,ACP: counsel participant + no vitiating third party + legal-advice purpose | WP: post-2/24-review-channel investigation material,low,check attachment separately (family independence),
EMAIL-849,True,,privilege/work-product;preservation/production,No,No,,low,,
EMAIL-864,True,,privilege/work-product;preservation/production,Yes,No,ACP: counsel participant + no vitiating third party + legal-advice purpose,low,check attachment separately (family independence),
EMAIL-900,True,,privilege/work-product;preservation/production,Yes,No,ACP: counsel participant + no vitiating third party + legal-advice purpose,low,check attachment separately (family independence),
EMAIL-917,True,RFP-1;RFP-5,accounting,No,No,,low,,
EMAIL-921,True,,,No,No,,low,,
EMAIL-936,True,,privilege/work-product;preservation/production,No,No,,low,,
EMAIL-967,True,RFP-5,accounting,No,No,,low,,
EMAIL-972,True,,privilege/work-product;preservation/production,No,No,,low,,
EMAIL-973,True,RFP-5,accounting;privilege/work-product;preservation/production,No,No,,low,,
EMAIL-1003,True,,,No,No,,low,,
EMAIL-1007,True,,privilege/work-product;preservation/production,No,No,,low,,
EMAIL-1027,False,,whistleblower handling;privilege/work-product;preservation/production,Yes,Yes,ACP: counsel participant + no vitiating third party + legal-advice purpose | WP: post-2/24-review-channel investigation material,low,check attachment separately (family independence),
EMAIL-1067,False,,privilege/work-product;preservation/production,Yes,No,ACP: counsel participant + no vitiating third party + legal-advice purpose,low,check attachment separately (family independence),
EMAIL-1083,False,,privilege/work-product;preservation/production,Yes,No,ACP: counsel participant + no vitiating third party + legal-advice purpose,low,check attachment separately (family independence),
EMAIL-1112,False,,privilege/work-product;preservation/production,Yes,No,ACP: counsel participant + no vitiating third party + legal-advice purpose,low,check attachment separately (family independence),
EMAIL-1116,False,,privilege/work-product;preservation/production,Yes,No,ACP: counsel participant + no vitiating third party + legal-advice purpose,low,check attachment separately (family independence),
EMAIL-1145,True,,privilege/work-product;preservation/production,Yes,No,ACP: counsel participant + no vitiating third party + legal-advice purpose,low,check attachment separately (family independence),
EMAIL-1162,False,,preservation/production,No,No,waiver/third-party present: privilege vitiated,med,confirm whether third party was necessary to legal advice (Kovel/Upjohn); counsel present but purpose administrative — confirm no legal advice,
EMAIL-1206,False,,parcel eligibility,No,No,,low,,
EMAIL-1242,False,,parcel eligibility,No,No,,low,,
EMAIL-1248,False,,broker authority,No,No,,low,,
EMAIL-1309,False,,,No,No,,low,,
EMAIL-282,True,RFP-1,parcel eligibility;privilege/work-product;preservation/production,No,No,,low,,
EMAIL-285,True,RFP-1;RFP-4,parcel eligibility,No,No,,low,,
EMAIL-318,True,RFP-1;RFP-4,parcel eligibility,No,No,,low,,
EMAIL-330,True,RFP-1,parcel eligibility,No,No,,low,,
EMAIL-375,True,RFP-1;RFP-4,parcel eligibility;privilege/work-product;preservation/production,No,No,,low,,
EMAIL-393,True,RFP-1,parcel eligibility;privilege/work-product;preservation/production,No,No,waiver/third-party present: privilege vitiated,med,confirm whether third party was necessary to legal advice (Kovel/Upjohn); counsel present but purpose administrative — confirm no legal advice,
EMAIL-424,True,RFP-1;RFP-3,parcel eligibility;privilege/work-product;preservation/production,No,No,waiver/third-party present: privilege vitiated,med,confirm whether third party was necessary to legal advice (Kovel/Upjohn); counsel present but purpose administrative — confirm no legal advice,
EMAIL-433,True,RFP-1;RFP-4;RFP-5,parcel eligibility,No,No,,low,,
EMAIL-440,True,RFP-1;RFP-3;RFP-4,parcel eligibility;clearwater sequencing,No,No,,low,,
EMAIL-463,True,RFP-5,privilege/work-product;preservation/production,No,No,,low,,
EMAIL-472,True,RFP-1;RFP-3;RFP-5,parcel eligibility;accounting;privilege/work-product;preservation/production,No,No,,low,,
EMAIL-591,True,RFP-2;RFP-3;RFP-4;RFP-5,sales representations;accounting;preservation/production,No,No,,low,,
EMAIL-593,True,RFP-2;RFP-3;RFP-4;RFP-5,sales representations;accounting;preservation/production,No,No,,low,,
EMAIL-656,True,RFP-2,sales representations;preservation/production,No,No,,low,,
EMAIL-811,True,RFP-2;RFP-4,broker authority;sales representations;privilege/work-product;preservation/production,No,No,,low,,
EMAIL-852,True,,privilege/work-product;preservation/production,Yes,Yes,ACP: counsel participant + no vitiating third party + legal-advice purpose | WP: post-2/24-review-channel investigation material,low,check attachment separately (family independence),
EMAIL-878,True,,privilege/work-product;preservation/production,Yes,Yes,ACP: counsel participant + no vitiating third party + legal-advice purpose | WP: post-2/24-review-channel investigation material,low,check attachment separately (family independence),
EMAIL-879,True,RFP-2;RFP-3,sales representations;privilege/work-product;preservation/production,Yes,Yes,ACP: counsel participant + no vitiating third party + legal-advice purpose | WP: post-2/24-review-channel investigation material,low,check attachment separately (family independence),
EMAIL-889,True,,privilege/work-product;preservation/production,No,No,,low,,
EMAIL-974,True,,privilege/work-product;preservation/production,No,No,,low,,
EMAIL-986,True,RFP-1;RFP-2;RFP-5,parcel eligibility;sales representations;accounting;privilege/work-product;preservation/production,No,No,,low,,
EMAIL-1013,False,,whistleblower handling;privilege/work-product;preservation/production,Yes,Yes,ACP: counsel participant + no vitiating third party + legal-advice purpose | WP: post-2/24-review-channel investigation material,low,check attachment separately (family independence),
EMAIL-1032,False,,parcel eligibility;whistleblower handling;privilege/work-product;preservation/production,Yes,Yes,ACP: counsel participant + no vitiating third party + legal-advice purpose | WP: post-2/24-review-channel investigation material,low,check attachment separately (family independence),
EMAIL-1110,False,,privilege/work-product;preservation/production,Yes,Yes,ACP: counsel participant + no vitiating third party + legal-advice purpose | WP: post-2/24-review-channel investigation material,low,check attachment separately (family independence),
EMAIL-1115,False,,privilege/work-product;preservation/production,No,Yes,WP: post-2/24-review-channel investigation material,low,check attachment separately (family independence),
EMAIL-1123,False,,privilege/work-product;preservation/production,Yes,Yes,ACP: counsel participant + no vitiating third party + legal-advice purpose | WP: post-2/24-review-channel investigation material,low,check attachment separately (family independence),
EMAIL-1129,False,,privilege/work-product;preservation/production,Yes,Yes,ACP: counsel participant + no vitiating third party + legal-advice purpose | WP: post-2/24-review-channel investigation material,low,check attachment separately (family independence),
EMAIL-1136,False,,privilege/work-product;preservation/production,No,No,,low,,
EMAIL-1184,False,,parcel eligibility,No,No,,low,,
EMAIL-1245,False,,parcel eligibility,No,No,,low,,
EMAIL-1289,False,,,No,No,,low,,
EMAIL-1297,False,,broker authority,No,No,,low,,
EMAIL-1330,False,,preservation/production,No,No,,low,,
EMAIL-1345,False,,,No,No,waiver/third-party present: privilege vitiated,med,confirm whether third party was necessary to legal advice (Kovel/Upjohn); counsel present but purpose administrative — confirm no legal advice,
EMAIL-1361,False,,preservation/production,No,No,,low,,
EMAIL-344,True,RFP-1;RFP-4,parcel eligibility,No,No,,low,,
EMAIL-362,True,RFP-1,parcel eligibility;privilege/work-product;preservation/production,No,No,,low,,
EMAIL-428,True,RFP-1;RFP-4,parcel eligibility,No,No,waiver/third-party present: privilege vitiated,med,confirm whether third party was necessary to legal advice (Kovel/Upjohn); counsel present but purpose administrative — confirm no legal advice,
EMAIL-518,True,RFP-1;RFP-5,parcel eligibility;privilege/work-product;preservation/production,No,No,,low,,
EMAIL-539,True,RFP-5,accounting,No,No,,low,,
EMAIL-557,True,RFP-1;RFP-5,parcel eligibility;privilege/work-product;preservation/production,No,No,,low,,
EMAIL-578,True,RFP-5,accounting,No,No,,low,,
EMAIL-597,True,RFP-2,sales representations;preservation/production,No,No,,low,,
EMAIL-605,True,RFP-2;RFP-4,preservation/production,No,No,,low,,
EMAIL-613,True,RFP-2,sales representations;preservation/production,No,No,,low,,
EMAIL-621,True,RFP-2;RFP-3;RFP-4;RFP-5,sales representations;accounting;preservation/production,No,No,,low,,
EMAIL-643,True,RFP-1;RFP-2;RFP-3;RFP-5,parcel eligibility;sales representations;accounting;preservation/production,No,No,,low,,
EMAIL-649,True,RFP-2;RFP-4,preservation/production,No,No,,low,,
EMAIL-665,True,RFP-2;RFP-3;RFP-4;RFP-5,broker authority;sales representations;accounting;preservation/production,No,No,,low,,
EMAIL-743,True,RFP-2,sales representations;privilege/work-product;preservation/production,No,No,,low,,
EMAIL-773,True,RFP-2;RFP-4,broker authority;sales representations,No,No,,low,,
EMAIL-784,True,RFP-2;RFP-4,broker authority;sales representations,No,No,,low,,
EMAIL-803,True,RFP-2;RFP-4,broker authority;sales representations,No,No,,low,,
EMAIL-836,True,,privilege/work-product;preservation/production,No,No,,low,,
EMAIL-867,True,,privilege/work-product;preservation/production,No,No,waiver/third-party present: privilege vitiated,med,confirm whether third party was necessary to legal advice (Kovel/Upjohn); counsel present but purpose administrative — confirm no legal advice,
EMAIL-871,True,,privilege/work-product;preservation/production,Yes,Yes,ACP: counsel participant + no vitiating third party + legal-advice purpose | WP: post-2/24-review-channel investigation material,low,check attachment separately (family independence),
EMAIL-902,True,RFP-5,accounting,No,No,,low,,
EMAIL-915,True,RFP-1;RFP-5,accounting;privilege/work-product;preservation/production,No,No,,low,,
EMAIL-988,True,,preservation/production,No,No,,low,,
EMAIL-996,True,,privilege/work-product;preservation/production,No,No,,low,,
EMAIL-1015,True,RFP-1,parcel eligibility;privilege/work-product;preservation/production,Yes,Yes,ACP: counsel participant + no vitiating third party + legal-advice purpose | WP: post-2/24-review-channel investigation material,low,check attachment separately (family independence),
EMAIL-1041,True,RFP-1,parcel eligibility;privilege/work-product;preservation/production,Yes,Yes,ACP: counsel participant + no vitiating third party + legal-advice purpose | WP: post-2/24-review-channel investigation material,low,check attachment separately (family independence),
EMAIL-1043,True,RFP-1,parcel eligibility;privilege/work-product;preservation/production,Yes,Yes,ACP: counsel participant + no vitiating third party + legal-advice purpose | WP: post-2/24-review-channel investigation material,low,check attachment separately (family independence),
EMAIL-1108,False,,parcel eligibility;privilege/work-product;preservation/production,Yes,No,ACP: counsel participant + no vitiating third party + legal-advice purpose,low,check attachment separately (family independence),
EMAIL-1111,False,,privilege/work-product;preservation/production,No,No,waiver/third-party present: privilege vitiated,med,confirm whether third party was necessary to legal advice (Kovel/Upjohn); counsel present but purpose administrative — confirm no legal advice,
EMAIL-1117,True,RFP-4,broker authority;privilege/work-product;preservation/production,Yes,Yes,ACP: counsel participant + no vitiating third party + legal-advice purpose | WP: post-2/24-review-channel investigation material,low,check attachment separately (family independence),
EMAIL-1186,False,,parcel eligibility,No,No,,low,,
EMAIL-1201,False,,parcel eligibility,No,No,,low,,
EMAIL-1211,False,,parcel eligibility,No,No,,low,,
EMAIL-1286,False,,privilege/work-product;preservation/production,No,No,,low,,
EMAIL-1288,False,,,No,No,,low,,
EMAIL-1316,False,,,No,No,,low,,
EMAIL-1320,False,,broker authority,No,No,,low,,
EMAIL-1351,False,,privilege/work-product;preservation/production,No,No,,low,,
EMAIL-1355,False,,,No,No,,low,,
EMAIL-1375,False,,,No,No,,low,,
EMAIL-1399,False,,,No,No,,low,,
EMAIL-1467,True,RFP-1,parcel eligibility;privilege/work-product,Yes,Yes,ACP: counsel participant + no vitiating third party + legal-advice purpose | WP: post-2/24-review-channel investigation material,low,check attachment separately (family independence),
EMAIL-259,True,RFP-1;RFP-4,parcel eligibility,No,No,,low,,
EMAIL-265,True,RFP-1;RFP-3;RFP-4,parcel eligibility;preservation/production,No,No,,low,,
EMAIL-286,True,RFP-1,parcel eligibility;privilege/work-product;preservation/production,No,No,,low,,
EMAIL-294,True,RFP-1;RFP-4;RFP-5,parcel eligibility,No,No,,low,,
EMAIL-296,True,RFP-1,parcel eligibility;privilege/work-product;preservation/production,No,No,,low,,
EMAIL-320,True,RFP-1,parcel eligibility,No,No,,low,,
EMAIL-326,True,RFP-1,parcel eligibility;privilege/work-product;preservation/production,No,No,,low,,
EMAIL-359,True,RFP-1;RFP-4,parcel eligibility,No,No,,low,,
EMAIL-379,True,RFP-1;RFP-4,parcel eligibility,No,No,,low,,
EMAIL-394,True,RFP-1;RFP-4;RFP-5,parcel eligibility,No,No,,low,,
EMAIL-409,True,RFP-1;RFP-3;RFP-4,parcel eligibility;clearwater sequencing,No,No,,low,,
EMAIL-430,True,RFP-1;RFP-3;RFP-4,parcel eligibility;clearwater sequencing,No,No,,low,,
EMAIL-477,True,RFP-5,accounting;privilege/work-product;preservation/production,No,No,,low,,
EMAIL-488,True,RFP-1;RFP-5,parcel eligibility;privilege/work-product;preservation/production,No,No,,low,,
EMAIL-575,True,RFP-1;RFP-5,parcel eligibility;accounting;privilege/work-product;preservation/production,No,No,,low,,
EMAIL-588,True,RFP-5,accounting,No,No,,low,,
EMAIL-610,True,RFP-2,sales representations;preservation/production,No,No,,low,,
EMAIL-638,True,RFP-2;RFP-3,sales representations,No,No,,low,,
EMAIL-675,True,RFP-2;RFP-4,broker authority;preservation/production,No,No,,low,,
EMAIL-707,True,RFP-2;RFP-3;RFP-4,broker authority;sales representations;preservation/production,No,No,,low,,
EMAIL-838,True,,privilege/work-product;preservation/production,No,No,,low,,
EMAIL-892,True,,privilege/work-product;preservation/production,No,No,,high,"bare-forward: evaluate added commentary, if any, on its own",
EMAIL-909,True,RFP-5,accounting,No,No,,low,,
EMAIL-992,True,RFP-5,accounting,No,No,,low,,
EMAIL-994,True,RFP-5,accounting,No,No,,low,,
EMAIL-037,True,,,No,No,seed TAG Knowledge/Scienter,low,,
EMAIL-1049,False,,whistleblower handling;privilege/work-product;preservation/production,Yes,Yes,ACP: counsel participant + no vitiating third party + legal-advice purpose | WP: post-2/24-review-channel investigation material,low,check attachment separately (family independence),
EMAIL-1062,False,,parcel eligibility;privilege/work-product;preservation/production,Yes,No,ACP: counsel participant + no vitiating third party + legal-advice purpose,low,check attachment separately (family independence),
EMAIL-1069,False,,privilege/work-product;preservation/production,Yes,Yes,ACP: counsel participant + no vitiating third party + legal-advice purpose | WP: post-2/24-review-channel investigation material,low,check attachment separately (family independence),
EMAIL-1107,False,,privilege/work-product;preservation/production,No,No,,low,,
EMAIL-1148,True,RFP-4,parcel eligibility;privilege/work-product;preservation/production,No,No,,low,,
EMAIL-1166,True,RFP-4,,No,No,waiver/third-party present: privilege vitiated,med,confirm whether third party was necessary to legal advice (Kovel/Upjohn); counsel present but purpose administrative — confirm no legal advice,
EMAIL-1194,False,,parcel eligibility,No,No,,low,,
EMAIL-1198,False,,parcel eligibility,No,No,,low,,
EMAIL-1214,False,,parcel eligibility,No,No,,low,,
EMAIL-1244,False,,parcel eligibility,No,No,,low,,
EMAIL-1250,False,,privilege/work-product;preservation/production,No,No,,low,,
EMAIL-1262,False,,broker authority,No,No,,low,,
EMAIL-1272,False,,preservation/production,No,No,,low,,
EMAIL-1311,False,,privilege/work-product;preservation/production,No,No,,low,,
EMAIL-1315,False,,broker authority,No,No,,low,,
EMAIL-1348,False,,preservation/production,No,No,,low,,
EMAIL-1360,False,,broker authority;privilege/work-product;preservation/production,No,No,,low,,
EMAIL-1369,False,,,No,No,,low,,
EMAIL-1402,True,RFP-1;RFP-4,parcel eligibility,No,No,,low,,
EMAIL-1407,True,RFP-1;RFP-2;RFP-3;RFP-4,parcel eligibility,No,No,,low,,
EMAIL-176,True,,,No,No,seed TAG Routine,low,,
EMAIL-197,True,,,No,No,seed TAG Routine,low,,
EMAIL-198,True,,,No,No,seed TAG Routine,low,,
EMAIL-233,False,,,No,No,seed TAG Not Responsive,low,,
EMAIL-256,True,RFP-1;RFP-4,parcel eligibility,No,No,,low,,
EMAIL-269,True,RFP-1;RFP-3;RFP-5,parcel eligibility,No,No,,low,,
EMAIL-329,True,RFP-1;RFP-4,parcel eligibility,No,No,,low,,
EMAIL-340,True,RFP-1,parcel eligibility,No,No,,low,,
EMAIL-358,True,RFP-1;RFP-4;RFP-5,parcel eligibility,No,No,,low,,
EMAIL-369,True,RFP-1;RFP-4,parcel eligibility,No,No,,low,,
EMAIL-371,True,RFP-1;RFP-4,parcel eligibility,No,No,,low,,
EMAIL-412,True,RFP-1;RFP-3;RFP-4,parcel eligibility;clearwater sequencing,No,No,,low,,
EMAIL-421,True,RFP-1;RFP-3;RFP-4,parcel eligibility,No,No,,low,,
EMAIL-436,True,RFP-1;RFP-3;RFP-4,parcel eligibility;clearwater sequencing;privilege/work-product;preservation/production,Yes,Yes,ACP: counsel participant + no vitiating third party + legal-advice purpose | WP: post-2/24-review-channel investigation material,low,check attachment separately (family independence),
EMAIL-462,True,RFP-1;RFP-5,parcel eligibility;accounting,No,No,,low,,
EMAIL-510,True,RFP-1,parcel eligibility,No,No,,low,,
EMAIL-514,True,RFP-2;RFP-5,sales representations;accounting,No,No,,low,,
EMAIL-543,True,RFP-1;RFP-3;RFP-5,parcel eligibility;accounting;privilege/work-product;preservation/production,No,No,,low,,
EMAIL-552,True,RFP-5,accounting,No,No,,low,,
EMAIL-560,True,RFP-1;RFP-5,parcel eligibility;privilege/work-product;preservation/production,No,No,,low,,
EMAIL-598,True,RFP-2;RFP-3;RFP-5,sales representations;accounting;preservation/production,No,No,,low,,
EMAIL-619,True,RFP-2;RFP-3,sales representations;preservation/production,No,No,,low,,
EMAIL-653,True,RFP-1;RFP-2;RFP-3;RFP-4;RFP-5,parcel eligibility;sales representations;accounting;preservation/production,No,No,,low,,
EMAIL-703,True,RFP-2;RFP-4,sales representations;preservation/production,No,No,,low,,
EMAIL-822,True,RFP-1;RFP-2;RFP-3;RFP-4,parcel eligibility;broker authority;sales representations,No,No,,low,,
EMAIL-834,True,,privilege/work-product;preservation/production,No,No,,low,,
EMAIL-840,True,,privilege/work-product;preservation/production,No,No,,low,,
EMAIL-860,True,RFP-2;RFP-3,sales representations;privilege/work-product;preservation/production,Yes,No,ACP: counsel participant + no vitiating third party + legal-advice purpose,low,check attachment separately (family independence),
EMAIL-896,True,,privilege/work-product;preservation/production,No,No,,high,"bare-forward: evaluate added commentary, if any, on its own",
EMAIL-920,True,,privilege/work-product;preservation/production,No,No,,low,,
EMAIL-935,True,RFP-1;RFP-5,parcel eligibility;accounting;privilege/work-product;preservation/production,No,No,,low,,
EMAIL-001,True,,,No,No,seed TAG Routine,low,,
EMAIL-006,True,,,No,No,seed TAG Red Flag,low,,
EMAIL-011,True,,,No,No,seed TAG Due Diligence Failure,low,,
EMAIL-016,True,,,No,No,seed TAG Due Diligence Failure,low,,
EMAIL-018,True,,,No,No,seed TAG Due Diligence Failure,low,,
EMAIL-025,True,,,No,No,seed TAG Routine,low,,
EMAIL-033,True,,,No,No,seed TAG Routine,low,,
EMAIL-069,True,,,No,No,seed TAG Routine,low,,
EMAIL-073,False,,,No,No,seed TAG Not Responsive,low,,
EMAIL-078,False,,,No,No,seed TAG Not Responsive,low,,
EMAIL-096,False,,,No,No,seed TAG Not Responsive,low,,
EMAIL-099,False,,,No,No,seed TAG Not Responsive,low,,
EMAIL-1002,True,RFP-5,accounting;privilege/work-product;preservation/production,No,No,,low,,
EMAIL-1022,False,,privilege/work-product;preservation/production,Yes,Yes,ACP: counsel participant + no vitiating third party + legal-advice purpose | WP: post-2/24-review-channel investigation material,low,check attachment separately (family independence),
EMAIL-1050,False,,parcel eligibility;privilege/work-product;preservation/production,Yes,Yes,ACP: counsel participant + no vitiating third party + legal-advice purpose | WP: post-2/24-review-channel investigation material,low,check attachment separately (family independence),
EMAIL-1053,False,,privilege/work-product;preservation/production,Yes,Yes,ACP: counsel participant + no vitiating third party + legal-advice purpose | WP: post-2/24-review-channel investigation material,low,check attachment separately (family independence),
EMAIL-1058,False,,privilege/work-product;preservation/production,Yes,Yes,ACP: counsel participant + no vitiating third party + legal-advice purpose | WP: post-2/24-review-channel investigation material,low,check attachment separately (family independence),
EMAIL-1068,False,,privilege/work-product;preservation/production,Yes,No,ACP: counsel participant + no vitiating third party + legal-advice purpose,low,check attachment separately (family independence),
EMAIL-106,False,,,No,No,seed TAG Not Responsive,low,,
EMAIL-1141,True,RFP-4,privilege/work-product;preservation/production,No,No,waiver/third-party present: privilege vitiated,med,confirm whether third party was necessary to legal advice (Kovel/Upjohn); counsel present but purpose administrative — confirm no legal advice,
EMAIL-114,True,,,No,No,seed TAG Routine,low,,
EMAIL-1170,True,,privilege/work-product;preservation/production,No,No,waiver/third-party present: privilege vitiated,med,confirm whether third party was necessary to legal advice (Kovel/Upjohn); counsel present but purpose administrative — confirm no legal advice,
EMAIL-1173,True,,privilege/work-product;preservation/production,No,No,,low,,
EMAIL-1221,False,,parcel eligibility,No,No,,low,,
EMAIL-1232,False,,parcel eligibility,No,No,,low,,
EMAIL-1243,False,,parcel eligibility,No,No,,low,,
EMAIL-1246,False,,privilege/work-product;preservation/production,No,No,,low,,
EMAIL-1281,False,,privilege/work-product;preservation/production,No,No,,low,,
EMAIL-1282,False,,privilege/work-product;preservation/production,No,No,,low,,
EMAIL-1284,False,,,No,No,,low,,
EMAIL-1307,False,,broker authority,No,No,,low,,
EMAIL-1359,False,,,No,No,,low,,
EMAIL-1393,False,,,No,No,,low,,
EMAIL-1395,False,,,No,No,,low,,
EMAIL-1404,True,RFP-1;RFP-2;RFP-3;RFP-4,parcel eligibility,No,No,,low,,
EMAIL-1406,True,RFP-1;RFP-3;RFP-4,parcel eligibility,No,No,,low,,
EMAIL-1422,True,RFP-2;RFP-3;RFP-4,broker authority;sales representations;preservation/production,No,No,,low,,
EMAIL-1424,True,RFP-1;RFP-2;RFP-3;RFP-4,parcel eligibility;broker authority;sales representations;preservation/production,No,No,,low,,
EMAIL-1428,True,RFP-2;RFP-3;RFP-4,parcel eligibility;broker authority;sales representations;whistleblower handling,No,No,,low,,
EMAIL-1432,True,RFP-2;RFP-3;RFP-4,parcel eligibility;broker authority;sales representations;whistleblower handling,No,No,,low,,
EMAIL-1441,True,RFP-1;RFP-2;RFP-4;RFP-5,parcel eligibility;sales representations,No,No,,low,,
EMAIL-1443,True,RFP-1;RFP-2;RFP-3;RFP-4,parcel eligibility;sales representations,No,No,,low,,
EMAIL-1445,True,RFP-1;RFP-2;RFP-3;RFP-4,parcel eligibility;sales representations;preservation/production,No,No,,low,,
EMAIL-1451,True,RFP-1;RFP-4,parcel eligibility,No,No,,low,,
EMAIL-150,True,,,No,No,seed TAG Routine,low,,
EMAIL-173,True,,,No,No,seed TAG Routine,low,,
EMAIL-183,True,,,No,No,seed TAG Routine,low,,
EMAIL-191,True,,,No,No,seed TAG Knowledge/Scienter,low,,
EMAIL-192,True,,,No,No,seed TAG Due Diligence Failure,low,,
EMAIL-213,False,,,No,No,seed TAG Not Responsive,low,,
EMAIL-241,False,,,No,No,seed TAG Not Responsive,low,,
EMAIL-244,False,,,No,No,seed TAG Not Responsive,low,,
EMAIL-275,True,RFP-1;RFP-4,parcel eligibility,No,No,,low,,
EMAIL-276,True,RFP-1,parcel eligibility,No,No,,low,,
EMAIL-292,True,RFP-1;RFP-4,parcel eligibility,No,No,,low,,
EMAIL-307,True,RFP-1;RFP-4;RFP-5,parcel eligibility,No,No,,low,,
EMAIL-325,True,RFP-1,parcel eligibility;privilege/work-product;preservation/production,No,No,,low,,
EMAIL-368,True,RFP-1;RFP-4,parcel eligibility,No,No,,low,,
EMAIL-389,True,RFP-1;RFP-4,parcel eligibility,No,No,,low,,
EMAIL-398,True,RFP-1,parcel eligibility;privilege/work-product;preservation/production,No,No,waiver/third-party present: privilege vitiated,med,confirm whether third party was necessary to legal advice (Kovel/Upjohn); counsel present but purpose administrative — confirm no legal advice,
EMAIL-417,True,RFP-1;RFP-3;RFP-4,parcel eligibility;clearwater sequencing,No,No,,low,,
EMAIL-435,True,RFP-1;RFP-3;RFP-4,parcel eligibility,No,No,,low,,
EMAIL-461,True,RFP-5,privilege/work-product;preservation/production,No,No,,low,,
EMAIL-466,True,RFP-1;RFP-3;RFP-5,parcel eligibility;accounting,No,No,,low,,
EMAIL-479,True,RFP-1;RFP-5,parcel eligibility;privilege/work-product;preservation/production,No,No,,low,,
EMAIL-480,True,RFP-5,privilege/work-product;preservation/production,No,No,,low,,
EMAIL-526,True,RFP-1;RFP-5,accounting,No,No,,low,,
EMAIL-535,True,RFP-5,accounting,No,No,,low,,
EMAIL-573,True,RFP-1;RFP-3;RFP-5,parcel eligibility;accounting,No,No,,low,,
EMAIL-577,True,RFP-5,accounting,No,No,,low,,
EMAIL-581,True,RFP-1;RFP-3;RFP-5,parcel eligibility;accounting,No,No,,low,,
EMAIL-602,True,RFP-2;RFP-3;RFP-4,parcel eligibility;broker authority;sales representations,No,No,,low,,
EMAIL-614,True,RFP-2;RFP-4,preservation/production,No,No,,low,,
EMAIL-616,True,RFP-2;RFP-3;RFP-4,sales representations,No,No,,low,,
EMAIL-692,True,RFP-2,sales representations;preservation/production,No,No,,low,,
EMAIL-697,True,RFP-2;RFP-3,sales representations;privilege/work-product;preservation/production,No,No,,low,,
EMAIL-700,True,RFP-2;RFP-3;RFP-4;RFP-5,broker authority;sales representations;accounting;preservation/production,No,No,,low,,
EMAIL-720,True,RFP-2,sales representations;privilege/work-product;preservation/production,No,No,,low,,
EMAIL-726,True,RFP-2,sales representations;privilege/work-product;preservation/production,No,No,,low,,
EMAIL-769,True,RFP-2;RFP-4,broker authority;sales representations,No,No,,low,,
EMAIL-800,True,RFP-2;RFP-4,broker authority;sales representations,No,No,,low,,
EMAIL-859,True,,privilege/work-product;preservation/production,No,No,,low,,
EMAIL-877,True,RFP-2;RFP-3,sales representations;privilege/work-product;preservation/production,No,No,,low,,
EMAIL-975,True,,privilege/work-product;preservation/production,No,No,,low,,
EMAIL-991,True,,privilege/work-product;preservation/production,No,No,,low,,
EMAIL-014,True,,,No,No,seed TAG Due Diligence Failure,low,,
EMAIL-026,True,,,No,No,seed TAG Key Stakeholder Comms,low,,
EMAIL-032,True,,,No,No,seed TAG Key Stakeholder Comms,low,,
EMAIL-071,True,,,No,No,seed TAG Key Stakeholder Comms,low,,
EMAIL-072,False,,,No,No,seed TAG Not Responsive,low,,
EMAIL-093,False,,,No,No,seed TAG Not Responsive,low,,
EMAIL-1020,False,,parcel eligibility;privilege/work-product;preservation/production,Yes,Yes,ACP: counsel participant + no vitiating third party + legal-advice purpose | WP: post-2/24-review-channel investigation material,low,check attachment separately (family independence),
EMAIL-1023,True,RFP-1,parcel eligibility;privilege/work-product;preservation/production,Yes,Yes,ACP: counsel participant + no vitiating third party + legal-advice purpose | WP: post-2/24-review-channel investigation material,low,check attachment separately (family independence),
EMAIL-1044,False,,whistleblower handling;privilege/work-product;preservation/production,Yes,Yes,ACP: counsel participant + no vitiating third party + legal-advice purpose | WP: post-2/24-review-channel investigation material,low,check attachment separately (family independence),
EMAIL-1048,True,,privilege/work-product;preservation/production,Yes,Yes,ACP: counsel participant + no vitiating third party + legal-advice purpose | WP: post-2/24-review-channel investigation material,low,check attachment separately (family independence),
EMAIL-1060,False,,privilege/work-product;preservation/production,Yes,Yes,ACP: counsel participant + no vitiating third party + legal-advice purpose | WP: post-2/24-review-channel investigation material,low,check attachment separately (family independence),
EMAIL-1099,True,,privilege/work-product;preservation/production,No,No,,low,counsel present but purpose administrative — confirm no legal advice,
EMAIL-1131,False,,privilege/work-product;preservation/production,Yes,Yes,ACP: counsel participant + no vitiating third party + legal-advice purpose | WP: post-2/24-review-channel investigation material,low,check attachment separately (family independence),
EMAIL-1167,True,RFP-2;RFP-4,privilege/work-product;preservation/production,No,No,waiver/third-party present: privilege vitiated,med,confirm whether third party was necessary to legal advice (Kovel/Upjohn); counsel present but purpose administrative — confirm no legal advice,
EMAIL-1179,False,,privilege/work-product;preservation/production,Yes,No,ACP: counsel participant + no vitiating third party + legal-advice purpose,low,check attachment separately (family independence),
EMAIL-1208,False,,parcel eligibility,No,No,,low,,
EMAIL-1222,False,,parcel eligibility,No,No,,low,,
EMAIL-1251,False,,privilege/work-product;preservation/production,No,No,,low,,
EMAIL-1296,False,,,No,No,waiver/third-party present: privilege vitiated,med,confirm whether third party was necessary to legal advice (Kovel/Upjohn); counsel present but purpose administrative — confirm no legal advice,
EMAIL-1304,False,,preservation/production,No,No,,low,,
EMAIL-1326,False,,,No,No,,low,,
EMAIL-1396,False,,broker authority,No,No,,low,,
EMAIL-1446,True,RFP-2,sales representations;privilege/work-product;preservation/production,No,No,,low,,
EMAIL-1461,True,RFP-1;RFP-5,parcel eligibility;privilege/work-product;preservation/production,No,No,,low,,
EMAIL-1463,True,,privilege/work-product;preservation/production,Yes,No,ACP: counsel participant + no vitiating third party + legal-advice purpose,low,check attachment separately (family independence),
EMAIL-1472,True,RFP-5,privilege/work-product;preservation/production,Yes,No,ACP: counsel participant + no vitiating third party + legal-advice purpose,low,check attachment separately (family independence),
EMAIL-187,True,,,No,No,seed TAG Routine,low,,
EMAIL-201,True,,,No,No,seed TAG Key Stakeholder Comms,low,,
EMAIL-202,True,,,No,No,seed TAG Key Stakeholder Comms,low,,
EMAIL-204,True,,,No,No,seed TAG Key Stakeholder Comms,low,,
EMAIL-205,True,,,No,No,seed TAG Key Stakeholder Comms,low,,
EMAIL-212,False,,,No,No,seed TAG Not Responsive,low,,
EMAIL-218,False,,,No,No,seed TAG Not Responsive,low,,
EMAIL-228,False,,,No,No,seed TAG Not Responsive,low,,
EMAIL-246,False,,,No,No,seed TAG Not Responsive,low,,
EMAIL-289,True,RFP-1,parcel eligibility;privilege/work-product;preservation/production,No,No,,low,,
EMAIL-304,True,RFP-1,parcel eligibility,No,No,,low,,
EMAIL-309,True,RFP-1;RFP-3;RFP-4,parcel eligibility;preservation/production,No,No,,low,,
EMAIL-333,True,RFP-1;RFP-4,parcel eligibility,No,No,,low,,
EMAIL-335,True,RFP-1;RFP-4,parcel eligibility,No,No,,low,,
EMAIL-403,True,RFP-1;RFP-3;RFP-4,parcel eligibility,No,No,waiver/third-party present: privilege vitiated,med,confirm whether third party was necessary to legal advice (Kovel/Upjohn); counsel present but purpose administrative — confirm no legal advice,
EMAIL-406,True,RFP-1;RFP-4,parcel eligibility,No,No,,low,,
EMAIL-442,True,RFP-1;RFP-3;RFP-4,parcel eligibility;clearwater sequencing,No,No,,low,,
EMAIL-495,True,RFP-1;RFP-5,parcel eligibility;accounting,No,No,,low,,
EMAIL-497,True,RFP-1;RFP-5,parcel eligibility;privilege/work-product;preservation/production,No,No,,low,,
EMAIL-505,True,RFP-5,accounting;privilege/work-product;preservation/production,No,No,,low,,
EMAIL-520,True,RFP-5,,No,No,,low,,
EMAIL-531,True,RFP-5,accounting,No,No,,low,,
EMAIL-624,True,RFP-2;RFP-4,sales representations;preservation/production,No,No,,low,,
EMAIL-625,True,RFP-1;RFP-2;RFP-3;RFP-4;RFP-5,parcel eligibility;sales representations;accounting;privilege/work-product;preservation/production,No,No,,low,,
EMAIL-627,True,RFP-2;RFP-3;RFP-4;RFP-5,broker authority;sales representations;accounting;preservation/production,No,No,,low,,
EMAIL-632,True,RFP-1;RFP-2;RFP-3;RFP-4;RFP-5,parcel eligibility;broker authority;sales representations;accounting;preservation/production,No,No,,low,,
EMAIL-651,True,RFP-2;RFP-3,sales representations,No,No,,low,,
EMAIL-659,True,RFP-2;RFP-4,broker authority;sales representations;preservation/production,No,No,,low,,
EMAIL-672,True,RFP-2;RFP-3;RFP-4;RFP-5,sales representations;accounting;preservation/production,No,No,,low,,
EMAIL-681,True,RFP-2;RFP-3;RFP-4;RFP-5,broker authority;sales representations;accounting;preservation/production,No,No,,low,,
EMAIL-702,True,RFP-2;RFP-4,preservation/production,No,No,,low,,
EMAIL-713,True,RFP-2,sales representations;privilege/work-product;preservation/production,No,No,,low,,
EMAIL-741,True,RFP-2,,No,No,,low,,
EMAIL-742,True,RFP-2,privilege/work-product;preservation/production,No,No,,low,,
EMAIL-755,True,RFP-2;RFP-3;RFP-4,broker authority;sales representations;privilege/work-product;preservation/production,No,No,,low,,
EMAIL-759,True,RFP-2;RFP-4;RFP-5,broker authority;sales representations;privilege/work-product;preservation/production,No,No,,low,,
EMAIL-760,True,RFP-1;RFP-2;RFP-3;RFP-4,parcel eligibility;broker authority;sales representations,No,No,,low,,
EMAIL-826,True,RFP-2;RFP-3;RFP-4,broker authority;sales representations;privilege/work-product;preservation/production,No,No,,low,,
EMAIL-831,True,RFP-2,privilege/work-product;preservation/production,Yes,No,ACP: counsel participant + no vitiating third party + legal-advice purpose,low,check attachment separately (family independence),
EMAIL-866,True,,privilege/work-product;preservation/production,Yes,Yes,ACP: counsel participant + no vitiating third party + legal-advice purpose | WP: post-2/24-review-channel investigation material,low,check attachment separately (family independence),
EMAIL-876,True,,privilege/work-product;preservation/production,Yes,No,ACP: counsel participant + no vitiating third party + legal-advice purpose,low,check attachment separately (family independence),
EMAIL-924,True,,privilege/work-product;preservation/production,No,No,,low,,
EMAIL-004,True,,,No,No,seed TAG Knowledge/Scienter,low,,
EMAIL-019,True,,,No,No,seed TAG Chronology Key Event,low,,
EMAIL-040,True,,,Yes,No,seed TAG Privileged Legal Advice (bannered),low,check attachment separately (family independence),
EMAIL-046,True,,,No,No,seed TAG Chronology Key Event,low,,
EMAIL-079,False,,,No,No,seed TAG Not Responsive,low,,
EMAIL-094,False,,,No,No,seed TAG Not Responsive,low,,
EMAIL-1012,False,,whistleblower handling;privilege/work-product;preservation/production,Yes,Yes,ACP: counsel participant + no vitiating third party + legal-advice purpose | WP: post-2/24-review-channel investigation material,low,check attachment separately (family independence),
EMAIL-1040,False,,parcel eligibility;privilege/work-product;preservation/production,Yes,Yes,ACP: counsel participant + no vitiating third party + legal-advice purpose | WP: post-2/24-review-channel investigation material,low,check attachment separately (family independence),
EMAIL-105,False,,,No,No,seed TAG Not Responsive,low,,
EMAIL-1066,True,RFP-4,broker authority;privilege/work-product;preservation/production,Yes,Yes,ACP: counsel participant + no vitiating third party + legal-advice purpose | WP: post-2/24-review-channel investigation material,low,check attachment separately (family independence),
EMAIL-1081,False,,privilege/work-product;preservation/production,Yes,Yes,ACP: counsel participant + no vitiating third party + legal-advice purpose | WP: post-2/24-review-channel investigation material,low,check attachment separately (family independence),
EMAIL-1086,False,,privilege/work-product;preservation/production,No,No,,low,,
EMAIL-1154,True,RFP-4,,No,No,,low,,
EMAIL-1156,True,,privilege/work-product;preservation/production,No,No,waiver/third-party present: privilege vitiated,med,confirm whether third party was necessary to legal advice (Kovel/Upjohn); counsel present but purpose administrative — confirm no legal advice,
EMAIL-1188,False,,parcel eligibility,No,No,,low,,
EMAIL-1189,False,,parcel eligibility,No,No,,low,,
EMAIL-1213,False,,parcel eligibility,No,No,,low,,
EMAIL-1225,False,,parcel eligibility,No,No,,low,,
EMAIL-1228,False,,parcel eligibility,No,No,,low,,
EMAIL-1236,False,,parcel eligibility,No,No,,low,,
EMAIL-1240,False,,parcel eligibility,No,No,,low,,
EMAIL-1277,False,,privilege/work-product;preservation/production,No,No,,low,,
EMAIL-1292,False,,preservation/production,No,No,,low,,
EMAIL-1300,False,,broker authority,No,No,,low,,
EMAIL-1301,False,,privilege/work-product;preservation/production,No,No,,low,,
EMAIL-1310,False,,,No,No,,low,,
EMAIL-1324,False,,preservation/production,No,No,,low,,
EMAIL-1346,False,,privilege/work-product;preservation/production,No,No,,low,,
EMAIL-1363,False,,privilege/work-product;preservation/production,No,No,,low,,
EMAIL-1370,False,,,No,No,,low,,
EMAIL-1394,False,,privilege/work-product;preservation/production,No,No,,low,,
EMAIL-1449,True,RFP-1;RFP-2,parcel eligibility;sales representations;privilege/work-product;preservation/production,No,No,,low,,
EMAIL-1450,True,RFP-1,parcel eligibility;preservation/production,No,No,,low,,
EMAIL-1471,True,RFP-1,parcel eligibility;privilege/work-product;preservation/production,Yes,No,ACP: counsel participant + no vitiating third party + legal-advice purpose,low,check attachment separately (family independence),
EMAIL-154,True,,,No,No,seed TAG Routine,low,,
EMAIL-157,True,,,No,No,seed TAG Routine,low,,
EMAIL-165,True,,,No,No,seed TAG Routine,low,,
EMAIL-166,True,,,No,No,seed TAG Routine,low,,
EMAIL-210,True,,,No,No,seed TAG Routine,low,,
EMAIL-211,True,,,No,No,seed TAG Routine,low,,
EMAIL-214,False,,,No,No,seed TAG Not Responsive,low,,
EMAIL-245,False,,,No,No,seed TAG Not Responsive,low,,
EMAIL-273,True,RFP-1;RFP-4,parcel eligibility,No,No,,low,,
EMAIL-315,True,RFP-1;RFP-4,parcel eligibility,No,No,,low,,
EMAIL-319,True,RFP-1;RFP-4,parcel eligibility,No,No,,low,,
EMAIL-351,True,RFP-1;RFP-4,parcel eligibility,No,No,,low,,
EMAIL-363,True,RFP-1;RFP-3;RFP-4,parcel eligibility;preservation/production,No,No,,low,,
EMAIL-387,True,RFP-1;RFP-4,parcel eligibility,No,No,,low,,
EMAIL-418,True,RFP-1;RFP-3;RFP-4,parcel eligibility,No,No,,low,,
EMAIL-422,True,RFP-1;RFP-4,parcel eligibility,No,No,,low,,
EMAIL-426,True,RFP-1,parcel eligibility;privilege/work-product;preservation/production,Yes,Yes,ACP: counsel participant + no vitiating third party + legal-advice purpose | WP: post-2/24-review-channel investigation material,low,check attachment separately (family independence),
EMAIL-434,True,RFP-1;RFP-4;RFP-5,parcel eligibility,No,No,,low,,
EMAIL-484,True,RFP-1;RFP-5,parcel eligibility;accounting,No,No,,low,,
EMAIL-504,True,RFP-1;RFP-5,parcel eligibility;privilege/work-product;preservation/production,No,No,,low,,
EMAIL-517,True,RFP-1,parcel eligibility;privilege/work-product;preservation/production,No,No,,low,,
EMAIL-574,True,RFP-5,privilege/work-product;preservation/production,No,No,,low,,
EMAIL-589,True,RFP-1;RFP-5,accounting,No,No,,low,,
EMAIL-590,True,RFP-5,parcel eligibility;accounting,No,No,,low,,
EMAIL-668,True,RFP-2,sales representations;preservation/production,No,No,,low,,
EMAIL-701,True,RFP-2,sales representations;preservation/production,No,No,,low,,
EMAIL-711,True,RFP-2,sales representations;privilege/work-product;preservation/production,No,No,,low,,
EMAIL-763,True,RFP-1;RFP-2;RFP-4,broker authority;sales representations,No,No,,low,,
EMAIL-768,True,RFP-1;RFP-2;RFP-4,broker authority;sales representations;privilege/work-product;preservation/production,No,No,,low,,
EMAIL-776,True,RFP-2;RFP-4,broker authority;sales representations,No,No,,low,,
EMAIL-796,True,RFP-2;RFP-3;RFP-4,broker authority;sales representations;privilege/work-product;preservation/production,No,No,,low,,
EMAIL-805,True,RFP-2;RFP-4,broker authority;sales representations,No,No,,low,,
EMAIL-820,True,RFP-2;RFP-3;RFP-4,broker authority;sales representations,No,No,,low,,
EMAIL-945,True,,privilege/work-product;preservation/production,No,No,,low,,
EMAIL-978,True,,privilege/work-product;preservation/production,No,No,,low,,
EMAIL-003,True,,,No,No,seed TAG Knowledge/Scienter,low,,
EMAIL-008,True,,,No,No,seed TAG Routine,low,,
EMAIL-010,True,,,No,No,seed TAG Due Diligence Failure,low,,
EMAIL-015,True,,,No,No,seed TAG Knowledge/Scienter,low,,
EMAIL-028,True,,,No,No,seed TAG Knowledge/Scienter,low,,
EMAIL-036,True,,,No,No,seed TAG Routine,low,,
EMAIL-038,True,,,No,No,seed TAG Knowledge/Scienter,low,,
EMAIL-039,True,,,No,No,seed TAG Knowledge/Scienter,low,,
EMAIL-044,True,,,No,No,seed TAG Due Diligence Failure,low,,
EMAIL-077,False,,,No,No,seed TAG Not Responsive,low,,
EMAIL-091,False,,,No,No,seed TAG Not Responsive,low,,
EMAIL-095,False,,,No,No,seed TAG Not Responsive,low,,
EMAIL-100,False,,,No,No,seed TAG Not Responsive,low,,
EMAIL-101,False,,,No,No,seed TAG Not Responsive,low,,
EMAIL-1021,False,,whistleblower handling;privilege/work-product;preservation/production,Yes,Yes,ACP: counsel participant + no vitiating third party + legal-advice purpose | WP: post-2/24-review-channel investigation material,low,check attachment separately (family independence),
EMAIL-1036,True,RFP-1,parcel eligibility;privilege/work-product;preservation/production,Yes,Yes,ACP: counsel participant + no vitiating third party + legal-advice purpose | WP: post-2/24-review-channel investigation material,low,check attachment separately (family independence),
EMAIL-1045,False,,whistleblower handling;privilege/work-product;preservation/production,Yes,Yes,ACP: counsel participant + no vitiating third party + legal-advice purpose | WP: post-2/24-review-channel investigation material,low,check attachment separately (family independence),
EMAIL-109,False,,,No,No,seed TAG Not Responsive,low,,
EMAIL-1120,False,,privilege/work-product;preservation/production,Yes,Yes,ACP: counsel participant + no vitiating third party + legal-advice purpose | WP: post-2/24-review-channel investigation material,low,check attachment separately (family independence),
EMAIL-1133,True,RFP-4,broker authority;privilege/work-product;preservation/production,Yes,Yes,ACP: counsel participant + no vitiating third party + legal-advice purpose | WP: post-2/24-review-channel investigation material,low,check attachment separately (family independence),
EMAIL-113,True,,,No,No,seed TAG Routine,low,,
EMAIL-115,True,,,No,No,seed TAG Knowledge/Scienter,low,,
EMAIL-117,False,,,No,No,seed TAG Not Responsive,high,,"DISPUTED characterization: asserts Mountain Ridge (Not Responsive tag) but 115/116 context requires parcel-mapping join; surface dispute, do not silently relabel"
EMAIL-1192,False,,parcel eligibility,No,No,,low,,
EMAIL-1195,False,,parcel eligibility,No,No,,low,,
EMAIL-1217,False,,parcel eligibility,No,No,,low,,
EMAIL-1231,False,,parcel eligibility,No,No,,low,,
EMAIL-1247,False,,privilege/work-product;preservation/production,No,No,,low,,
EMAIL-1274,False,,preservation/production,No,No,,low,,
EMAIL-1285,False,,,No,No,,low,,
EMAIL-1319,False,,broker authority,No,No,,low,,
EMAIL-1335,False,,preservation/production,No,No,,low,,
EMAIL-1356,False,,,No,No,,low,,
EMAIL-1398,False,,privilege/work-product;preservation/production,No,No,,low,,
EMAIL-1401,True,RFP-1;RFP-4,parcel eligibility,No,No,,low,,
EMAIL-1403,True,RFP-1;RFP-4,parcel eligibility,No,No,,low,,
EMAIL-1405,True,RFP-1;RFP-3;RFP-4,parcel eligibility,No,No,,low,,
EMAIL-1408,True,RFP-1;RFP-3;RFP-4,parcel eligibility,No,No,,low,,
EMAIL-1409,True,RFP-1;RFP-3;RFP-4,parcel eligibility,No,No,,low,,
EMAIL-1410,True,RFP-1;RFP-4,parcel eligibility,No,No,,low,,
EMAIL-1412,True,RFP-1;RFP-4,parcel eligibility,No,No,,low,,
EMAIL-1421,True,RFP-2;RFP-3;RFP-4,broker authority;sales representations,No,No,,low,,
EMAIL-1425,True,RFP-2;RFP-3;RFP-4,parcel eligibility;broker authority;sales representations;preservation/production,No,No,,low,,
EMAIL-1427,True,RFP-2;RFP-3;RFP-4;RFP-5,parcel eligibility;broker authority;sales representations;whistleblower handling,No,No,,low,,
EMAIL-1430,True,RFP-2;RFP-3;RFP-4;RFP-5,parcel eligibility;broker authority;sales representations;whistleblower handling,No,No,,low,,
EMAIL-1433,True,RFP-2;RFP-3;RFP-4,parcel eligibility;broker authority;sales representations;whistleblower handling,No,No,,low,,
EMAIL-1442,True,RFP-1;RFP-2;RFP-3;RFP-4,parcel eligibility;sales representations,No,No,,low,,
EMAIL-1452,True,RFP-1;RFP-4,parcel eligibility,No,No,,low,,
EMAIL-1453,True,RFP-1;RFP-4,parcel eligibility,No,No,,low,,
EMAIL-175,True,,,No,No,seed TAG Routine,low,,
EMAIL-179,True,,,No,No,seed TAG Routine,low,,
EMAIL-180,True,,,No,No,seed TAG Routine,low,,
EMAIL-184,True,,,No,No,seed TAG Red Flag,low,,
EMAIL-234,False,,,No,No,seed TAG Not Responsive,low,,
EMAIL-235,False,,,No,No,seed TAG Not Responsive,low,,
EMAIL-242,False,,,No,No,seed TAG Not Responsive,low,,
EMAIL-254,True,RFP-1;RFP-4,parcel eligibility,No,No,,low,,
EMAIL-262,True,RFP-1;RFP-4,parcel eligibility,No,No,,low,,
EMAIL-284,True,RFP-1,parcel eligibility;privilege/work-product;preservation/production,No,No,,low,,
EMAIL-308,True,RFP-1,parcel eligibility,No,No,,low,,
EMAIL-399,True,RFP-1;RFP-3;RFP-4,parcel eligibility;clearwater sequencing,No,No,,low,,
EMAIL-415,True,RFP-1;RFP-3;RFP-4,parcel eligibility;clearwater sequencing,No,No,,low,,
EMAIL-431,True,RFP-1;RFP-3;RFP-4,parcel eligibility;clearwater sequencing,No,No,,low,,
EMAIL-444,True,RFP-1;RFP-4;RFP-5,parcel eligibility,No,No,,low,,
EMAIL-453,True,RFP-1;RFP-5,privilege/work-product;preservation/production,No,No,,low,,
EMAIL-464,True,RFP-1;RFP-5,parcel eligibility;accounting,No,No,,low,,
EMAIL-513,True,RFP-2;RFP-5,sales representations;accounting,No,No,,low,,
EMAIL-558,True,RFP-5,privilege/work-product;preservation/production,No,No,,low,,
EMAIL-586,True,RFP-1;RFP-3;RFP-5,parcel eligibility;accounting,No,No,,low,,
EMAIL-599,True,RFP-1;RFP-2;RFP-3;RFP-4;RFP-5,parcel eligibility;broker authority;sales representations;accounting;preservation/production,No,No,,low,,
EMAIL-626,True,RFP-2;RFP-4,preservation/production,No,No,,low,,
EMAIL-695,True,RFP-2;RFP-4;RFP-5,broker authority;accounting;preservation/production,No,No,,low,,
EMAIL-709,True,RFP-2;RFP-3;RFP-4,sales representations,No,No,,low,,
EMAIL-729,True,RFP-2,privilege/work-product;preservation/production,No,No,,low,,
EMAIL-790,True,RFP-2;RFP-4,broker authority;sales representations,No,No,,low,,
EMAIL-810,True,RFP-2;RFP-4,broker authority;sales representations,No,No,,low,,
EMAIL-841,True,,privilege/work-product;preservation/production,No,No,,low,,
EMAIL-845,True,,privilege/work-product;preservation/production,Yes,No,ACP: counsel participant + no vitiating third party + legal-advice purpose,high,"check attachment separately (family independence); bare-forward: evaluate added commentary, if any, on its own",
EMAIL-857,True,RFP-2;RFP-3,sales representations;privilege/work-product;preservation/production,No,No,,low,,
EMAIL-874,True,,privilege/work-product;preservation/production,Yes,No,ACP: counsel participant + no vitiating third party + legal-advice purpose,low,check attachment separately (family independence),
EMAIL-883,True,RFP-2,sales representations;privilege/work-product;preservation/production,No,No,waiver/third-party present: privilege vitiated,med,confirm whether third party was necessary to legal advice (Kovel/Upjohn); counsel present but purpose administrative — confirm no legal advice,
EMAIL-899,True,,privilege/work-product;preservation/production,Yes,No,ACP: counsel participant + no vitiating third party + legal-advice purpose,high,"check attachment separately (family independence); bare-forward: evaluate added commentary, if any, on its own",
EMAIL-930,True,RFP-1;RFP-5,parcel eligibility;accounting;privilege/work-product;preservation/production,No,No,,low,,
EMAIL-932,True,RFP-5,accounting,No,No,,low,,
EMAIL-983,True,,privilege/work-product;preservation/production,No,No,,low,,
EMAIL-1014,False,,whistleblower handling;privilege/work-product;preservation/production,Yes,No,ACP: counsel participant + no vitiating third party + legal-advice purpose,low,check attachment separately (family independence),
EMAIL-1029,True,,privilege/work-product;preservation/production,Yes,Yes,ACP: counsel participant + no vitiating third party + legal-advice purpose | WP: post-2/24-review-channel investigation material,low,check attachment separately (family independence),
EMAIL-1042,True,,privilege/work-product;preservation/production,Yes,No,ACP: counsel participant + no vitiating third party + legal-advice purpose,low,check attachment separately (family independence),
EMAIL-1063,False,,privilege/work-product;preservation/production,Yes,Yes,ACP: counsel participant + no vitiating third party + legal-advice purpose | WP: post-2/24-review-channel investigation material,low,check attachment separately (family independence),
EMAIL-1100,False,,privilege/work-product;preservation/production,Yes,Yes,ACP: counsel participant + no vitiating third party + legal-advice purpose | WP: post-2/24-review-channel investigation material,low,check attachment separately (family independence),
EMAIL-110,False,,,No,No,seed TAG Not Responsive,low,,
EMAIL-1127,False,,whistleblower handling;privilege/work-product;preservation/production,Yes,No,ACP: counsel participant + no vitiating third party + legal-advice purpose,low,check attachment separately (family independence),
EMAIL-1144,True,RFP-4,,No,No,,low,,
EMAIL-1169,True,RFP-2;RFP-4,,No,No,,low,,
EMAIL-1171,False,,privilege/work-product;preservation/production,Yes,No,ACP: counsel participant + no vitiating third party + legal-advice purpose,low,check attachment separately (family independence),
EMAIL-1216,False,,parcel eligibility,No,No,,low,,
EMAIL-1230,False,,parcel eligibility,No,No,,low,,
EMAIL-124,True,,,No,No,seed TAG Routine,low,,
EMAIL-1293,False,,privilege/work-product;preservation/production,No,No,,low,,
EMAIL-131,True,,,No,No,seed TAG Routine,low,,
EMAIL-1333,False,,sales representations;privilege/work-product;preservation/production,No,No,,low,,
EMAIL-1336,False,,preservation/production,No,No,,low,,
EMAIL-133,True,,,No,No,seed TAG Routine,low,,
EMAIL-1341,False,,broker authority,No,No,,low,,
EMAIL-1342,False,,privilege/work-product;preservation/production,No,No,,low,,
EMAIL-1347,False,,preservation/production,No,No,,low,,
EMAIL-1350,False,,preservation/production,No,No,,low,,
EMAIL-1367,False,,privilege/work-product;preservation/production,No,No,,low,,
EMAIL-1382,False,,,No,No,,low,,
EMAIL-1386,False,,preservation/production,No,No,,low,,
EMAIL-1392,False,,privilege/work-product;preservation/production,No,No,,low,,
EMAIL-206,True,,,No,No,seed TAG Routine,low,,
EMAIL-207,True,,,No,No,seed TAG Routine,low,,
EMAIL-215,False,,,No,No,seed TAG Not Responsive,low,,
EMAIL-239,False,,,No,No,seed TAG Not Responsive,low,,
EMAIL-258,True,RFP-1;RFP-3;RFP-4,parcel eligibility;preservation/production,No,No,,low,,
EMAIL-300,True,RFP-1;RFP-4,parcel eligibility,No,No,,low,,
EMAIL-356,True,RFP-1;RFP-4,parcel eligibility,No,No,,low,,
EMAIL-374,True,RFP-1;RFP-4,parcel eligibility;privilege/work-product;preservation/production,No,No,,low,,
EMAIL-408,True,RFP-1;RFP-3;RFP-4,parcel eligibility;clearwater sequencing,No,No,,low,,
EMAIL-429,True,RFP-1;RFP-4;RFP-5,parcel eligibility,No,No,,low,,
EMAIL-441,True,RFP-1;RFP-3;RFP-4,parcel eligibility;clearwater sequencing,No,No,,low,,
EMAIL-455,True,RFP-5,parcel eligibility;accounting,No,No,,low,,
EMAIL-469,True,RFP-1;RFP-5,accounting,No,No,,low,,
EMAIL-490,True,RFP-1;RFP-5,parcel eligibility;privilege/work-product;preservation/production,No,No,,low,,
EMAIL-522,True,RFP-1;RFP-5,parcel eligibility;privilege/work-product;preservation/production,No,No,,low,,
EMAIL-525,True,RFP-5,accounting,No,No,,low,,
EMAIL-548,True,RFP-1;RFP-5,parcel eligibility;accounting,No,No,,low,,
EMAIL-561,True,RFP-5,privilege/work-product;preservation/production,No,No,,low,,
EMAIL-592,True,RFP-2;RFP-4,broker authority;preservation/production,No,No,,low,,
EMAIL-609,True,RFP-2;RFP-4,preservation/production,No,No,,low,,
EMAIL-628,True,RFP-2;RFP-3;RFP-4;RFP-5,sales representations;accounting;preservation/production,No,No,,low,,
EMAIL-685,True,RFP-2;RFP-3;RFP-4,broker authority;sales representations,No,No,,low,,
EMAIL-704,True,RFP-2;RFP-3;RFP-4,broker authority;sales representations,No,No,,low,,
EMAIL-782,True,RFP-2;RFP-4,broker authority;sales representations;privilege/work-product;preservation/production,No,No,,low,,
EMAIL-806,True,RFP-2;RFP-4,broker authority;sales representations;privilege/work-product;preservation/production,No,No,,low,,
EMAIL-823,True,RFP-2;RFP-3;RFP-4,broker authority;sales representations,No,No,,low,,
EMAIL-863,True,RFP-2,sales representations;privilege/work-product;preservation/production,Yes,No,ACP: counsel participant + no vitiating third party + legal-advice purpose,low,check attachment separately (family independence),
EMAIL-906,True,RFP-5,accounting;privilege/work-product;preservation/production,No,No,,low,,
EMAIL-912,True,RFP-2;RFP-5,sales representations;accounting;privilege/work-product;preservation/production,No,No,,low,,
EMAIL-981,True,,privilege/work-product;preservation/production,No,No,,low,,
