DOCID,CUSTODIAN,DATESENT,TIMESENT,FROM,TO,CC,SUBJECT,TAG,PRIVILEGED,CONTAINS_PII,ATTACHMENTS,MESSAGEID,FILEPATH
EMAIL-001,Priya Shah,01/11/2022,09:14:00 PST,Priya Shah <pshah@alderpointpartners.com>,Tom Reyes <treyes@alderpointpartners.com>,,Coastal Solar Credit Program — kickoff,Routine,No,No,Coastal_Solar_Marketing_Deck.pptx,<email001.202201110914@alderpointpartners.com>,Custodians/Priya_Shah/EMAIL-001_Coastal Solar Credit Program _ kickoff.eml
EMAIL-002,Elena Marlowe,01/12/2022,08:03:00 PST,Elena Marlowe <emarlowe@cascadetimber.com>,Robert Denniston <rdenniston@cascadetimber.com>,,Re: Q1 projections,Key Stakeholder Comms,No,No,,<email002.202201120803@cascadetimber.com>,Custodians/Elena_Marlowe/EMAIL-002_Re_ Q1 projections.eml
EMAIL-003,Tom Reyes,03/02/2022,11:47:00 PST,Tom Reyes <treyes@alderpointpartners.com>,Priya Shah <pshah@alderpointpartners.com>,,Land parcel eligibility — need a second look,Knowledge/Scienter,No,No,,<email003.202203021147@alderpointpartners.com>,Custodians/Tom_Reyes/EMAIL-003_Land parcel eligibility _ need a second look.eml
EMAIL-004,Sarah Nguyen,06/14/2022,14:22:00 PDT,Sarah Nguyen <snguyen@cascadetimber.com>,John Ellery <jellery@cascadetimber.com>,,Compliance question re: Coastal Solar eligibility,Knowledge/Scienter,No,No,,<email004.202206141422@cascadetimber.com>,Custodians/Sarah_Nguyen/EMAIL-004_Compliance question re_ Coastal Solar eligibility.eml
EMAIL-005,John Ellery,06/15/2022,09:05:00 PDT,John Ellery <jellery@cascadetimber.com>,Sarah Nguyen <snguyen@cascadetimber.com>,,RE: Compliance question re: Coastal Solar eligibility,Privileged Legal Advice,Yes,No,,<email005.202206150905@cascadetimber.com>,Custodians/John_Ellery/EMAIL-005_RE_ Compliance question re_ Coastal Solar eligibility.eml
EMAIL-006,Priya Shah,07/01/2022,10:30:00 PDT,Priya Shah <pshah@alderpointpartners.com>,Jay Whitfield <jwhitfield@alderpointpartners.com>,,Broker network — Bellhaven,Red Flag,No,No,,<email006.202207011030@alderpointpartners.com>,Custodians/Priya_Shah/EMAIL-006_Broker network _ Bellhaven.eml
EMAIL-007,Jay Whitfield,07/01/2022,15:52:00 PDT,Kane <jwhitfield@alderpointpartners.com>,Priya Shah <pshah@alderpointpartners.com>,,RE: Broker network — Bellhaven,Red Flag,No,No,,<email007.202207011552@alderpointpartners.com>,Custodians/Jay_Whitfield/EMAIL-007_RE_ Broker network _ Bellhaven.eml
EMAIL-008,Tom Reyes,09/02/2022,08:40:00 PDT,Tom Reyes <treyes@alderpointpartners.com>,Derek Holt <dholt@bellhavenadvisory.com>,Priya Shah <pshah@alderpointpartners.com>,Engagement — Coastal Solar credit placements,Routine,No,No,,<email008.202209020840@alderpointpartners.com>,Custodians/Tom_Reyes/EMAIL-008_Engagement _ Coastal Solar credit placements.eml
EMAIL-009,Derek Holt,09/15/2022,13:15:00 MDT,Derek Holt <dholt@bellhavenadvisory.com>,Tom Reyes <treyes@alderpointpartners.com>,,RE: Engagement — Coastal Solar credit placements,Red Flag,No,No,Bellhaven_Coastal_Solar_Placement_Agreement.pdf,<email009.202209151315@bellhavenadvisory.com>,Custodians/Derek_Holt/EMAIL-009_RE_ Engagement _ Coastal Solar credit placements.eml
EMAIL-010,Tom Reyes,09/16/2022,09:02:00 PDT,Tom Reyes <treyes@alderpointpartners.com>,Priya Shah <pshah@alderpointpartners.com>,,RE: Bellhaven registration,Due Diligence Failure,No,No,,<email010.202209160902@alderpointpartners.com>,Custodians/Tom_Reyes/EMAIL-010_RE_ Bellhaven registration.eml
EMAIL-011,Priya Shah,09/16/2022,09:41:00 PDT,Priya Shah <pshah@alderpointpartners.com>,Tom Reyes <treyes@alderpointpartners.com>,,RE: Bellhaven registration,Due Diligence Failure,No,No,,<email011.202209160941@alderpointpartners.com>,Custodians/Priya_Shah/EMAIL-011_RE_ Bellhaven registration.eml
EMAIL-012,John Ellery,10/04/2022,16:05:00 PDT,John Ellery <jellery@cascadetimber.com>,Elena Marlowe <emarlowe@cascadetimber.com>,,Privileged — Coastal Solar program risk assessment,Privileged Legal Advice,Yes,No,Privileged_Coastal_Solar_Risk_Assessment.pdf,<email012.202210041605@cascadetimber.com>,Custodians/John_Ellery/EMAIL-012_Privileged _ Coastal Solar program risk assessment.eml
EMAIL-013,Elena Marlowe,10/05/2022,08:22:00 PDT,Elena Marlowe <emarlowe@cascadetimber.com>,Robert Denniston <rdenniston@cascadetimber.com>,John Ellery <jellery@cascadetimber.com>,RE: Coastal Solar program risk assessment,Key Stakeholder Comms,No,No,,<email013.202210050822@cascadetimber.com>,Custodians/Elena_Marlowe/EMAIL-013_RE_ Coastal Solar program risk assessment.eml
EMAIL-014,Robert Denniston,10/06/2022,10:11:00 PDT,Robert Denniston <rdenniston@cascadetimber.com>,Elena Marlowe <emarlowe@cascadetimber.com>,,RE: Coastal Solar program risk assessment,Due Diligence Failure,No,Yes,Q4_Board_Deck_DRAFT.pptx,<email014.202210061011@cascadetimber.com>,Custodians/Robert_Denniston/EMAIL-014_RE_ Coastal Solar program risk assessment.eml
EMAIL-015,Tom Reyes,11/11/2022,09:37:00 PST,Tom Reyes <treyes@alderpointpartners.com>,Priya Shah <pshah@alderpointpartners.com>,,Parcel eligibility follow-up,Knowledge/Scienter,No,No,,<email015.202211110937@alderpointpartners.com>,Custodians/Tom_Reyes/EMAIL-015_Parcel eligibility follow-up.eml
EMAIL-016,Priya Shah,11/12/2022,11:05:00 PST,Priya Shah <pshah@alderpointpartners.com>,Tom Reyes <treyes@alderpointpartners.com>,,RE: Parcel eligibility follow-up,Due Diligence Failure,No,No,,<email016.202211121105@alderpointpartners.com>,Custodians/Priya_Shah/EMAIL-016_RE_ Parcel eligibility follow-up.eml
EMAIL-017,Jay Whitfield,01/09/2023,09:50:00 PST,Jay Whitfield <jwhitfield@alderpointpartners.com>,Priya Shah <pshah@alderpointpartners.com>,,Broker licensing check-in,Red Flag,No,No,,<email017.202301090950@alderpointpartners.com>,Custodians/Jay_Whitfield/EMAIL-017_Broker licensing check-in.eml
EMAIL-018,Priya Shah,01/10/2023,14:18:00 PST,Priya Shah <pshah@alderpointpartners.com>,Jay Whitfield <jwhitfield@alderpointpartners.com>,,RE: Broker licensing check-in,Due Diligence Failure,No,No,,<email018.202301101418@alderpointpartners.com>,Custodians/Priya_Shah/EMAIL-018_RE_ Broker licensing check-in.eml
EMAIL-019,Sarah Nguyen,02/20/2023,07:58:00 PST,Sarah Nguyen <snguyen@cascadetimber.com>,John Ellery <jellery@cascadetimber.com>,Elena Marlowe <emarlowe@cascadetimber.com>,Whistleblower complaint received,Chronology Key Event,No,No,,<email019.202302200758@cascadetimber.com>,Custodians/Sarah_Nguyen/EMAIL-019_Whistleblower complaint received.eml
EMAIL-020,John Ellery,02/21/2023,09:12:00 PST,John Ellery <jellery@cascadetimber.com>,Elena Marlowe <emarlowe@cascadetimber.com>,Sarah Nguyen <snguyen@cascadetimber.com>,RE: Whistleblower complaint received — privileged,Privileged Legal Advice,Yes,No,Privileged_Preliminary_Assessment_Whistleblower.pdf,<email020.202302210912@cascadetimber.com>,Custodians/John_Ellery/EMAIL-020_RE_ Whistleblower complaint received _ privileged.eml
EMAIL-021,John Ellery,02/24/2023,15:40:00 PST,John Ellery <jellery@cascadetimber.com>,Grace Lin <glin@llassociates.com>,Elena Marlowe <emarlowe@cascadetimber.com>,Engagement — Coastal Solar internal review,Privileged Legal Advice,Yes,No,LL_Associates_Engagement_Letter.pdf,<email021.202302241540@cascadetimber.com>,Custodians/John_Ellery/EMAIL-021_Engagement _ Coastal Solar internal review.eml
EMAIL-022,Grace Lin,03/01/2023,10:26:00 PST,Grace Lin <glin@llassociates.com>,John Ellery <jellery@cascadetimber.com>,,RE: Engagement — Coastal Solar internal review,Privileged Legal Advice,Yes,Yes,Custodian_List.xlsx,<email022.202303011026@llassociates.com>,Custodians/Grace_Lin/EMAIL-022_RE_ Engagement _ Coastal Solar internal review.eml
EMAIL-023,John Ellery,05/23/2023,08:05:00 PDT,John Ellery <jellery@cascadetimber.com>,Elena Marlowe <emarlowe@cascadetimber.com>,Robert Denniston <rdenniston@cascadetimber.com>,IRS subpoena received,Chronology Key Event,No,No,IRS_Subpoena_Coastal_Solar_Credit_Program.pdf,<email023.202305230805@cascadetimber.com>,Custodians/John_Ellery/EMAIL-023_IRS subpoena received.eml
EMAIL-024,John Ellery,06/13/2023,17:00:00 PDT,John Ellery <jellery@cascadetimber.com>,All Staff <allstaff@cascadetimber.com>,,Legal hold notice — Coastal Solar Credit Program,Chronology Key Event,No,No,Legal_Hold_Notice_Coastal_Solar.pdf,<email024.202306131700@cascadetimber.com>,Custodians/John_Ellery/EMAIL-024_Legal hold notice _ Coastal Solar Credit Program.eml
EMAIL-025,Priya Shah,06/14/2023,09:15:00 PDT,Priya Shah <pshah@alderpointpartners.com>,Tom Reyes <treyes@alderpointpartners.com>,Jay Whitfield <jwhitfield@alderpointpartners.com>,Legal hold — please confirm,Routine,No,No,,<email025.202306140915@alderpointpartners.com>,Custodians/Priya_Shah/EMAIL-025_Legal hold _ please confirm.eml
EMAIL-026,Robert Denniston,06/20/2023,13:47:00 PDT,Robert Denniston <rdenniston@cascadetimber.com>,Elena Marlowe <emarlowe@cascadetimber.com>,,Budget for internal review,Key Stakeholder Comms,No,No,,<email026.202306201347@cascadetimber.com>,Custodians/Robert_Denniston/EMAIL-026_Budget for internal review.eml
EMAIL-027,John Ellery,06/21/2023,10:33:00 PDT,John Ellery <jellery@cascadetimber.com>,Robert Denniston <rdenniston@cascadetimber.com>,Elena Marlowe <emarlowe@cascadetimber.com>,RE: Budget for internal review,Key Stakeholder Comms,No,No,,<email027.202306211033@cascadetimber.com>,Custodians/John_Ellery/EMAIL-027_RE_ Budget for internal review.eml
EMAIL-028,Tom Reyes,06/22/2023,16:20:00 PDT,Tom Reyes <treyes@alderpointpartners.com>,Priya Shah <pshah@alderpointpartners.com>,,Re-reading old threads,Knowledge/Scienter,No,No,,<email028.202306221620@alderpointpartners.com>,Custodians/Tom_Reyes/EMAIL-028_Re-reading old threads.eml
EMAIL-029,Derek Holt,06/25/2023,11:09:00 MDT,Derek Holt <dholt@bellhavenadvisory.com>,Tom Reyes <treyes@alderpointpartners.com>,,Registration status,Routine,No,No,,<email029.202306251109@bellhavenadvisory.com>,Custodians/Derek_Holt/EMAIL-029_Registration status.eml
EMAIL-030,Elena Marlowe,06/27/2023,15:02:00 PDT,Elena Marlowe <emarlowe@cascadetimber.com>,Robert Denniston <rdenniston@cascadetimber.com>,John Ellery <jellery@cascadetimber.com>,RE: Coastal Solar — path forward,Key Stakeholder Comms,No,No,,<email030.202306271502@cascadetimber.com>,Custodians/Elena_Marlowe/EMAIL-030_RE_ Coastal Solar _ path forward.eml
EMAIL-031,Elena Marlowe,11/02/2021,09:20:00 PDT,Elena Marlowe <emarlowe@cascadetimber.com>,Robert Denniston <rdenniston@cascadetimber.com>,,Coastal Solar Credit Program — business case,Routine,No,No,,<email031.202111020920@cascadetimber.com>,Custodians/Elena_Marlowe/EMAIL-031_Coastal Solar Credit Program _ business case.eml
EMAIL-032,Robert Denniston,11/05/2021,13:40:00 PDT,Robert Denniston <rdenniston@cascadetimber.com>,Elena Marlowe <emarlowe@cascadetimber.com>,,RE: Coastal Solar Credit Program — business case,Key Stakeholder Comms,No,No,,<email032.202111051340@cascadetimber.com>,Custodians/Robert_Denniston/EMAIL-032_RE_ Coastal Solar Credit Program _ business case.eml
EMAIL-033,Priya Shah,12/01/2021,10:00:00 PST,Priya Shah <pshah@alderpointpartners.com>,Elena Marlowe <emarlowe@cascadetimber.com>,Robert Denniston <rdenniston@cascadetimber.com>,Coastal Solar Credit Program — partnership proposal,Routine,No,No,Coastal_Solar_Partnership_Proposal.pptx,<email033.202112011000@alderpointpartners.com>,Custodians/Priya_Shah/EMAIL-033_Coastal Solar Credit Program _ partnership proposal.eml
EMAIL-034,John Ellery,12/10/2021,11:15:00 PST,John Ellery <jellery@cascadetimber.com>,Elena Marlowe <emarlowe@cascadetimber.com>,,RE: Coastal Solar Credit Program — partnership proposal — legal review,Privileged Legal Advice,Yes,No,,<email034.202112101115@cascadetimber.com>,Custodians/John_Ellery/EMAIL-034_RE_ Coastal Solar Credit Program _ partnership proposal _ le.eml
EMAIL-035,Elena Marlowe,12/15/2021,09:30:00 PST,Elena Marlowe <emarlowe@cascadetimber.com>,John Ellery <jellery@cascadetimber.com>,,RE: partnership agreement sign-off,Routine,No,No,,<email035.202112150930@cascadetimber.com>,Custodians/Elena_Marlowe/EMAIL-035_RE_ partnership agreement sign-off.eml
EMAIL-036,Tom Reyes,02/10/2022,09:05:00 PST,Tom Reyes <treyes@alderpointpartners.com>,Nina Alvarez <nalvarez@alderpointpartners.com>,,Parcel data request — Northwest batch,Routine,No,No,,<email036.202202100905@alderpointpartners.com>,Custodians/Tom_Reyes/EMAIL-036_Parcel data request _ Northwest batch.eml
EMAIL-037,Nina Alvarez,02/14/2022,15:22:00 PST,Nina Alvarez <nalvarez@alderpointpartners.com>,Tom Reyes <treyes@alderpointpartners.com>,,RE: Parcel data request — Northwest batch,Knowledge/Scienter,No,No,Land_Parcel_Data_Northwest.csv,<email037.202202141522@alderpointpartners.com>,Custodians/Nina_Alvarez/EMAIL-037_RE_ Parcel data request _ Northwest batch.eml
EMAIL-038,Tom Reyes,03/05/2022,10:45:00 PST,Tom Reyes <treyes@alderpointpartners.com>,GreenAcre Land Survey Co. <surveys@greenacresurvey.com>,,Survey request — Coastal Solar parcels,Knowledge/Scienter,No,No,,<email038.202203051045@alderpointpartners.com>,Custodians/Tom_Reyes/EMAIL-038_Survey request _ Coastal Solar parcels.eml
EMAIL-039,Tom Reyes,03/15/2022,16:10:00 PDT,GreenAcre Land Survey Co. <surveys@greenacresurvey.com>,Tom Reyes <treyes@alderpointpartners.com>,,RE: Survey request — Coastal Solar parcels,Knowledge/Scienter,No,No,GreenAcre_Survey_Findings.pdf,<email039.202203151610@greenacresurvey.com>,Custodians/Tom_Reyes/EMAIL-039_RE_ Survey request _ Coastal Solar parcels.eml
EMAIL-040,Sarah Nguyen,06/20/2022,13:00:00 PDT,Sarah Nguyen <snguyen@cascadetimber.com>,John Ellery <jellery@cascadetimber.com>,,RE: Compliance question re: Coastal Solar eligibility,Privileged Legal Advice,Yes,No,,<email040.202206201300@cascadetimber.com>,Custodians/Sarah_Nguyen/EMAIL-040_RE_ Compliance question re_ Coastal Solar eligibility.eml
EMAIL-041,Derek Holt,09/10/2022,11:00:00 MDT,Renee Ford <rford@bellhavenadvisory.com>,Derek Holt <dholt@bellhavenadvisory.com>,,OR/WA broker registration renewal — status,Red Flag,No,No,,<email041.202209101100@bellhavenadvisory.com>,Custodians/Derek_Holt/EMAIL-041_OR_WA broker registration renewal _ status.eml
EMAIL-042,Derek Holt,09/12/2022,09:30:00 MDT,Derek Holt <dholt@bellhavenadvisory.com>,Renee Ford <rford@bellhavenadvisory.com>,,RE: OR/WA broker registration renewal — status,Due Diligence Failure,No,No,,<email042.202209120930@bellhavenadvisory.com>,Custodians/Derek_Holt/EMAIL-042_RE_ OR_WA broker registration renewal _ status.eml
EMAIL-043,Derek Holt,11/01/2022,14:20:00 MDT,Renee Ford <rford@bellhavenadvisory.com>,Tom Reyes <treyes@alderpointpartners.com>,Derek Holt <dholt@bellhavenadvisory.com>,Following up — registration and marketing status,Due Diligence Failure,No,No,,<email043.202211011420@bellhavenadvisory.com>,Custodians/Derek_Holt/EMAIL-043_Following up _ registration and marketing status.eml
EMAIL-044,Tom Reyes,11/03/2022,08:50:00 PDT,Tom Reyes <treyes@alderpointpartners.com>,Priya Shah <pshah@alderpointpartners.com>,,FW: Following up — registration and marketing status,Due Diligence Failure,No,No,,<email044.202211030850@alderpointpartners.com>,Custodians/Tom_Reyes/EMAIL-044_FW_ Following up _ registration and marketing status.eml
EMAIL-045,Derek Holt,12/20/2022,10:05:00 MST,Derek Holt <dholt@bellhavenadvisory.com>,Tom Reyes <treyes@alderpointpartners.com>,,Registration finalized,Routine,No,No,,<email045.202212201005@bellhavenadvisory.com>,Custodians/Derek_Holt/EMAIL-045_Registration finalized.eml
EMAIL-046,Sarah Nguyen,02/20/2023,16:45:00 PST,Sarah Nguyen <snguyen@cascadetimber.com>,John Ellery <jellery@cascadetimber.com>,,Complaint details,Chronology Key Event,No,No,Whistleblower_Complaint_Text.pdf,<email046.202302201645@cascadetimber.com>,Custodians/Sarah_Nguyen/EMAIL-046_Complaint details.eml
EMAIL-047,John Ellery,02/26/2023,09:00:00 PST,John Ellery <jellery@cascadetimber.com>,Alan Brooks <abrooks@llassociates.com>,,Document collection kickoff — Coastal Solar internal review,Privileged Legal Advice,Yes,No,,<email047.202302260900@cascadetimber.com>,Custodians/John_Ellery/EMAIL-047_Document collection kickoff _ Coastal Solar internal review.eml
EMAIL-048,John Ellery,02/28/2023,14:30:00 PST,Alan Brooks <abrooks@llassociates.com>,John Ellery <jellery@cascadetimber.com>,,RE: Document collection kickoff — custodian list draft v1,Privileged Legal Advice,Yes,Yes,Custodian_List.xlsx,<email048.202302281430@llassociates.com>,Custodians/John_Ellery/EMAIL-048_RE_ Document collection kickoff _ custodian list draft v1.eml
EMAIL-049,John Ellery,03/05/2023,11:10:00 PST,Mia Chen <mchen@llassociates.com>,John Ellery <jellery@cascadetimber.com>,Grace Lin <glin@llassociates.com>,Review status update,Privileged Legal Advice,Yes,No,,<email049.202303051110@llassociates.com>,Custodians/John_Ellery/EMAIL-049_Review status update.eml
EMAIL-050,Grace Lin,03/10/2023,17:00:00 PST,Grace Lin <glin@llassociates.com>,John Ellery <jellery@cascadetimber.com>,,Interim findings memo,Privileged Legal Advice,Yes,No,Privileged_Interim_Findings_Memo.pdf,<email050.202303101700@llassociates.com>,Custodians/Grace_Lin/EMAIL-050_Interim findings memo.eml
EMAIL-051,John Ellery,03/15/2023,10:20:00 PDT,John Ellery <jellery@cascadetimber.com>,Elena Marlowe <emarlowe@cascadetimber.com>,Robert Denniston <rdenniston@cascadetimber.com>,Privileged — internal review status update,Privileged Legal Advice,Yes,No,,<email051.202303151020@cascadetimber.com>,Custodians/John_Ellery/EMAIL-051_Privileged _ internal review status update.eml
EMAIL-052,Elena Marlowe,03/20/2023,08:40:00 PDT,Elena Marlowe <emarlowe@cascadetimber.com>,Marcus Webb <mwebb@cascadetimber.com>,,Coastal Solar — board update needed,Key Stakeholder Comms,No,No,,<email052.202303200840@cascadetimber.com>,Custodians/Elena_Marlowe/EMAIL-052_Coastal Solar _ board update needed.eml
EMAIL-053,Elena Marlowe,03/22/2023,12:15:00 PDT,Marcus Webb <mwebb@cascadetimber.com>,Elena Marlowe <emarlowe@cascadetimber.com>,,RE: Coastal Solar — board update needed,Key Stakeholder Comms,No,No,,<email053.202303221215@cascadetimber.com>,Custodians/Elena_Marlowe/EMAIL-053_RE_ Coastal Solar _ board update needed.eml
EMAIL-054,John Ellery,05/23/2023,09:15:00 PDT,John Ellery <jellery@cascadetimber.com>,Grace Lin <glin@llassociates.com>,,FW: IRS subpoena received,Privileged Legal Advice,Yes,No,,<email054.202305230915@cascadetimber.com>,Custodians/John_Ellery/EMAIL-054_FW_ IRS subpoena received.eml
EMAIL-055,Grace Lin,05/24/2023,10:00:00 PDT,Grace Lin <glin@llassociates.com>,John Ellery <jellery@cascadetimber.com>,,RE: FW: IRS subpoena received,Privileged Legal Advice,Yes,No,,<email055.202305241000@llassociates.com>,Custodians/Grace_Lin/EMAIL-055_RE_ FW_ IRS subpoena received.eml
EMAIL-056,John Ellery,05/25/2023,13:30:00 PDT,John Ellery <jellery@cascadetimber.com>,Kevin Tran <kevin.tran@irs.gov>,,Coastal Solar Credit Program subpoena — extension request,Routine,No,No,,<email056.202305251330@cascadetimber.com>,Custodians/John_Ellery/EMAIL-056_Coastal Solar Credit Program subpoena _ extension request.eml
EMAIL-057,John Ellery,05/31/2023,09:45:00 EDT,Kevin Tran <kevin.tran@irs.gov>,John Ellery <jellery@cascadetimber.com>,,RE: Coastal Solar Credit Program subpoena — extension request,Routine,No,No,,<email057.202305310945@irs.gov>,Custodians/John_Ellery/EMAIL-057_RE_ Coastal Solar Credit Program subpoena _ extension reques.eml
EMAIL-058,Dan Osei,05/30/2023,15:00:00 PDT,Alan Brooks <abrooks@llassociates.com>,Dan Osei <dosei@cascadetimber.com>,,Document collection — technical scope,Routine,No,No,,<email058.202305301500@llassociates.com>,Custodians/Dan_Osei/EMAIL-058_Document collection _ technical scope.eml
EMAIL-059,Dan Osei,06/02/2023,11:20:00 PDT,Dan Osei <dosei@cascadetimber.com>,Alan Brooks <abrooks@llassociates.com>,,RE: Document collection — technical scope,Routine,No,No,Custodian_Mailbox_Export_List.xlsx,<email059.202306021120@cascadetimber.com>,Custodians/Dan_Osei/EMAIL-059_RE_ Document collection _ technical scope.eml
EMAIL-060,Dan Osei,06/13/2023,18:10:00 PDT,Dan Osei <dosei@cascadetimber.com>,All Staff <allstaff@cascadetimber.com>,,IT actions for legal hold — Coastal Solar,Chronology Key Event,No,No,,<email060.202306131810@cascadetimber.com>,Custodians/Dan_Osei/EMAIL-060_IT actions for legal hold _ Coastal Solar.eml
EMAIL-061,John Ellery,06/14/2023,10:05:00 PDT,Wendy Park <wpark@cascadetimber.com>,John Ellery <jellery@cascadetimber.com>,,RE: Legal hold — departing employee mailbox,Routine,No,No,,<email061.202306141005@cascadetimber.com>,Custodians/John_Ellery/EMAIL-061_RE_ Legal hold _ departing employee mailbox.eml
EMAIL-062,John Ellery,06/15/2023,09:30:00 PDT,John Ellery <jellery@cascadetimber.com>,Wendy Park <wpark@cascadetimber.com>,,RE: Legal hold — departing employee mailbox,Routine,No,No,,<email062.202306150930@cascadetimber.com>,Custodians/John_Ellery/EMAIL-062_RE_ Legal hold _ departing employee mailbox.eml
EMAIL-063,Grace Lin,06/19/2023,14:00:00 PDT,Grace Lin <glin@llassociates.com>,John Ellery <jellery@cascadetimber.com>,,Review cost estimate,Privileged Legal Advice,Yes,No,,<email063.202306191400@llassociates.com>,Custodians/Grace_Lin/EMAIL-063_Review cost estimate.eml
EMAIL-064,Alan Brooks,06/23/2023,09:50:00 PDT,Mia Chen <mchen@llassociates.com>,Alan Brooks <abrooks@llassociates.com>,,Search term / TAR workflow options,Privileged Legal Advice,Yes,No,,<email064.202306230950@llassociates.com>,Custodians/Alan_Brooks/EMAIL-064_Search term _ TAR workflow options.eml
EMAIL-065,John Ellery,06/24/2023,16:40:00 PDT,John Ellery <jellery@cascadetimber.com>,Grace Lin <glin@llassociates.com>,,RE: Review cost estimate,Privileged Legal Advice,Yes,No,,<email065.202306241640@cascadetimber.com>,Custodians/John_Ellery/EMAIL-065_RE_ Review cost estimate.eml
EMAIL-066,Elena Marlowe,06/28/2023,11:00:00 PDT,Frank Delgado <fdelgado@cascadetimber.com>,Elena Marlowe <emarlowe@cascadetimber.com>,,Investor question — Coastal Solar pause,Key Stakeholder Comms,No,No,,<email066.202306281100@cascadetimber.com>,Custodians/Elena_Marlowe/EMAIL-066_Investor question _ Coastal Solar pause.eml
EMAIL-067,Elena Marlowe,06/29/2023,08:15:00 PDT,Elena Marlowe <emarlowe@cascadetimber.com>,Frank Delgado <fdelgado@cascadetimber.com>,,RE: Investor question — Coastal Solar pause,Key Stakeholder Comms,No,No,,<email067.202306290815@cascadetimber.com>,Custodians/Elena_Marlowe/EMAIL-067_RE_ Investor question _ Coastal Solar pause.eml
EMAIL-068,Elena Marlowe,06/30/2023,15:30:00 PDT,Marcus Webb <mwebb@cascadetimber.com>,Elena Marlowe <emarlowe@cascadetimber.com>,Robert Denniston <rdenniston@cascadetimber.com>,RE: Coastal Solar — path forward,Key Stakeholder Comms,No,No,,<email068.202306301530@cascadetimber.com>,Custodians/Elena_Marlowe/EMAIL-068_RE_ Coastal Solar _ path forward.eml
EMAIL-069,Priya Shah,07/05/2023,09:00:00 PDT,Priya Shah <pshah@alderpointpartners.com>,Broker Network <brokernetwork@alderpointpartners.com>,,Coastal Solar — placements paused,Routine,No,No,,<email069.202307050900@alderpointpartners.com>,Custodians/Priya_Shah/EMAIL-069_Coastal Solar _ placements paused.eml
EMAIL-070,Derek Holt,07/06/2023,10:40:00 MDT,Renee Ford <rford@bellhavenadvisory.com>,Derek Holt <dholt@bellhavenadvisory.com>,,RE: Coastal Solar — placements paused,Due Diligence Failure,No,No,,<email070.202307061040@bellhavenadvisory.com>,Custodians/Derek_Holt/EMAIL-070_RE_ Coastal Solar _ placements paused.eml
EMAIL-071,Robert Denniston,07/10/2023,14:00:00 PDT,Craig Sato <csato@cascadetimber.com>,Robert Denniston <rdenniston@cascadetimber.com>,,Q3 financial impact — Coastal Solar pause,Key Stakeholder Comms,No,No,Q3_Financial_Impact_Coastal_Solar_Pause.xlsx,<email071.202307101400@cascadetimber.com>,Custodians/Robert_Denniston/EMAIL-071_Q3 financial impact _ Coastal Solar pause.eml
EMAIL-072,Robert Denniston,06/25/2023,08:00:00 PDT,Robert Denniston <rdenniston@cascadetimber.com>,Elena Marlowe <emarlowe@cascadetimber.com>; John Ellery <jellery@cascadetimber.com>; Sarah Nguyen <snguyen@cascadetimber.com>,,Invite: Q3 Budget Review,Not Responsive,No,No,invite.ics,<email072.202306250800@cascadetimber.com>,Custodians/Robert_Denniston/EMAIL-072_Invite_ Q3 Budget Review.eml
EMAIL-073,Priya Shah,01/05/2022,09:00:00 PST,Priya Shah <pshah@alderpointpartners.com>,Tom Reyes <treyes@alderpointpartners.com>; Jay Whitfield <jwhitfield@alderpointpartners.com>,,Invite: Weekly Broker Network Sync,Not Responsive,No,No,invite.ics,<email073.202201050900@alderpointpartners.com>,Custodians/Priya_Shah/EMAIL-073_Invite_ Weekly Broker Network Sync.eml
EMAIL-074,Elena Marlowe,12/01/2022,09:00:00 PST,Elena Marlowe <emarlowe@cascadetimber.com>,All Staff <allstaff@cascadetimber.com>,,Invite: Cascade Timber Holiday Party,Not Responsive,No,No,invite.ics,<email074.202212010900@cascadetimber.com>,Custodians/Elena_Marlowe/EMAIL-074_Invite_ Cascade Timber Holiday Party.eml
EMAIL-075,John Ellery,02/24/2023,16:00:00 PST,John Ellery <jellery@cascadetimber.com>,Grace Lin <glin@llassociates.com>,,Invite: Coastal Solar Internal Review Kickoff Call,Privileged Legal Advice,Yes,No,invite.ics,<email075.202302241600@cascadetimber.com>,Custodians/John_Ellery/EMAIL-075_Invite_ Coastal Solar Internal Review Kickoff Call.eml
EMAIL-076,Elena Marlowe,03/18/2023,10:00:00 PDT,Marcus Webb <mwebb@cascadetimber.com>,Elena Marlowe <emarlowe@cascadetimber.com>; Robert Denniston <rdenniston@cascadetimber.com>; John Ellery <jellery@cascadetimber.com>,,Invite: Board Meeting — March,Key Stakeholder Comms,No,No,invite.ics,<email076.202303181000@cascadetimber.com>,Custodians/Elena_Marlowe/EMAIL-076_Invite_ Board Meeting _ March.eml
EMAIL-077,Tom Reyes,08/01/2022,07:00:00 PDT,Tom Reyes <treyes@alderpointpartners.com>,Priya Shah <pshah@alderpointpartners.com>,,Automatic Reply: Out of Office,Not Responsive,No,No,,<email077.202208010700@alderpointpartners.com>,Custodians/Tom_Reyes/EMAIL-077_Automatic Reply_ Out of Office.eml
EMAIL-078,Priya Shah,12/23/2022,08:00:00 PST,Priya Shah <pshah@alderpointpartners.com>,Tom Reyes <treyes@alderpointpartners.com>,,Automatic Reply: Out of Office,Not Responsive,No,No,,<email078.202212230800@alderpointpartners.com>,Custodians/Priya_Shah/EMAIL-078_Automatic Reply_ Out of Office.eml
EMAIL-079,Sarah Nguyen,04/10/2023,08:00:00 PDT,Sarah Nguyen <snguyen@cascadetimber.com>,John Ellery <jellery@cascadetimber.com>,,Automatic Reply: Out of Office,Not Responsive,No,No,,<email079.202304100800@cascadetimber.com>,Custodians/Sarah_Nguyen/EMAIL-079_Automatic Reply_ Out of Office.eml
EMAIL-080,Derek Holt,07/15/2022,08:00:00 MDT,Derek Holt <dholt@bellhavenadvisory.com>,Tom Reyes <treyes@alderpointpartners.com>,,Automatic Reply: Out of Office,Not Responsive,No,No,,<email080.202207150800@bellhavenadvisory.com>,Custodians/Derek_Holt/EMAIL-080_Automatic Reply_ Out of Office.eml
EMAIL-081,Grace Lin,04/01/2023,08:00:00 PDT,Grace Lin <glin@llassociates.com>,John Ellery <jellery@cascadetimber.com>,,Automatic Reply: Out of Office,Not Responsive,No,No,,<email081.202304010800@llassociates.com>,Custodians/Grace_Lin/EMAIL-081_Automatic Reply_ Out of Office.eml
EMAIL-082,Jay Whitfield,06/26/2023,08:00:00 PDT,Nina Alvarez <nalvarez@alderpointpartners.com>,Jay Whitfield <jwhitfield@alderpointpartners.com>,,Automatic Reply: Out of Office — Last Day June 30,Not Responsive,No,No,,<email082.202306260800@alderpointpartners.com>,Custodians/Jay_Whitfield/EMAIL-082_Automatic Reply_ Out of Office _ Last Day June 30.eml
EMAIL-083,IT Notifications,04/01/2022,08:00:00 PDT,IT Notifications <it-notifications@cascadetimber.com>,All Staff <allstaff@cascadetimber.com>,,Mandatory Password Reset — April 2022,Not Responsive,No,No,,<email083.202204010800@cascadetimber.com>,Custodians/IT_Notifications/EMAIL-083_Mandatory Password Reset _ April 2022.eml
EMAIL-084,IT Notifications,10/15/2022,08:00:00 PDT,IT Notifications <it-notifications@cascadetimber.com>,All Staff <allstaff@cascadetimber.com>,,Phishing Awareness Training Due,Not Responsive,No,No,,<email084.202210150800@cascadetimber.com>,Custodians/IT_Notifications/EMAIL-084_Phishing Awareness Training Due.eml
EMAIL-085,IT Notifications,01/20/2023,08:00:00 PST,IT Notifications <it-notifications@cascadetimber.com>,All Staff <allstaff@cascadetimber.com>,,VPN Maintenance Window — January 22,Not Responsive,No,No,,<email085.202301200800@cascadetimber.com>,Custodians/IT_Notifications/EMAIL-085_VPN Maintenance Window _ January 22.eml
EMAIL-086,IT Notifications,05/01/2023,08:00:00 PDT,IT Notifications <it-notifications@cascadetimber.com>,All Staff <allstaff@cascadetimber.com>,,New Laptop Rollout Schedule,Not Responsive,No,No,,<email086.202305010800@cascadetimber.com>,Custodians/IT_Notifications/EMAIL-086_New Laptop Rollout Schedule.eml
EMAIL-087,Human Resources,10/01/2022,08:00:00 PDT,Human Resources <hr@cascadetimber.com>,All Staff <allstaff@cascadetimber.com>,,Open Enrollment Begins October 3,Not Responsive,No,No,,<email087.202210010800@cascadetimber.com>,Custodians/Human_Resources/EMAIL-087_Open Enrollment Begins October 3.eml
EMAIL-088,Human Resources,12/20/2022,08:00:00 PST,Human Resources <hr@cascadetimber.com>,All Staff <allstaff@cascadetimber.com>,,Holiday Office Closure Schedule,Not Responsive,No,No,,<email088.202212200800@cascadetimber.com>,Custodians/Human_Resources/EMAIL-088_Holiday Office Closure Schedule.eml
EMAIL-089,HR,07/03/2023,09:00:00 PDT,HR <hr@alderpointpartners.com>,Broker Network <brokernetwork@alderpointpartners.com>,,Welcome Our New Regional Sales Rep,Not Responsive,No,No,,<email089.202307030900@alderpointpartners.com>,Custodians/HR/EMAIL-089_Welcome Our New Regional Sales Rep.eml
EMAIL-090,Human Resources,02/01/2023,07:00:00 PST,Human Resources <hr@cascadetimber.com>,All Staff <allstaff@cascadetimber.com>,,Winter Storm — Office Closure,Not Responsive,No,No,,<email090.202302010700@cascadetimber.com>,Custodians/Human_Resources/EMAIL-090_Winter Storm _ Office Closure.eml
EMAIL-091,Tom Reyes,09/20/2022,10:00:00 PDT,Deb Sanchez <dsanchez@cascadetimber.com>,Tom Reyes <treyes@alderpointpartners.com>,,Expense Report Approved — September Trip,Not Responsive,No,No,,<email091.202209201000@cascadetimber.com>,Custodians/Tom_Reyes/EMAIL-091_Expense Report Approved _ September Trip.eml
EMAIL-092,Elena Marlowe,11/08/2022,09:15:00 PST,Deb Sanchez <dsanchez@cascadetimber.com>,Elena Marlowe <emarlowe@cascadetimber.com>,,Travel Itinerary Confirmation — NYC Investor Trip,Not Responsive,No,No,,<email092.202211080915@cascadetimber.com>,Custodians/Elena_Marlowe/EMAIL-092_Travel Itinerary Confirmation _ NYC Investor Trip.eml
EMAIL-093,Robert Denniston,01/15/2023,09:00:00 PST,Deb Sanchez <dsanchez@cascadetimber.com>,Robert Denniston <rdenniston@cascadetimber.com>,,Corporate Card Statement Reminder,Not Responsive,No,No,,<email093.202301150900@cascadetimber.com>,Custodians/Robert_Denniston/EMAIL-093_Corporate Card Statement Reminder.eml
EMAIL-094,Sarah Nguyen,05/10/2022,11:00:00 PDT,Deb Sanchez <dsanchez@cascadetimber.com>,Sarah Nguyen <snguyen@cascadetimber.com>,,Conference Registration Confirmed — Compliance Summit,Not Responsive,No,No,,<email094.202205101100@cascadetimber.com>,Custodians/Sarah_Nguyen/EMAIL-094_Conference Registration Confirmed _ Compliance Summit.eml
EMAIL-095,Tom Reyes,04/05/2022,09:30:00 PDT,Tom Reyes <treyes@alderpointpartners.com>,Priya Shah <pshah@alderpointpartners.com>,,Mountain Ridge Reforestation Credit — parcel list,Not Responsive,No,No,,<email095.202204050930@alderpointpartners.com>,Custodians/Tom_Reyes/EMAIL-095_Mountain Ridge Reforestation Credit _ parcel list.eml
EMAIL-096,Priya Shah,04/08/2022,10:15:00 PDT,Priya Shah <pshah@alderpointpartners.com>,Tom Reyes <treyes@alderpointpartners.com>,,RE: Mountain Ridge Reforestation Credit — parcel list,Not Responsive,No,No,,<email096.202204081015@alderpointpartners.com>,Custodians/Priya_Shah/EMAIL-096_RE_ Mountain Ridge Reforestation Credit _ parcel list.eml
EMAIL-097,Jay Whitfield,08/15/2022,13:20:00 PDT,Jay Whitfield <jwhitfield@alderpointpartners.com>,Priya Shah <pshah@alderpointpartners.com>,,Mountain Ridge — broker interest strong,Not Responsive,No,No,,<email097.202208151320@alderpointpartners.com>,Custodians/Jay_Whitfield/EMAIL-097_Mountain Ridge _ broker interest strong.eml
EMAIL-098,Elena Marlowe,05/01/2022,08:30:00 PDT,Elena Marlowe <emarlowe@cascadetimber.com>,Robert Denniston <rdenniston@cascadetimber.com>,,Mountain Ridge Reforestation Credit — Q2 update,Not Responsive,No,No,,<email098.202205010830@cascadetimber.com>,Custodians/Elena_Marlowe/EMAIL-098_Mountain Ridge Reforestation Credit _ Q2 update.eml
EMAIL-099,Priya Shah,01/25/2023,09:40:00 PST,Priya Shah <pshah@alderpointpartners.com>,Jay Whitfield <jwhitfield@alderpointpartners.com>,,Mountain Ridge — year one wrap-up,Not Responsive,No,No,,<email099.202301250940@alderpointpartners.com>,Custodians/Priya_Shah/EMAIL-099_Mountain Ridge _ year one wrap-up.eml
EMAIL-100,Tom Reyes,04/20/2023,11:00:00 PDT,Tom Reyes <treyes@alderpointpartners.com>,Priya Shah <pshah@alderpointpartners.com>,,Mountain Ridge parcel eligibility — all clear,Not Responsive,No,No,,<email100.202304201100@alderpointpartners.com>,Custodians/Tom_Reyes/EMAIL-100_Mountain Ridge parcel eligibility _ all clear.eml
EMAIL-101,Tom Reyes,05/20/2022,12:00:00 PDT,Tom Reyes <treyes@alderpointpartners.com>,Priya Shah <pshah@alderpointpartners.com>,,Lunch Thursday?,Not Responsive,No,No,,<email101.202205201200@alderpointpartners.com>,Custodians/Tom_Reyes/EMAIL-101_Lunch Thursday_.eml
EMAIL-102,Jay Whitfield,06/01/2022,09:10:00 PDT,Jay Whitfield <jwhitfield@alderpointpartners.com>,Priya Shah <pshah@alderpointpartners.com>,,Congrats on the Cascade deal!,Not Responsive,No,No,,<email102.202206010910@alderpointpartners.com>,Custodians/Jay_Whitfield/EMAIL-102_Congrats on the Cascade deal_.eml
EMAIL-103,Elena Marlowe,08/10/2022,15:00:00 PDT,Elena Marlowe <emarlowe@cascadetimber.com>,Robert Denniston <rdenniston@cascadetimber.com>,,Client dinner — Thursday,Not Responsive,No,No,,<email103.202208101500@cascadetimber.com>,Custodians/Elena_Marlowe/EMAIL-103_Client dinner _ Thursday.eml
EMAIL-104,Derek Holt,10/10/2022,09:00:00 MDT,Derek Holt <dholt@bellhavenadvisory.com>,Tom Reyes <treyes@alderpointpartners.com>,,Good seeing you at the conference,Not Responsive,No,No,,<email104.202210100900@bellhavenadvisory.com>,Custodians/Derek_Holt/EMAIL-104_Good seeing you at the conference.eml
EMAIL-105,Sarah Nguyen,11/20/2022,10:30:00 PST,Sarah Nguyen <snguyen@cascadetimber.com>,John Ellery <jellery@cascadetimber.com>,,Volunteer Day sign-up,Not Responsive,No,No,,<email105.202211201030@cascadetimber.com>,Custodians/Sarah_Nguyen/EMAIL-105_Volunteer Day sign-up.eml
EMAIL-106,Priya Shah,01/15/2023,08:45:00 PST,Priya Shah <pshah@alderpointpartners.com>,Tom Reyes <treyes@alderpointpartners.com>,,Office parking notice,Not Responsive,No,No,,<email106.202301150845@alderpointpartners.com>,Custodians/Priya_Shah/EMAIL-106_Office parking notice.eml
EMAIL-107,Facilities,03/01/2023,08:00:00 PST,Facilities <facilities@cascadetimber.com>,All Staff <allstaff@cascadetimber.com>,,Elevator Maintenance — Portland HQ,Not Responsive,No,No,,<email107.202303010800@cascadetimber.com>,Custodians/Facilities/EMAIL-107_Elevator Maintenance _ Portland HQ.eml
EMAIL-108,Grace Lin,04/15/2023,17:30:00 PDT,Grace Lin <glin@llassociates.com>,John Ellery <jellery@cascadetimber.com>,,Great catching up at the bar association event,Not Responsive,No,No,,<email108.202304151730@llassociates.com>,Custodians/Grace_Lin/EMAIL-108_Great catching up at the bar association event.eml
EMAIL-109,Tom Reyes,05/05/2023,13:15:00 PDT,Tom Reyes <treyes@alderpointpartners.com>,Priya Shah <pshah@alderpointpartners.com>,,Office fantasy football pool,Not Responsive,No,No,,<email109.202305051315@alderpointpartners.com>,Custodians/Tom_Reyes/EMAIL-109_Office fantasy football pool.eml
EMAIL-110,Wendy Park,06/01/2023,08:00:00 PDT,Wendy Park <wpark@cascadetimber.com>,All Staff <allstaff@cascadetimber.com>,,Happy Birthday to Our June Team Members!,Not Responsive,No,No,,<email110.202306010800@cascadetimber.com>,Custodians/Wendy_Park/EMAIL-110_Happy Birthday to Our June Team Members_.eml
EMAIL-111,Elena Marlowe,07/10/2023,08:15:00 PDT,Deb Sanchez <dsanchez@cascadetimber.com>,Elena Marlowe <emarlowe@cascadetimber.com>,,Industry coverage — coastal credit programs,Not Responsive,No,No,,<email111.202307100815@cascadetimber.com>,Custodians/Elena_Marlowe/EMAIL-111_Industry coverage _ coastal credit programs.eml
EMAIL-112,Elena Marlowe,07/10/2023,09:02:00 PDT,Elena Marlowe <emarlowe@cascadetimber.com>,Deb Sanchez <dsanchez@cascadetimber.com>,,RE: Industry coverage — coastal credit programs,Not Responsive,No,No,,<email112.202307100902@cascadetimber.com>,Custodians/Elena_Marlowe/EMAIL-112_RE_ Industry coverage _ coastal credit programs.eml
EMAIL-113,Tom Reyes,07/12/2023,16:40:00 PDT,Tom Reyes <treyes@alderpointpartners.com>,Priya Shah <pshah@alderpointpartners.com>,,Southern tracts file — need it before Friday,Routine,No,No,,<email113.202307121640@alderpointpartners.com>,Custodians/Tom_Reyes/EMAIL-113_Southern tracts file _ need it before Friday.eml
EMAIL-114,Priya Shah,07/13/2023,08:25:00 PDT,Priya Shah <pshah@alderpointpartners.com>,Tom Reyes <treyes@alderpointpartners.com>,,RE: Southern tracts file — need it before Friday,Routine,No,No,,<email114.202307130825@alderpointpartners.com>,Custodians/Priya_Shah/EMAIL-114_RE_ Southern tracts file _ need it before Friday.eml
EMAIL-115,Tom Reyes,07/13/2023,09:10:00 PDT,Tom Reyes <treyes@alderpointpartners.com>,Priya Shah <pshah@alderpointpartners.com>,,RE: Southern tracts file — need it before Friday,Knowledge/Scienter,No,No,,<email115.202307130910@alderpointpartners.com>,Custodians/Tom_Reyes/EMAIL-115_RE_ Southern tracts file _ need it before Friday.eml
EMAIL-116,Jay Whitfield,07/14/2023,11:05:00 PDT,Jay Whitfield <jwhitfield@alderpointpartners.com>,Tom Reyes <treyes@alderpointpartners.com>,,County recorder flagged a couple filings,Routine,No,No,,<email116.202307141105@alderpointpartners.com>,Custodians/Jay_Whitfield/EMAIL-116_County recorder flagged a couple filings.eml
EMAIL-117,Tom Reyes,07/14/2023,13:30:00 PDT,Tom Reyes <treyes@alderpointpartners.com>,Jay Whitfield <jwhitfield@alderpointpartners.com>,,RE: County recorder flagged a couple filings,Not Responsive,No,No,,<email117.202307141330@alderpointpartners.com>,Custodians/Tom_Reyes/EMAIL-117_RE_ County recorder flagged a couple filings.eml
EMAIL-118,John Ellery,07/17/2023,09:30:00 PDT,John Ellery <jellery@cascadetimber.com>,Elena Marlowe <emarlowe@cascadetimber.com>,Robert Denniston <rdenniston@cascadetimber.com>,Coastal Solar — examination strategy and fall pricing,Privileged Legal Advice,Yes,No,,<email118.202307170930@cascadetimber.com>,Custodians/John_Ellery/EMAIL-118_Coastal Solar _ examination strategy and fall pricing.eml
EMAIL-119,Elena Marlowe,07/17/2023,11:15:00 PDT,Elena Marlowe <emarlowe@cascadetimber.com>,John Ellery <jellery@cascadetimber.com>,Robert Denniston <rdenniston@cascadetimber.com>,RE: Coastal Solar — examination strategy and fall pricing,Privileged Legal Advice,Yes,No,,<email119.202307171115@cascadetimber.com>,Custodians/Elena_Marlowe/EMAIL-119_RE_ Coastal Solar _ examination strategy and fall pricing.eml
EMAIL-120,Hannah Cole,07/18/2023,10:00:00 PDT,John Ellery <jellery@cascadetimber.com>,Hannah Cole <hcole@cascadetimber.com>,,Confidential — records needed for counsel's legal review,Privileged Legal Advice,Yes,No,,<email120.202307181000@cascadetimber.com>,Custodians/Hannah_Cole/EMAIL-120_Confidential _ records needed for counsel_s legal review.eml
EMAIL-121,Hannah Cole,07/18/2023,14:45:00 PDT,Hannah Cole <hcole@cascadetimber.com>,John Ellery <jellery@cascadetimber.com>,,RE: Confidential — records needed for counsel's legal review,Privileged Legal Advice,Yes,No,,<email121.202307181445@cascadetimber.com>,Custodians/Hannah_Cole/EMAIL-121_RE_ Confidential _ records needed for counsel_s legal review.eml
EMAIL-122,John Ellery,07/19/2023,09:20:00 PDT,John Ellery <jellery@cascadetimber.com>,Hannah Cole <hcole@cascadetimber.com>,,RE: Confidential — records needed for counsel's legal review,Privileged Legal Advice,Yes,No,,<email122.202307190920@cascadetimber.com>,Custodians/John_Ellery/EMAIL-122_RE_ Confidential _ records needed for counsel_s legal review.eml
EMAIL-123,John Ellery,07/19/2023,13:00:00 PDT,John Ellery <jellery@cascadetimber.com>,Wendy Park <wpark@cascadetimber.com>,,Review team war room — logistics,Routine,No,No,,<email123.202307191300@cascadetimber.com>,Custodians/John_Ellery/EMAIL-123_Review team war room _ logistics.eml
EMAIL-124,Wendy Park,07/19/2023,14:10:00 PDT,Wendy Park <wpark@cascadetimber.com>,John Ellery <jellery@cascadetimber.com>,,RE: Review team war room — logistics,Routine,No,No,,<email124.202307191410@cascadetimber.com>,Custodians/Wendy_Park/EMAIL-124_RE_ Review team war room _ logistics.eml
EMAIL-125,Dan Osei,07/21/2023,12:05:00 PDT,Dan Osei <dosei@cascadetimber.com>,John Ellery <jellery@cascadetimber.com>,,Summer barbecue,Not Responsive,No,No,,<email125.202307211205@cascadetimber.com>,Custodians/Dan_Osei/EMAIL-125_Summer barbecue.eml
EMAIL-126,John Ellery,07/21/2023,12:40:00 PDT,John Ellery <jellery@cascadetimber.com>,Dan Osei <dosei@cascadetimber.com>,,RE: Summer barbecue,Not Responsive,No,No,,<email126.202307211240@cascadetimber.com>,Custodians/John_Ellery/EMAIL-126_RE_ Summer barbecue.eml
EMAIL-127,Grace Lin,07/20/2023,16:30:00 PDT,Mia Chen <mchen@llassociates.com>,Grace Lin <glin@llassociates.com>,,Draft chronology and risk analysis — Coastal Solar,Privileged Work Product,Yes,No,,<email127.202307201630@llassociates.com>,Custodians/Grace_Lin/EMAIL-127_Draft chronology and risk analysis _ Coastal Solar.eml
EMAIL-128,Grace Lin,07/21/2023,10:15:00 PDT,Grace Lin <glin@llassociates.com>,Mia Chen <mchen@llassociates.com>,,RE: Draft chronology and risk analysis — Coastal Solar,Privileged Work Product,Yes,No,,<email128.202307211015@llassociates.com>,Custodians/Grace_Lin/EMAIL-128_RE_ Draft chronology and risk analysis _ Coastal Solar.eml
EMAIL-129,Alan Brooks,07/24/2023,17:00:00 PDT,Alan Brooks <abrooks@llassociates.com>,Grace Lin <glin@llassociates.com>,,Witness interview memo — H. Cole (7/21),Privileged Work Product,Yes,No,Privileged_Witness_Interview_Memo_Cole.pdf,<email129.202307241700@llassociates.com>,Custodians/Alan_Brooks/EMAIL-129_Witness interview memo _ H. Cole (7_21).eml
EMAIL-130,Alan Brooks,07/25/2023,09:40:00 PDT,Grace Lin <glin@llassociates.com>,Alan Brooks <abrooks@llassociates.com>,,RE: Witness interview memo — H. Cole (7/21),Privileged Work Product,Yes,No,,<email130.202307250940@llassociates.com>,Custodians/Alan_Brooks/EMAIL-130_RE_ Witness interview memo _ H. Cole (7_21).eml
EMAIL-131,Wendy Park,07/25/2023,11:20:00 PDT,Wendy Park <wpark@cascadetimber.com>,Elena Marlowe <emarlowe@cascadetimber.com>,Robert Denniston <rdenniston@cascadetimber.com>,HR investigation report — Salem office complaint,Routine,No,No,,<email131.202307251120@cascadetimber.com>,Custodians/Wendy_Park/EMAIL-131_HR investigation report _ Salem office complaint.eml
EMAIL-132,Elena Marlowe,07/25/2023,15:00:00 PDT,Elena Marlowe <emarlowe@cascadetimber.com>,Wendy Park <wpark@cascadetimber.com>,,RE: HR investigation report — Salem office complaint,Routine,No,No,,<email132.202307251500@cascadetimber.com>,Custodians/Elena_Marlowe/EMAIL-132_RE_ HR investigation report _ Salem office complaint.eml
EMAIL-133,Wendy Park,07/26/2023,09:30:00 PDT,Wendy Park <wpark@cascadetimber.com>,Elena Marlowe <emarlowe@cascadetimber.com>,,RE: HR investigation report — Salem office complaint,Routine,No,No,,<email133.202307260930@cascadetimber.com>,Custodians/Wendy_Park/EMAIL-133_RE_ HR investigation report _ Salem office complaint.eml
EMAIL-134,Alan Brooks,08/02/2023,15:45:00 PDT,Alan Brooks <abrooks@llassociates.com>,Grace Lin <glin@llassociates.com>,,Interview notes — S. Nguyen (8/1),Privileged Work Product,Yes,No,,<email134.202308021545@llassociates.com>,Custodians/Alan_Brooks/EMAIL-134_Interview notes _ S. Nguyen (8_1).eml
EMAIL-135,Alan Brooks,08/03/2023,10:05:00 PDT,Grace Lin <glin@llassociates.com>,Alan Brooks <abrooks@llassociates.com>,,RE: Interview notes — S. Nguyen (8/1),Privileged Work Product,Yes,No,,<email135.202308031005@llassociates.com>,Custodians/Alan_Brooks/EMAIL-135_RE_ Interview notes _ S. Nguyen (8_1).eml
EMAIL-136,Grace Lin,08/04/2023,14:20:00 PDT,Mia Chen <mchen@llassociates.com>,Grace Lin <glin@llassociates.com>,,Exposure analysis — attorney assessment,Privileged Work Product,Yes,No,,<email136.202308041420@llassociates.com>,Custodians/Grace_Lin/EMAIL-136_Exposure analysis _ attorney assessment.eml
EMAIL-137,Grace Lin,07/27/2023,10:30:00 PDT,Grace Lin <glin@llassociates.com>,Dana Whitaker <dwhitaker@whitakerforensic.com>,,Engagement — forensic accounting support for counsel,Privileged Legal Advice,Yes,No,Kovel_Engagement_Whitaker_Forensic.pdf,<email137.202307271030@llassociates.com>,Custodians/Grace_Lin/EMAIL-137_Engagement _ forensic accounting support for counsel.eml
EMAIL-138,Grace Lin,07/28/2023,09:15:00 PDT,Dana Whitaker <dwhitaker@whitakerforensic.com>,Grace Lin <glin@llassociates.com>,,RE: Engagement — forensic accounting support for counsel,Privileged Legal Advice,Yes,No,,<email138.202307280915@whitakerforensic.com>,Custodians/Grace_Lin/EMAIL-138_RE_ Engagement _ forensic accounting support for counsel.eml
EMAIL-139,Alan Brooks,08/07/2023,11:00:00 PDT,Alan Brooks <abrooks@llassociates.com>,Dana Whitaker <dwhitaker@whitakerforensic.com>,Grace Lin <glin@llassociates.com>,Data transmittal — parcel payment records,Privileged Legal Advice,Yes,No,,<email139.202308071100@llassociates.com>,Custodians/Alan_Brooks/EMAIL-139_Data transmittal _ parcel payment records.eml
EMAIL-140,Grace Lin,08/14/2023,16:45:00 PDT,Dana Whitaker <dwhitaker@whitakerforensic.com>,Grace Lin <glin@llassociates.com>,Alan Brooks <abrooks@llassociates.com>,Preliminary findings — parcel payment tracing,Privileged Legal Advice,Yes,No,Whitaker_Parcel_Payment_Analysis.xlsx,<email140.202308141645@whitakerforensic.com>,Custodians/Grace_Lin/EMAIL-140_Preliminary findings _ parcel payment tracing.eml
EMAIL-141,John Ellery,08/16/2023,09:30:00 PDT,Grace Lin <glin@llassociates.com>,John Ellery <jellery@cascadetimber.com>,,Forensic accountant findings — privileged summary,Privileged Legal Advice,Yes,No,,<email141.202308160930@llassociates.com>,Custodians/John_Ellery/EMAIL-141_Forensic accountant findings _ privileged summary.eml
EMAIL-142,Craig Sato,08/01/2023,09:00:00 PDT,Craig Sato <csato@cascadetimber.com>,Owen Larsen <olarsen@larsentaxadvisory.com>,,Q3 tax provision support,Routine,No,No,,<email142.202308010900@cascadetimber.com>,Custodians/Craig_Sato/EMAIL-142_Q3 tax provision support.eml
EMAIL-143,Craig Sato,08/01/2023,14:30:00 PDT,Owen Larsen <olarsen@larsentaxadvisory.com>,Craig Sato <csato@cascadetimber.com>,,RE: Q3 tax provision support,Routine,No,No,,<email143.202308011430@larsentaxadvisory.com>,Custodians/Craig_Sato/EMAIL-143_RE_ Q3 tax provision support.eml
EMAIL-144,Craig Sato,08/22/2023,10:45:00 PDT,Owen Larsen <olarsen@larsentaxadvisory.com>,Craig Sato <csato@cascadetimber.com>,,Q3 provision memo — final,Routine,No,No,Larsen_Q3_Provision_Memo.pdf,<email144.202308221045@larsentaxadvisory.com>,Custodians/Craig_Sato/EMAIL-144_Q3 provision memo _ final.eml
EMAIL-145,John Ellery,08/22/2023,16:10:00 PDT,Craig Sato <csato@cascadetimber.com>,John Ellery <jellery@cascadetimber.com>,,FW: Q3 provision memo — final,Routine,No,No,,<email145.202308221610@cascadetimber.com>,Custodians/John_Ellery/EMAIL-145_FW_ Q3 provision memo _ final.eml
EMAIL-146,John Ellery,08/03/2023,11:30:00 PDT,Frank Delgado <fdelgado@cascadetimber.com>,John Ellery <jellery@cascadetimber.com>,,PR support for investor messaging — how should we structure it?,Privileged Legal Advice,Yes,No,,<email146.202308031130@cascadetimber.com>,Custodians/John_Ellery/EMAIL-146_PR support for investor messaging _ how should we structure .eml
EMAIL-147,John Ellery,08/03/2023,15:00:00 PDT,John Ellery <jellery@cascadetimber.com>,Frank Delgado <fdelgado@cascadetimber.com>,,RE: PR support for investor messaging — how should we structure it?,Privileged Legal Advice,Yes,No,,<email147.202308031500@cascadetimber.com>,Custodians/John_Ellery/EMAIL-147_RE_ PR support for investor messaging _ how should we struct.eml
EMAIL-148,Frank Delgado,08/04/2023,10:20:00 PDT,Frank Delgado <fdelgado@cascadetimber.com>,Rosa Kim <rkim@northstar-comms.com>,,Investor messaging — Coastal Solar pause,Key Stakeholder Comms,No,No,,<email148.202308041020@cascadetimber.com>,Custodians/Frank_Delgado/EMAIL-148_Investor messaging _ Coastal Solar pause.eml
EMAIL-149,Frank Delgado,08/08/2023,09:45:00 EDT,Rosa Kim <rkim@northstar-comms.com>,Frank Delgado <fdelgado@cascadetimber.com>,,RE: Investor messaging — Coastal Solar pause,Key Stakeholder Comms,No,No,Northstar_Coastal_Solar_Pause_OnePager.pdf,<email149.202308080945@northstar-comms.com>,Custodians/Frank_Delgado/EMAIL-149_RE_ Investor messaging _ Coastal Solar pause.eml
EMAIL-150,Priya Shah,08/09/2023,10:00:00 MDT,Renee Ford <rford@bellhavenadvisory.com>,Priya Shah <pshah@alderpointpartners.com>,,Placement timeline — checking in,Routine,No,No,,<email150.202308091000@bellhavenadvisory.com>,Custodians/Priya_Shah/EMAIL-150_Placement timeline _ checking in.eml
EMAIL-151,John Ellery,08/09/2023,11:45:00 PDT,Priya Shah <pshah@alderpointpartners.com>,John Ellery <jellery@cascadetimber.com>,,FW: Placement timeline — checking in,Routine,No,No,,<email151.202308091145@alderpointpartners.com>,Custodians/John_Ellery/EMAIL-151_FW_ Placement timeline _ checking in.eml
EMAIL-152,Dan Osei,08/10/2023,08:30:00 PDT,IT Notifications <it-notifications@cascadetimber.com>,Dan Osei <dosei@cascadetimber.com>,,Export job complete — mailbox batch 7,Not Responsive,No,No,,<email152.202308100830@cascadetimber.com>,Custodians/Dan_Osei/EMAIL-152_Export job complete _ mailbox batch 7.eml
EMAIL-153,John Ellery,08/10/2023,09:00:00 PDT,Dan Osei <dosei@cascadetimber.com>,John Ellery <jellery@cascadetimber.com>,,FW: Export job complete — mailbox batch 7,Routine,No,No,,<email153.202308100900@cascadetimber.com>,Custodians/John_Ellery/EMAIL-153_FW_ Export job complete _ mailbox batch 7.eml
EMAIL-154,Sarah Nguyen,08/10/2023,13:15:00 PDT,Tom Reyes <treyes@alderpointpartners.com>,Sarah Nguyen <snguyen@cascadetimber.com>,,Parcel file inventory — 2022 submissions,Routine,No,No,,<email154.202308101315@alderpointpartners.com>,Custodians/Sarah_Nguyen/EMAIL-154_Parcel file inventory _ 2022 submissions.eml
EMAIL-155,John Ellery,08/10/2023,14:00:00 PDT,Sarah Nguyen <snguyen@cascadetimber.com>,John Ellery <jellery@cascadetimber.com>,,FW: Parcel file inventory — 2022 submissions,Routine,No,No,,<email155.202308101400@cascadetimber.com>,Custodians/John_Ellery/EMAIL-155_FW_ Parcel file inventory _ 2022 submissions.eml
EMAIL-156,John Ellery,08/11/2023,09:30:00 PDT,John Ellery <jellery@cascadetimber.com>,Sarah Nguyen <snguyen@cascadetimber.com>,,RE: FW: Parcel file inventory — 2022 submissions,Routine,No,No,,<email156.202308110930@cascadetimber.com>,Custodians/John_Ellery/EMAIL-156_RE_ FW_ Parcel file inventory _ 2022 submissions.eml
EMAIL-157,Sarah Nguyen,08/11/2023,10:00:00 PDT,Sarah Nguyen <snguyen@cascadetimber.com>,Tom Reyes <treyes@alderpointpartners.com>,,RE: Parcel file inventory — 2022 submissions,Routine,No,No,,<email157.202308111000@cascadetimber.com>,Custodians/Sarah_Nguyen/EMAIL-157_RE_ Parcel file inventory _ 2022 submissions.eml
EMAIL-158,John Ellery,07/05/2023,10:30:00 EDT,Kevin Tran <kevin.tran@irs.gov>,John Ellery <jellery@cascadetimber.com>,,Coastal Solar examination — production schedule,Routine,No,No,,<email158.202307051030@irs.gov>,Custodians/John_Ellery/EMAIL-158_Coastal Solar examination _ production schedule.eml
EMAIL-159,John Ellery,07/06/2023,09:00:00 PDT,John Ellery <jellery@cascadetimber.com>,Kevin Tran <kevin.tran@irs.gov>,,RE: Coastal Solar examination — production schedule,Routine,No,No,,<email159.202307060900@cascadetimber.com>,Custodians/John_Ellery/EMAIL-159_RE_ Coastal Solar examination _ production schedule.eml
EMAIL-160,John Ellery,08/15/2023,11:00:00 EDT,Kevin Tran <kevin.tran@irs.gov>,John Ellery <jellery@cascadetimber.com>,,Coastal Solar examination — follow-up requests,Routine,No,No,,<email160.202308151100@irs.gov>,Custodians/John_Ellery/EMAIL-160_Coastal Solar examination _ follow-up requests.eml
EMAIL-161,John Ellery,08/17/2023,14:20:00 PDT,John Ellery <jellery@cascadetimber.com>,Kevin Tran <kevin.tran@irs.gov>,,RE: Coastal Solar examination — follow-up requests,Routine,No,No,,<email161.202308171420@cascadetimber.com>,Custodians/John_Ellery/EMAIL-161_RE_ Coastal Solar examination _ follow-up requests.eml
EMAIL-162,John Ellery,09/06/2023,10:15:00 EDT,Kevin Tran <kevin.tran@irs.gov>,John Ellery <jellery@cascadetimber.com>,,Coastal Solar examination — production received,Routine,No,No,,<email162.202309061015@irs.gov>,Custodians/John_Ellery/EMAIL-162_Coastal Solar examination _ production received.eml
EMAIL-163,John Ellery,03/02/2023,09:45:00 PST,Sarah Nguyen <snguyen@cascadetimber.com>,John Ellery <jellery@cascadetimber.com>,,Interview scheduling — whistleblower counsel,Routine,No,No,,<email163.202303020945@cascadetimber.com>,Custodians/John_Ellery/EMAIL-163_Interview scheduling _ whistleblower counsel.eml
EMAIL-164,John Ellery,03/02/2023,13:30:00 PST,John Ellery <jellery@cascadetimber.com>,Sarah Nguyen <snguyen@cascadetimber.com>,,RE: Interview scheduling — whistleblower counsel,Routine,No,No,,<email164.202303021330@cascadetimber.com>,Custodians/John_Ellery/EMAIL-164_RE_ Interview scheduling _ whistleblower counsel.eml
EMAIL-165,Sarah Nguyen,03/06/2023,10:00:00 PST,Alan Brooks <abrooks@llassociates.com>,Sarah Nguyen <snguyen@cascadetimber.com>,,Compliance team interviews — scheduling,Routine,No,No,,<email165.202303061000@llassociates.com>,Custodians/Sarah_Nguyen/EMAIL-165_Compliance team interviews _ scheduling.eml
EMAIL-166,Sarah Nguyen,03/06/2023,15:45:00 PST,Sarah Nguyen <snguyen@cascadetimber.com>,Alan Brooks <abrooks@llassociates.com>,,RE: Compliance team interviews — scheduling,Routine,No,No,,<email166.202303061545@cascadetimber.com>,Custodians/Sarah_Nguyen/EMAIL-166_RE_ Compliance team interviews _ scheduling.eml
EMAIL-167,Elena Marlowe,04/03/2023,09:00:00 PDT,Marcus Webb <mwebb@cascadetimber.com>,John Ellery <jellery@cascadetimber.com>,Elena Marlowe <emarlowe@cascadetimber.com>,D&O notice — whistleblower complaint,Privileged Legal Advice,Yes,No,,<email167.202304030900@cascadetimber.com>,Custodians/Elena_Marlowe/EMAIL-167_D&O notice _ whistleblower complaint.eml
EMAIL-168,John Ellery,04/03/2023,14:30:00 PDT,John Ellery <jellery@cascadetimber.com>,Marcus Webb <mwebb@cascadetimber.com>,Elena Marlowe <emarlowe@cascadetimber.com>,RE: D&O notice — whistleblower complaint,Privileged Legal Advice,Yes,No,,<email168.202304031430@cascadetimber.com>,Custodians/John_Ellery/EMAIL-168_RE_ D&O notice _ whistleblower complaint.eml
EMAIL-169,Elena Marlowe,04/04/2023,10:20:00 PDT,Elena Marlowe <emarlowe@cascadetimber.com>,John Ellery <jellery@cascadetimber.com>,,Pause scenarios — executive session,Privileged Legal Advice,Yes,No,,<email169.202304041020@cascadetimber.com>,Custodians/Elena_Marlowe/EMAIL-169_Pause scenarios _ executive session.eml
EMAIL-170,John Ellery,04/04/2023,16:00:00 PDT,John Ellery <jellery@cascadetimber.com>,Elena Marlowe <emarlowe@cascadetimber.com>,Marcus Webb <mwebb@cascadetimber.com>,RE: Pause scenarios — executive session,Privileged Legal Advice,Yes,No,,<email170.202304041600@cascadetimber.com>,Custodians/John_Ellery/EMAIL-170_RE_ Pause scenarios _ executive session.eml
EMAIL-171,Elena Marlowe,06/29/2023,09:30:00 PDT,Marcus Webb <mwebb@cascadetimber.com>,Elena Marlowe <emarlowe@cascadetimber.com>,John Ellery <jellery@cascadetimber.com>,Board resolution — placement pause (draft),Privileged Legal Advice,Yes,No,,<email171.202306290930@cascadetimber.com>,Custodians/Elena_Marlowe/EMAIL-171_Board resolution _ placement pause (draft).eml
EMAIL-172,John Ellery,06/29/2023,15:45:00 PDT,John Ellery <jellery@cascadetimber.com>,Marcus Webb <mwebb@cascadetimber.com>,Elena Marlowe <emarlowe@cascadetimber.com>,RE: Board resolution — placement pause (draft),Privileged Legal Advice,Yes,No,,<email172.202306291545@cascadetimber.com>,Custodians/John_Ellery/EMAIL-172_RE_ Board resolution _ placement pause (draft).eml
EMAIL-173,Priya Shah,02/03/2022,10:10:00 PST,Priya Shah <pshah@alderpointpartners.com>,Jay Whitfield <jwhitfield@alderpointpartners.com>,,Southwest broker pipeline,Routine,No,No,,<email173.202202031010@alderpointpartners.com>,Custodians/Priya_Shah/EMAIL-173_Southwest broker pipeline.eml
EMAIL-174,Jay Whitfield,02/04/2022,09:25:00 PST,Jay Whitfield <jwhitfield@alderpointpartners.com>,Priya Shah <pshah@alderpointpartners.com>,,RE: Southwest broker pipeline,Routine,No,No,,<email174.202202040925@alderpointpartners.com>,Custodians/Jay_Whitfield/EMAIL-174_RE_ Southwest broker pipeline.eml
EMAIL-175,Tom Reyes,03/15/2022,11:30:00 PDT,Tom Reyes <treyes@alderpointpartners.com>,Nina Alvarez <nalvarez@alderpointpartners.com>,,Parcel scouting — Klamath County,Routine,No,No,,<email175.202203151130@alderpointpartners.com>,Custodians/Tom_Reyes/EMAIL-175_Parcel scouting _ Klamath County.eml
EMAIL-176,Nina Alvarez,03/16/2022,08:50:00 PDT,Nina Alvarez <nalvarez@alderpointpartners.com>,Tom Reyes <treyes@alderpointpartners.com>,,RE: Parcel scouting — Klamath County,Routine,No,No,,<email176.202203160850@alderpointpartners.com>,Custodians/Nina_Alvarez/EMAIL-176_RE_ Parcel scouting _ Klamath County.eml
EMAIL-177,Derek Holt,05/04/2022,14:00:00 PDT,Priya Shah <pshah@alderpointpartners.com>,Derek Holt <dholt@bellhavenadvisory.com>,,Broker onboarding — marketing materials,Routine,No,No,,<email177.202205041400@alderpointpartners.com>,Custodians/Derek_Holt/EMAIL-177_Broker onboarding _ marketing materials.eml
EMAIL-178,Derek Holt,05/05/2022,10:35:00 MDT,Derek Holt <dholt@bellhavenadvisory.com>,Priya Shah <pshah@alderpointpartners.com>,,RE: Broker onboarding — marketing materials,Routine,No,No,,<email178.202205051035@bellhavenadvisory.com>,Custodians/Derek_Holt/EMAIL-178_RE_ Broker onboarding _ marketing materials.eml
EMAIL-179,Tom Reyes,06/20/2022,09:15:00 PDT,Tom Reyes <treyes@alderpointpartners.com>,GreenAcre Land Survey Co. <surveys@greenacresurvey.com>,,Survey quote — additional parcels,Routine,No,No,,<email179.202206200915@alderpointpartners.com>,Custodians/Tom_Reyes/EMAIL-179_Survey quote _ additional parcels.eml
EMAIL-180,Tom Reyes,06/21/2022,13:40:00 PDT,GreenAcre Land Survey Co. <surveys@greenacresurvey.com>,Tom Reyes <treyes@alderpointpartners.com>,,RE: Survey quote — additional parcels,Routine,No,No,,<email180.202206211340@greenacresurvey.com>,Custodians/Tom_Reyes/EMAIL-180_RE_ Survey quote _ additional parcels.eml
EMAIL-181,Derek Holt,08/09/2022,10:50:00 PDT,Jay Whitfield <jwhitfield@alderpointpartners.com>,Derek Holt <dholt@bellhavenadvisory.com>,,Co-marketing webinar — August,Routine,No,No,,<email181.202208091050@alderpointpartners.com>,Custodians/Derek_Holt/EMAIL-181_Co-marketing webinar _ August.eml
EMAIL-182,Derek Holt,08/10/2022,11:20:00 MDT,Derek Holt <dholt@bellhavenadvisory.com>,Jay Whitfield <jwhitfield@alderpointpartners.com>,,RE: Co-marketing webinar — August,Routine,No,No,,<email182.202208101120@bellhavenadvisory.com>,Custodians/Derek_Holt/EMAIL-182_RE_ Co-marketing webinar _ August.eml
EMAIL-183,Priya Shah,10/18/2022,15:30:00 PDT,Priya Shah <pshah@alderpointpartners.com>,Tom Reyes <treyes@alderpointpartners.com>,,Q4 placement targets,Routine,No,No,,<email183.202210181530@alderpointpartners.com>,Custodians/Priya_Shah/EMAIL-183_Q4 placement targets.eml
EMAIL-184,Tom Reyes,10/19/2022,09:05:00 PDT,Tom Reyes <treyes@alderpointpartners.com>,Priya Shah <pshah@alderpointpartners.com>,,RE: Q4 placement targets,Red Flag,No,No,,<email184.202210190905@alderpointpartners.com>,Custodians/Tom_Reyes/EMAIL-184_RE_ Q4 placement targets.eml
EMAIL-185,Elena Marlowe,01/24/2022,10:40:00 PST,Sarah Nguyen <snguyen@cascadetimber.com>,Elena Marlowe <emarlowe@cascadetimber.com>,,Compliance framework — program launch,Routine,No,No,,<email185.202201241040@cascadetimber.com>,Custodians/Elena_Marlowe/EMAIL-185_Compliance framework _ program launch.eml
EMAIL-186,Elena Marlowe,01/25/2022,09:15:00 PST,Elena Marlowe <emarlowe@cascadetimber.com>,Sarah Nguyen <snguyen@cascadetimber.com>,,RE: Compliance framework — program launch,Routine,No,No,,<email186.202201250915@cascadetimber.com>,Custodians/Elena_Marlowe/EMAIL-186_RE_ Compliance framework _ program launch.eml
EMAIL-187,Robert Denniston,04/11/2022,14:25:00 PDT,Robert Denniston <rdenniston@cascadetimber.com>,Craig Sato <csato@cascadetimber.com>,,Revenue recognition — credit sales,Routine,No,No,,<email187.202204111425@cascadetimber.com>,Custodians/Robert_Denniston/EMAIL-187_Revenue recognition _ credit sales.eml
EMAIL-188,Craig Sato,04/12/2022,10:30:00 PDT,Craig Sato <csato@cascadetimber.com>,Robert Denniston <rdenniston@cascadetimber.com>,,RE: Revenue recognition — credit sales,Routine,No,No,,<email188.202204121030@cascadetimber.com>,Custodians/Craig_Sato/EMAIL-188_RE_ Revenue recognition _ credit sales.eml
EMAIL-189,Elena Marlowe,07/19/2022,11:00:00 PDT,Frank Delgado <fdelgado@cascadetimber.com>,Elena Marlowe <emarlowe@cascadetimber.com>,,Investor messaging — program growth,Key Stakeholder Comms,No,No,,<email189.202207191100@cascadetimber.com>,Custodians/Elena_Marlowe/EMAIL-189_Investor messaging _ program growth.eml
EMAIL-190,Elena Marlowe,07/20/2022,09:35:00 PDT,Elena Marlowe <emarlowe@cascadetimber.com>,Frank Delgado <fdelgado@cascadetimber.com>,,RE: Investor messaging — program growth,Key Stakeholder Comms,No,No,,<email190.202207200935@cascadetimber.com>,Custodians/Elena_Marlowe/EMAIL-190_RE_ Investor messaging _ program growth.eml
EMAIL-191,Priya Shah,09/26/2022,13:50:00 PDT,Sarah Nguyen <snguyen@cascadetimber.com>,Priya Shah <pshah@alderpointpartners.com>,,Broker oversight — verification process,Knowledge/Scienter,No,No,,<email191.202209261350@cascadetimber.com>,Custodians/Priya_Shah/EMAIL-191_Broker oversight _ verification process.eml
EMAIL-192,Priya Shah,09/27/2022,10:15:00 PDT,Priya Shah <pshah@alderpointpartners.com>,Sarah Nguyen <snguyen@cascadetimber.com>,,RE: Broker oversight — verification process,Due Diligence Failure,No,No,,<email192.202209271015@alderpointpartners.com>,Custodians/Priya_Shah/EMAIL-192_RE_ Broker oversight _ verification process.eml
EMAIL-193,Elena Marlowe,12/05/2022,16:00:00 PST,Robert Denniston <rdenniston@cascadetimber.com>,Elena Marlowe <emarlowe@cascadetimber.com>,,Year-end program revenue,Key Stakeholder Comms,No,No,,<email193.202212051600@cascadetimber.com>,Custodians/Elena_Marlowe/EMAIL-193_Year-end program revenue.eml
EMAIL-194,Elena Marlowe,12/06/2022,09:45:00 PST,Elena Marlowe <emarlowe@cascadetimber.com>,Robert Denniston <rdenniston@cascadetimber.com>,,RE: Year-end program revenue,Key Stakeholder Comms,No,No,,<email194.202212060945@cascadetimber.com>,Custodians/Elena_Marlowe/EMAIL-194_RE_ Year-end program revenue.eml
EMAIL-195,Derek Holt,06/29/2023,11:10:00 PDT,Priya Shah <pshah@alderpointpartners.com>,Derek Holt <dholt@bellhavenadvisory.com>,,Pause logistics — pipeline wind-down,Routine,No,No,,<email195.202306291110@alderpointpartners.com>,Custodians/Derek_Holt/EMAIL-195_Pause logistics _ pipeline wind-down.eml
EMAIL-196,Derek Holt,06/30/2023,09:20:00 MDT,Derek Holt <dholt@bellhavenadvisory.com>,Priya Shah <pshah@alderpointpartners.com>,,RE: Pause logistics — pipeline wind-down,Routine,No,No,,<email196.202306300920@bellhavenadvisory.com>,Custodians/Derek_Holt/EMAIL-196_RE_ Pause logistics _ pipeline wind-down.eml
EMAIL-197,Nina Alvarez,06/28/2023,10:45:00 PDT,Tom Reyes <treyes@alderpointpartners.com>,Nina Alvarez <nalvarez@alderpointpartners.com>,,Open parcel files — handoff,Routine,No,No,,<email197.202306281045@alderpointpartners.com>,Custodians/Nina_Alvarez/EMAIL-197_Open parcel files _ handoff.eml
EMAIL-198,Nina Alvarez,06/29/2023,14:15:00 PDT,Nina Alvarez <nalvarez@alderpointpartners.com>,Tom Reyes <treyes@alderpointpartners.com>,,RE: Open parcel files — handoff,Routine,No,No,,<email198.202306291415@alderpointpartners.com>,Custodians/Nina_Alvarez/EMAIL-198_RE_ Open parcel files _ handoff.eml
EMAIL-199,Elena Marlowe,07/11/2023,10:30:00 PDT,Frank Delgado <fdelgado@cascadetimber.com>,Elena Marlowe <emarlowe@cascadetimber.com>,,Investor FAQ — pause (draft),Key Stakeholder Comms,No,No,,<email199.202307111030@cascadetimber.com>,Custodians/Elena_Marlowe/EMAIL-199_Investor FAQ _ pause (draft).eml
EMAIL-200,Elena Marlowe,07/12/2023,09:50:00 PDT,Elena Marlowe <emarlowe@cascadetimber.com>,Frank Delgado <fdelgado@cascadetimber.com>,,RE: Investor FAQ — pause (draft),Key Stakeholder Comms,No,No,,<email200.202307120950@cascadetimber.com>,Custodians/Elena_Marlowe/EMAIL-200_RE_ Investor FAQ _ pause (draft).eml
EMAIL-201,Robert Denniston,07/19/2023,15:10:00 PDT,Craig Sato <csato@cascadetimber.com>,Robert Denniston <rdenniston@cascadetimber.com>,,Deferred revenue — pause impact,Key Stakeholder Comms,No,No,,<email201.202307191510@cascadetimber.com>,Custodians/Robert_Denniston/EMAIL-201_Deferred revenue _ pause impact.eml
EMAIL-202,Robert Denniston,07/20/2023,10:05:00 PDT,Robert Denniston <rdenniston@cascadetimber.com>,Craig Sato <csato@cascadetimber.com>,,RE: Deferred revenue — pause impact,Key Stakeholder Comms,No,No,,<email202.202307201005@cascadetimber.com>,Custodians/Robert_Denniston/EMAIL-202_RE_ Deferred revenue _ pause impact.eml
EMAIL-203,John Ellery,08/08/2023,11:25:00 PDT,Sarah Nguyen <snguyen@cascadetimber.com>,John Ellery <jellery@cascadetimber.com>,,Compliance remediation plan — outline,Routine,No,No,,<email203.202308081125@cascadetimber.com>,Custodians/John_Ellery/EMAIL-203_Compliance remediation plan _ outline.eml
EMAIL-204,Robert Denniston,05/24/2023,09:10:00 PDT,Elena Marlowe <emarlowe@cascadetimber.com>,Robert Denniston <rdenniston@cascadetimber.com>,,IRS subpoena — heads up,Key Stakeholder Comms,No,No,,<email204.202305240910@cascadetimber.com>,Custodians/Robert_Denniston/EMAIL-204_IRS subpoena _ heads up.eml
EMAIL-205,Robert Denniston,05/24/2023,13:40:00 PDT,Robert Denniston <rdenniston@cascadetimber.com>,Elena Marlowe <emarlowe@cascadetimber.com>,,RE: IRS subpoena — heads up,Key Stakeholder Comms,No,No,,<email205.202305241340@cascadetimber.com>,Custodians/Robert_Denniston/EMAIL-205_RE_ IRS subpoena _ heads up.eml
EMAIL-206,Wendy Park,05/26/2023,10:20:00 PDT,Dan Osei <dosei@cascadetimber.com>,Wendy Park <wpark@cascadetimber.com>,,Mailbox preservation — prep,Routine,No,No,,<email206.202305261020@cascadetimber.com>,Custodians/Wendy_Park/EMAIL-206_Mailbox preservation _ prep.eml
EMAIL-207,Wendy Park,05/26/2023,14:50:00 PDT,Wendy Park <wpark@cascadetimber.com>,Dan Osei <dosei@cascadetimber.com>,,RE: Mailbox preservation — prep,Routine,No,No,,<email207.202305261450@cascadetimber.com>,Custodians/Wendy_Park/EMAIL-207_RE_ Mailbox preservation _ prep.eml
EMAIL-208,John Ellery,04/12/2023,10:35:00 PDT,Grace Lin <glin@llassociates.com>,John Ellery <jellery@cascadetimber.com>,,Staffing — review team,Routine,No,No,,<email208.202304121035@llassociates.com>,Custodians/John_Ellery/EMAIL-208_Staffing _ review team.eml
EMAIL-209,John Ellery,04/12/2023,15:20:00 PDT,John Ellery <jellery@cascadetimber.com>,Grace Lin <glin@llassociates.com>,,RE: Staffing — review team,Routine,No,No,,<email209.202304121520@cascadetimber.com>,Custodians/John_Ellery/EMAIL-209_RE_ Staffing _ review team.eml
EMAIL-210,Sarah Nguyen,06/05/2023,09:55:00 PDT,Mia Chen <mchen@llassociates.com>,Sarah Nguyen <snguyen@cascadetimber.com>,,Interview rooms — week of 6/12,Routine,No,No,,<email210.202306050955@llassociates.com>,Custodians/Sarah_Nguyen/EMAIL-210_Interview rooms _ week of 6_12.eml
EMAIL-211,Sarah Nguyen,06/05/2023,13:10:00 PDT,Sarah Nguyen <snguyen@cascadetimber.com>,Mia Chen <mchen@llassociates.com>,,RE: Interview rooms — week of 6/12,Routine,No,No,,<email211.202306051310@cascadetimber.com>,Custodians/Sarah_Nguyen/EMAIL-211_RE_ Interview rooms _ week of 6_12.eml
EMAIL-212,Robert Denniston,09/12/2022,15:00:00 PDT,Robert Denniston <rdenniston@cascadetimber.com>,Craig Sato <csato@cascadetimber.com>; Deb Sanchez <dsanchez@cascadetimber.com>,,Invite: Q4 Planning Offsite,Not Responsive,No,No,invite.ics,<email212.202209121500@cascadetimber.com>,Custodians/Robert_Denniston/EMAIL-212_Invite_ Q4 Planning Offsite.eml
EMAIL-213,Priya Shah,08/15/2022,11:00:00 PDT,Priya Shah <pshah@alderpointpartners.com>,Tom Reyes <treyes@alderpointpartners.com>; Jay Whitfield <jwhitfield@alderpointpartners.com>; Nina Alvarez <nalvarez@alderpointpartners.com>,,Invite: Broker Webinar — Credit Basics,Not Responsive,No,No,invite.ics,<email213.202208151100@alderpointpartners.com>,Custodians/Priya_Shah/EMAIL-213_Invite_ Broker Webinar _ Credit Basics.eml
EMAIL-214,Sarah Nguyen,10/03/2022,09:30:00 PDT,Sarah Nguyen <snguyen@cascadetimber.com>,Dan Osei <dosei@cascadetimber.com>; Wendy Park <wpark@cascadetimber.com>,,Invite: Annual Compliance Training,Not Responsive,No,No,invite.ics,<email214.202210030930@cascadetimber.com>,Custodians/Sarah_Nguyen/EMAIL-214_Invite_ Annual Compliance Training.eml
EMAIL-215,Wendy Park,07/18/2023,14:00:00 PDT,Wendy Park <wpark@cascadetimber.com>,Dan Osei <dosei@cascadetimber.com>; Sarah Nguyen <snguyen@cascadetimber.com>; Deb Sanchez <dsanchez@cascadetimber.com>,,Invite: Summer Team BBQ,Not Responsive,No,No,invite.ics,<email215.202307181400@cascadetimber.com>,Custodians/Wendy_Park/EMAIL-215_Invite_ Summer Team BBQ.eml
EMAIL-216,Derek Holt,01/02/2023,08:05:00 MST,Renee Ford <rford@bellhavenadvisory.com>,Tom Reyes <treyes@alderpointpartners.com>,,Automatic Reply: Out of Office,Not Responsive,No,No,,<email216.202301020805@bellhavenadvisory.com>,Custodians/Derek_Holt/EMAIL-216_Automatic Reply_ Out of Office.eml
EMAIL-217,Elena Marlowe,12/23/2022,16:45:00 PST,Frank Delgado <fdelgado@cascadetimber.com>,Elena Marlowe <emarlowe@cascadetimber.com>,,Automatic Reply: Out of Office,Not Responsive,No,No,,<email217.202212231645@cascadetimber.com>,Custodians/Elena_Marlowe/EMAIL-217_Automatic Reply_ Out of Office.eml
EMAIL-218,Robert Denniston,03/31/2023,17:20:00 PDT,Craig Sato <csato@cascadetimber.com>,Robert Denniston <rdenniston@cascadetimber.com>,,Automatic Reply: Out of Office,Not Responsive,No,No,,<email218.202303311720@cascadetimber.com>,Custodians/Robert_Denniston/EMAIL-218_Automatic Reply_ Out of Office.eml
EMAIL-219,Elena Marlowe,08/04/2023,12:00:00 PDT,Marcus Webb <mwebb@cascadetimber.com>,Elena Marlowe <emarlowe@cascadetimber.com>,,Automatic Reply: Out of Office,Not Responsive,No,No,,<email219.202308041200@cascadetimber.com>,Custodians/Elena_Marlowe/EMAIL-219_Automatic Reply_ Out of Office.eml
EMAIL-220,IT Notifications,10/10/2022,08:00:00 PDT,IT Notifications <it-notifications@cascadetimber.com>,All Staff <allstaff@cascadetimber.com>,,Scheduled Server Maintenance — October 15,Not Responsive,No,No,,<email220.202210100800@cascadetimber.com>,Custodians/IT_Notifications/EMAIL-220_Scheduled Server Maintenance _ October 15.eml
EMAIL-221,IT Notifications,02/06/2023,08:00:00 PST,IT Notifications <it-notifications@cascadetimber.com>,All Staff <allstaff@cascadetimber.com>,,MFA Enrollment Required by February 20,Not Responsive,No,No,,<email221.202302060800@cascadetimber.com>,Custodians/IT_Notifications/EMAIL-221_MFA Enrollment Required by February 20.eml
EMAIL-222,IT Notifications,04/18/2023,08:00:00 PDT,IT Notifications <it-notifications@cascadetimber.com>,All Staff <allstaff@cascadetimber.com>,,Security Patch — Workstation Reboot Tonight,Not Responsive,No,No,,<email222.202304180800@cascadetimber.com>,Custodians/IT_Notifications/EMAIL-222_Security Patch _ Workstation Reboot Tonight.eml
EMAIL-223,IT Notifications,05/30/2023,08:00:00 PDT,IT Notifications <it-notifications@cascadetimber.com>,All Staff <allstaff@cascadetimber.com>,,Mailbox Storage Limit Warning,Not Responsive,No,No,,<email223.202305300800@cascadetimber.com>,Custodians/IT_Notifications/EMAIL-223_Mailbox Storage Limit Warning.eml
EMAIL-224,Human Resources,06/28/2023,09:00:00 PDT,Human Resources <hr@cascadetimber.com>,All Staff <allstaff@cascadetimber.com>,,Performance Review Cycle Opens July 5,Not Responsive,No,No,,<email224.202306280900@cascadetimber.com>,Custodians/Human_Resources/EMAIL-224_Performance Review Cycle Opens July 5.eml
EMAIL-225,Human Resources,11/07/2022,09:00:00 PST,Human Resources <hr@cascadetimber.com>,All Staff <allstaff@cascadetimber.com>,,Updated Travel & Expense Policy,Not Responsive,No,No,,<email225.202211070900@cascadetimber.com>,Custodians/Human_Resources/EMAIL-225_Updated Travel & Expense Policy.eml
EMAIL-226,Human Resources,01/16/2023,09:00:00 PST,Human Resources <hr@cascadetimber.com>,All Staff <allstaff@cascadetimber.com>,,New Parental Leave Benefit,Not Responsive,No,No,,<email226.202301160900@cascadetimber.com>,Custodians/Human_Resources/EMAIL-226_New Parental Leave Benefit.eml
EMAIL-227,Human Resources,06/30/2023,09:00:00 PDT,Human Resources <hr@cascadetimber.com>,All Staff <allstaff@cascadetimber.com>,,Reminder: Q2 Timesheets Due Today,Not Responsive,No,No,,<email227.202306300900@cascadetimber.com>,Custodians/Human_Resources/EMAIL-227_Reminder_ Q2 Timesheets Due Today.eml
EMAIL-228,Robert Denniston,09/19/2022,10:15:00 PDT,Deb Sanchez <dsanchez@cascadetimber.com>,Robert Denniston <rdenniston@cascadetimber.com>,,Travel Itinerary Confirmation — Denver Broker Meetings,Not Responsive,No,No,,<email228.202209191015@cascadetimber.com>,Custodians/Robert_Denniston/EMAIL-228_Travel Itinerary Confirmation _ Denver Broker Meetings.eml
EMAIL-229,Frank Delgado,02/13/2023,11:30:00 PST,Deb Sanchez <dsanchez@cascadetimber.com>,Frank Delgado <fdelgado@cascadetimber.com>,,Expense Report Rejected — Missing Receipts,Not Responsive,No,No,,<email229.202302131130@cascadetimber.com>,Custodians/Frank_Delgado/EMAIL-229_Expense Report Rejected _ Missing Receipts.eml
EMAIL-230,Elena Marlowe,11/28/2022,14:40:00 PST,Deb Sanchez <dsanchez@cascadetimber.com>,Elena Marlowe <emarlowe@cascadetimber.com>,,Hotel Confirmation — Portland Leadership Offsite,Not Responsive,No,No,,<email230.202211281440@cascadetimber.com>,Custodians/Elena_Marlowe/EMAIL-230_Hotel Confirmation _ Portland Leadership Offsite.eml
EMAIL-231,Dan Osei,06/06/2022,09:20:00 PDT,Deb Sanchez <dsanchez@cascadetimber.com>,Dan Osei <dosei@cascadetimber.com>,,Per Diem Reminder — Field Travel,Not Responsive,No,No,,<email231.202206060920@cascadetimber.com>,Custodians/Dan_Osei/EMAIL-231_Per Diem Reminder _ Field Travel.eml
EMAIL-232,Jay Whitfield,04/19/2022,10:40:00 PDT,Jay Whitfield <jwhitfield@alderpointpartners.com>,Nina Alvarez <nalvarez@alderpointpartners.com>,,Mountain Ridge — spring broker push,Not Responsive,No,No,,<email232.202204191040@alderpointpartners.com>,Custodians/Jay_Whitfield/EMAIL-232_Mountain Ridge _ spring broker push.eml
EMAIL-233,Nina Alvarez,04/20/2022,09:15:00 PDT,Nina Alvarez <nalvarez@alderpointpartners.com>,Jay Whitfield <jwhitfield@alderpointpartners.com>,,RE: Mountain Ridge — spring broker push,Not Responsive,No,No,,<email233.202204200915@alderpointpartners.com>,Custodians/Nina_Alvarez/EMAIL-233_RE_ Mountain Ridge _ spring broker push.eml
EMAIL-234,Tom Reyes,03/14/2023,09:30:00 PDT,Tom Reyes <treyes@alderpointpartners.com>,GreenAcre Land Survey Co. <surveys@greenacresurvey.com>,,Mountain Ridge survey scheduling,Not Responsive,No,No,,<email234.202303140930@alderpointpartners.com>,Custodians/Tom_Reyes/EMAIL-234_Mountain Ridge survey scheduling.eml
EMAIL-235,Tom Reyes,03/15/2023,11:10:00 PDT,GreenAcre Land Survey Co. <surveys@greenacresurvey.com>,Tom Reyes <treyes@alderpointpartners.com>,,RE: Mountain Ridge survey scheduling,Not Responsive,No,No,,<email235.202303151110@greenacresurvey.com>,Custodians/Tom_Reyes/EMAIL-235_RE_ Mountain Ridge survey scheduling.eml
EMAIL-236,Elena Marlowe,05/09/2023,13:20:00 PDT,Elena Marlowe <emarlowe@cascadetimber.com>,Robert Denniston <rdenniston@cascadetimber.com>,,Mountain Ridge — investor question,Not Responsive,No,No,,<email236.202305091320@cascadetimber.com>,Custodians/Elena_Marlowe/EMAIL-236_Mountain Ridge _ investor question.eml
EMAIL-237,Elena Marlowe,05/10/2023,08:50:00 PDT,Robert Denniston <rdenniston@cascadetimber.com>,Elena Marlowe <emarlowe@cascadetimber.com>,,RE: Mountain Ridge — investor question,Not Responsive,No,No,,<email237.202305100850@cascadetimber.com>,Custodians/Elena_Marlowe/EMAIL-237_RE_ Mountain Ridge _ investor question.eml
EMAIL-238,Dan Osei,11/09/2022,15:30:00 PST,Dan Osei <dosei@cascadetimber.com>,Tom Reyes <treyes@alderpointpartners.com>,,Fantasy football — week 10,Not Responsive,No,No,,<email238.202211091530@cascadetimber.com>,Custodians/Dan_Osei/EMAIL-238_Fantasy football _ week 10.eml
EMAIL-239,Wendy Park,03/10/2023,11:45:00 PST,Wendy Park <wpark@cascadetimber.com>,Dan Osei <dosei@cascadetimber.com>,,Team lunch Friday?,Not Responsive,No,No,,<email239.202303101145@cascadetimber.com>,Custodians/Wendy_Park/EMAIL-239_Team lunch Friday_.eml
EMAIL-240,Hannah Cole,04/21/2023,10:05:00 PDT,Hannah Cole <hcole@cascadetimber.com>,Sarah Nguyen <snguyen@cascadetimber.com>,,Congrats on the compliance award!,Not Responsive,No,No,,<email240.202304211005@cascadetimber.com>,Custodians/Hannah_Cole/EMAIL-240_Congrats on the compliance award_.eml
EMAIL-241,Priya Shah,09/14/2022,16:20:00 PDT,Priya Shah <pshah@alderpointpartners.com>,Nina Alvarez <nalvarez@alderpointpartners.com>,,Book club picks,Not Responsive,No,No,,<email241.202209141620@alderpointpartners.com>,Custodians/Priya_Shah/EMAIL-241_Book club picks.eml
EMAIL-242,Tom Reyes,01/25/2023,09:40:00 PST,Tom Reyes <treyes@alderpointpartners.com>,Jay Whitfield <jwhitfield@alderpointpartners.com>,,Coffee machine broken again,Not Responsive,No,No,,<email242.202301250940@alderpointpartners.com>,Custodians/Tom_Reyes/EMAIL-242_Coffee machine broken again.eml
EMAIL-243,Alan Brooks,05/02/2023,08:35:00 PDT,Mia Chen <mchen@llassociates.com>,Alan Brooks <abrooks@llassociates.com>,,Carpool to the office?,Not Responsive,No,No,,<email243.202305020835@llassociates.com>,Custodians/Alan_Brooks/EMAIL-243_Carpool to the office_.eml
EMAIL-244,Priya Shah,06/22/2023,15:50:00 PDT,Nina Alvarez <nalvarez@alderpointpartners.com>,Priya Shah <pshah@alderpointpartners.com>,,Happy hour Thursday,Not Responsive,No,No,,<email244.202306221550@alderpointpartners.com>,Custodians/Priya_Shah/EMAIL-244_Happy hour Thursday.eml
EMAIL-245,Sarah Nguyen,08/24/2022,12:10:00 PDT,Sarah Nguyen <snguyen@cascadetimber.com>,Wendy Park <wpark@cascadetimber.com>,,Dog sitter recommendations?,Not Responsive,No,No,,<email245.202208241210@cascadetimber.com>,Custodians/Sarah_Nguyen/EMAIL-245_Dog sitter recommendations_.eml
EMAIL-246,Robert Denniston,03/16/2023,13:00:00 PDT,Craig Sato <csato@cascadetimber.com>,Robert Denniston <rdenniston@cascadetimber.com>,,March Madness bracket,Not Responsive,No,No,,<email246.202303161300@cascadetimber.com>,Custodians/Robert_Denniston/EMAIL-246_March Madness bracket.eml
EMAIL-247,Derek Holt,07/15/2022,14:30:00 MDT,Derek Holt <dholt@bellhavenadvisory.com>,Renee Ford <rford@bellhavenadvisory.com>,,Weekend hiking plans,Not Responsive,No,No,,<email247.202207151430@bellhavenadvisory.com>,Custodians/Derek_Holt/EMAIL-247_Weekend hiking plans.eml
EMAIL-248,Facilities,06/12/2023,08:30:00 PDT,Facilities <facilities@cascadetimber.com>,All Staff <allstaff@cascadetimber.com>,,Parking Garage Resurfacing — Level B,Not Responsive,No,No,,<email248.202306120830@cascadetimber.com>,Custodians/Facilities/EMAIL-248_Parking Garage Resurfacing _ Level B.eml
EMAIL-249,IT Notifications,07/25/2023,08:00:00 PDT,IT Notifications <it-notifications@cascadetimber.com>,All Staff <allstaff@cascadetimber.com>,,Quarterly Phishing Test Results,Not Responsive,No,No,,<email249.202307250800@cascadetimber.com>,Custodians/IT_Notifications/EMAIL-249_Quarterly Phishing Test Results.eml
EMAIL-250,HR,05/16/2022,09:00:00 PDT,HR <hr@alderpointpartners.com>,All Staff <allstaff@alderpointpartners.com>,,Welcome Our New Marketing Coordinator,Not Responsive,No,No,,<email250.202205160900@alderpointpartners.com>,Custodians/HR/EMAIL-250_Welcome Our New Marketing Coordinator.eml
EMAIL-251,Grace Lin,01/17/2023,13:05:00 PST,Nina Alvarez <nalvarez@alderpointpartners.com>,Tom Reyes <treyes@alderpointpartners.com>,,Submission packet — NW-08 2022,Routine,No,No,NW-02_packet_index.txt,<email-251.202301171305@alderpointpartners.com>,Custodians/Grace_Lin/EMAIL-251_Submission_packet_NW_08_2022.eml
EMAIL-252,Frank Delgado,06/07/2022,11:30:00 PDT,Tom Reyes <treyes@alderpointpartners.com>,Hannah Cole <hcole@cascadetimber.com>,,Application date confirmation — NW-06,Routine,No,No,,<email-252.202206071130@alderpointpartners.com>,Custodians/Frank_Delgado/EMAIL-252_Application_date_confirmation_NW_06.eml
EMAIL-253,Elena Marlowe,07/11/2023,10:35:00 PDT,GreenAcre Land Survey Co. <surveys@greenacresurvey.com>,Priya Shah <pshah@alderpointpartners.com>,,Recorder notice — parcel number cited (map required),Routine,No,No,recorder_notice.txt,<email-253.202307111035@greenacresurvey.com>,Custodians/Elena_Marlowe/EMAIL-253_Recorder_notice_parcel_number_cited_map_required.eml
EMAIL-254,Tom Reyes,12/25/2021,08:10:00 PST,Tom Reyes <treyes@alderpointpartners.com>,Jay Whitfield <jwhitfield@alderpointpartners.com>,,Recorder notice — parcel number cited (map required),Routine,No,No,recorder_notice.txt,<email-254.202112250810@alderpointpartners.com>,Custodians/Tom_Reyes/EMAIL-254_Recorder_notice_parcel_number_cited_map_required.eml
EMAIL-255,Jay Whitfield,11/12/2022,10:10:00 PST,Hannah Cole <hcole@cascadetimber.com>,Priya Shah <pshah@alderpointpartners.com>,,Survey status note — Klamath candidates (pre-field),Routine,No,No,,<email-255.202211121010@cascadetimber.com>,Custodians/Jay_Whitfield/EMAIL-255_Survey_status_note_Klamath_candidates_pre_field.eml
EMAIL-256,Nina Alvarez,08/31/2023,10:25:00 PDT,Tom Reyes <treyes@alderpointpartners.com>,Hannah Cole <hcole@cascadetimber.com>,,Application date confirmation — NW-04,Routine,No,No,,<email-256.202308311025@alderpointpartners.com>,Custodians/Nina_Alvarez/EMAIL-256_Application_date_confirmation_NW_04.eml
EMAIL-257,Craig Sato,11/30/2023,14:25:00 PST,Tom Reyes <treyes@alderpointpartners.com>,Priya Shah <pshah@alderpointpartners.com>,,Parcel payment ledger line — NW-07,Routine,No,No,NW-05_ledger.csv,<email-257.202311301425@alderpointpartners.com>,Custodians/Craig_Sato/EMAIL-257_Parcel_payment_ledger_line_NW_07.eml
EMAIL-258,Wendy Park,11/24/2023,11:45:00 PST,Jay Whitfield <jwhitfield@alderpointpartners.com>,Tom Reyes <treyes@alderpointpartners.com>,,Submission packet — NW-05 2022,Routine,No,No,NW-05_packet_index.txt,<email-258.202311241145@alderpointpartners.com>,Custodians/Wendy_Park/EMAIL-258_Submission_packet_NW_05_2022.eml
EMAIL-259,Mia Chen,05/08/2023,14:40:00 PDT,Priya Shah <pshah@alderpointpartners.com>,GreenAcre Land Survey Co. <surveys@greenacresurvey.com>,,Parcel file pull — southern tracts (routine),Routine,No,No,,<email-259.202305081440@alderpointpartners.com>,Custodians/Mia_Chen/EMAIL-259_Parcel_file_pull_southern_tracts_routine.eml
EMAIL-260,Facilities,12/07/2021,10:45:00 PST,GreenAcre Land Survey Co. <surveys@greenacresurvey.com>,Priya Shah <pshah@alderpointpartners.com>,,Parcel file checklist — pre-submission,Routine,No,No,NW-06_checklist.txt,<email-260.202112071045@greenacresurvey.com>,Custodians/Facilities/EMAIL-260_Parcel_file_checklist_pre_submission.eml
EMAIL-261,Elena Marlowe,04/29/2023,09:10:00 PDT,Jay Whitfield <jwhitfield@alderpointpartners.com>,Hannah Cole <hcole@cascadetimber.com>,,Submission packet — NW-05 2022,Routine,No,No,NW-02_packet_index.txt,<email-261.202304290910@alderpointpartners.com>,Custodians/Elena_Marlowe/EMAIL-261_Submission_packet_NW_05_2022.eml
EMAIL-262,Tom Reyes,03/13/2023,09:10:00 PDT,Nina Alvarez <nalvarez@alderpointpartners.com>,GreenAcre Land Survey Co. <surveys@greenacresurvey.com>,,Survey status note — Klamath candidates (pre-field),Routine,No,No,,<email-262.202303130910@alderpointpartners.com>,Custodians/Tom_Reyes/EMAIL-262_Survey_status_note_Klamath_candidates_pre_field.eml
EMAIL-263,Dan Osei,11/26/2022,09:15:00 PST,Hannah Cole <hcole@cascadetimber.com>,GreenAcre Land Survey Co. <surveys@greenacresurvey.com>,,Easement file review — Lane/Klamath (routine diligence),Routine,No,No,,<email-263.202211260915@cascadetimber.com>,Custodians/Dan_Osei/EMAIL-263_Easement_file_review_Lane_Klamath_routine_diligence.eml
EMAIL-264,A Patel,04/01/2023,11:25:00 PDT,Priya Shah <pshah@alderpointpartners.com>,GreenAcre Land Survey Co. <surveys@greenacresurvey.com>,,Submission packet — NW-03 2022,Routine,No,No,NW-04_packet_index.txt,<email-264.202304011125@alderpointpartners.com>,Custodians/A_Patel/EMAIL-264_Submission_packet_NW_03_2022.eml
EMAIL-265,Mia Chen,12/25/2022,16:20:00 PST,Jay Whitfield <jwhitfield@alderpointpartners.com>,Priya Shah <pshah@alderpointpartners.com>,,Submission packet — NW-03 2022,Routine,No,No,NW-05_packet_index.txt,<email-265.202212251620@alderpointpartners.com>,Custodians/Mia_Chen/EMAIL-265_Submission_packet_NW_03_2022.eml
EMAIL-266,Derek Holt,12/23/2021,09:30:00 PST,Nina Alvarez <nalvarez@alderpointpartners.com>,Jay Whitfield <jwhitfield@alderpointpartners.com>,,Recorder notice — parcel number cited (map required),Routine,No,No,recorder_notice.txt,<email-266.202112230930@alderpointpartners.com>,Custodians/Derek_Holt/EMAIL-266_Recorder_notice_parcel_number_cited_map_required.eml
EMAIL-267,Jay Whitfield,10/13/2023,14:05:00 PDT,Hannah Cole <hcole@cascadetimber.com>,Tom Reyes <treyes@alderpointpartners.com>,,Re-survey memo — Klamath pair (dates cited),Routine,No,No,,<email-267.202310131405@cascadetimber.com>,Custodians/Jay_Whitfield/EMAIL-267_Re_survey_memo_Klamath_pair_dates_cited.eml
EMAIL-268,Derek Holt,03/24/2022,08:35:00 PDT,Hannah Cole <hcole@cascadetimber.com>,GreenAcre Land Survey Co. <surveys@greenacresurvey.com>,,County easement filing — NW-07,Routine,No,No,,<email-268.202203240835@cascadetimber.com>,Custodians/Derek_Holt/EMAIL-268_County_easement_filing_NW_07.eml
EMAIL-269,Nina Alvarez,11/03/2023,16:55:00 PST,GreenAcre Land Survey Co. <surveys@greenacresurvey.com>,Priya Shah <pshah@alderpointpartners.com>,,Parcel payment ledger line — NW-07,Routine,No,No,NW-08_ledger.csv,<email-269.202311031655@greenacresurvey.com>,Custodians/Nina_Alvarez/EMAIL-269_Parcel_payment_ledger_line_NW_07.eml
EMAIL-270,Jay Whitfield,08/02/2023,10:35:00 PDT,Hannah Cole <hcole@cascadetimber.com>,Tom Reyes <treyes@alderpointpartners.com>,,Parcel payment ledger line — NW-01,Routine,No,No,NW-05_ledger.csv,<email-270.202308021035@cascadetimber.com>,Custodians/Jay_Whitfield/EMAIL-270_Parcel_payment_ledger_line_NW_01.eml
EMAIL-271,Elena Marlowe,08/30/2023,09:45:00 PDT,GreenAcre Land Survey Co. <surveys@greenacresurvey.com>,Jay Whitfield <jwhitfield@alderpointpartners.com>,,Southern tracts file pull — disambiguation,Routine,No,No,,<email-271.202308300945@greenacresurvey.com>,Custodians/Elena_Marlowe/EMAIL-271_Southern_tracts_file_pull_disambiguation.eml
EMAIL-272,Hannah Cole,11/01/2022,13:05:00 PST,Priya Shah <pshah@alderpointpartners.com>,Tom Reyes <treyes@alderpointpartners.com>,,Parcel file pull — southern tracts (routine),Routine,No,No,,<email-272.202211011305@alderpointpartners.com>,Custodians/Hannah_Cole/EMAIL-272_Parcel_file_pull_southern_tracts_routine.eml
EMAIL-273,Sarah Nguyen,04/30/2023,11:50:00 PDT,Priya Shah <pshah@alderpointpartners.com>,Jay Whitfield <jwhitfield@alderpointpartners.com>,,Survey status note — Klamath candidates (pre-field),Routine,No,No,,<email-273.202304301150@alderpointpartners.com>,Custodians/Sarah_Nguyen/EMAIL-273_Survey_status_note_Klamath_candidates_pre_field.eml
EMAIL-274,Grace Lin,03/09/2023,16:40:00 PDT,Tom Reyes <treyes@alderpointpartners.com>,Priya Shah <pshah@alderpointpartners.com>,,Application date confirmation — NW-02,Routine,No,No,,<email-274.202303091640@alderpointpartners.com>,Custodians/Grace_Lin/EMAIL-274_Application_date_confirmation_NW_02.eml
EMAIL-275,Priya Shah,09/12/2023,15:40:00 PDT,Jay Whitfield <jwhitfield@alderpointpartners.com>,Tom Reyes <treyes@alderpointpartners.com>,,Easement language check — Lane/Klamath,Routine,No,No,,<email-275.202309121540@alderpointpartners.com>,Custodians/Priya_Shah/EMAIL-275_Easement_language_check_Lane_Klamath.eml
EMAIL-276,Priya Shah,12/11/2021,09:10:00 PST,GreenAcre Land Survey Co. <surveys@greenacresurvey.com>,Tom Reyes <treyes@alderpointpartners.com>,,Survey planning note — candidate parcels (pre-field),Routine,No,No,,<email-276.202112110910@greenacresurvey.com>,Custodians/Priya_Shah/EMAIL-276_Survey_planning_note_candidate_parcels_pre_field.eml
EMAIL-277,Alan Brooks,01/19/2022,10:40:00 PST,Hannah Cole <hcole@cascadetimber.com>,Nina Alvarez <nalvarez@alderpointpartners.com>,,Recorder notice — parcel number cited (map required),Routine,No,No,recorder_notice.txt,<email-277.202201191040@cascadetimber.com>,Custodians/Alan_Brooks/EMAIL-277_Recorder_notice_parcel_number_cited_map_required.eml
EMAIL-278,Hannah Cole,11/09/2022,10:35:00 PST,Nina Alvarez <nalvarez@alderpointpartners.com>,Priya Shah <pshah@alderpointpartners.com>,,Recorder notice — parcel number cited (map required),Routine,No,No,recorder_notice.txt,<email-278.202211091035@alderpointpartners.com>,Custodians/Hannah_Cole/EMAIL-278_Recorder_notice_parcel_number_cited_map_required.eml
EMAIL-279,Frank Delgado,03/06/2023,16:10:00 PDT,Nina Alvarez <nalvarez@alderpointpartners.com>,Jay Whitfield <jwhitfield@alderpointpartners.com>,,Easement file review — Lane/Klamath (routine diligence),Routine,No,No,,<email-279.202303061610@alderpointpartners.com>,Custodians/Frank_Delgado/EMAIL-279_Easement_file_review_Lane_Klamath_routine_diligence.eml
EMAIL-280,Dana Whitaker,01/26/2023,11:50:00 PST,Hannah Cole <hcole@cascadetimber.com>,Nina Alvarez <nalvarez@alderpointpartners.com>,,Survey status note — Klamath candidates (pre-field),Routine,No,No,,<email-280.202301261150@cascadetimber.com>,Custodians/Dana_Whitaker/EMAIL-280_Survey_status_note_Klamath_candidates_pre_field.eml
EMAIL-281,Brenda Moss,04/07/2023,13:20:00 PDT,Hannah Cole <hcole@cascadetimber.com>,GreenAcre Land Survey Co. <surveys@greenacresurvey.com>,,Recorder notice — parcel number cited (map required),Routine,No,No,recorder_notice.txt,<email-281.202304071320@cascadetimber.com>,Custodians/Brenda_Moss/EMAIL-281_Recorder_notice_parcel_number_cited_map_required.eml
EMAIL-282,Kevin Tran,02/15/2023,13:00:00 PST,Hannah Cole <hcole@cascadetimber.com>,GreenAcre Land Survey Co. <surveys@greenacresurvey.com>,,County easement filing — NW-05,Routine,No,No,NW-03_filing.txt,<email-282.202302151300@cascadetimber.com>,Custodians/Kevin_Tran/EMAIL-282_County_easement_filing_NW_05.eml
EMAIL-283,Grace Lin,05/16/2023,14:40:00 PDT,Tom Reyes <treyes@alderpointpartners.com>,Hannah Cole <hcole@cascadetimber.com>,,GreenAcre field sheet — NW-01,Routine,No,No,NW-05_fieldsheet.txt,<email-283.202305161440@alderpointpartners.com>,Custodians/Grace_Lin/EMAIL-283_GreenAcre_field_sheet_NW_01.eml
EMAIL-284,Tom Reyes,03/25/2023,17:10:00 PDT,Hannah Cole <hcole@cascadetimber.com>,Jay Whitfield <jwhitfield@alderpointpartners.com>,,County easement filing — NW-02,Routine,No,No,NW-06_filing.txt,<email-284.202303251710@cascadetimber.com>,Custodians/Tom_Reyes/EMAIL-284_County_easement_filing_NW_02.eml
EMAIL-285,Kevin Tran,09/07/2022,09:10:00 PDT,Tom Reyes <treyes@alderpointpartners.com>,GreenAcre Land Survey Co. <surveys@greenacresurvey.com>,,Application date confirmation — NW-04,Routine,No,No,,<email-285.202209070910@alderpointpartners.com>,Custodians/Kevin_Tran/EMAIL-285_Application_date_confirmation_NW_04.eml
EMAIL-286,Mia Chen,08/03/2023,16:10:00 PDT,Hannah Cole <hcole@cascadetimber.com>,Jay Whitfield <jwhitfield@alderpointpartners.com>,,Recorder notice — parcel number cited (map required),Routine,No,No,recorder_notice.txt,<email-286.202308031610@cascadetimber.com>,Custodians/Mia_Chen/EMAIL-286_Recorder_notice_parcel_number_cited_map_required.eml
EMAIL-287,IT Notifications,06/12/2022,13:20:00 PDT,Priya Shah <pshah@alderpointpartners.com>,Hannah Cole <hcole@cascadetimber.com>,,GreenAcre field sheet — NW-02,Routine,No,No,NW-03_fieldsheet.txt,<email-287.202206121320@alderpointpartners.com>,Custodians/IT_Notifications/EMAIL-287_GreenAcre_field_sheet_NW_02.eml
EMAIL-288,Frank Delgado,06/12/2022,10:25:00 PDT,Jay Whitfield <jwhitfield@alderpointpartners.com>,Priya Shah <pshah@alderpointpartners.com>,,GreenAcre field sheet — NW-06,Routine,No,No,NW-02_fieldsheet.txt,<email-288.202206121025@alderpointpartners.com>,Custodians/Frank_Delgado/EMAIL-288_GreenAcre_field_sheet_NW_06.eml
EMAIL-289,Robert Denniston,09/13/2022,10:35:00 PDT,Hannah Cole <hcole@cascadetimber.com>,Jay Whitfield <jwhitfield@alderpointpartners.com>,,Parcel file pull — southern tracts (routine),Routine,No,No,,<email-289.202209131035@cascadetimber.com>,Custodians/Robert_Denniston/EMAIL-289_Parcel_file_pull_southern_tracts_routine.eml
EMAIL-290,Dana Whitaker,05/15/2022,11:30:00 PDT,GreenAcre Land Survey Co. <surveys@greenacresurvey.com>,Hannah Cole <hcole@cascadetimber.com>,,County easement filing — NW-05,Routine,No,No,NW-08_filing.txt,<email-290.202205151130@greenacresurvey.com>,Custodians/Dana_Whitaker/EMAIL-290_County_easement_filing_NW_05.eml
EMAIL-291,Elena Marlowe,08/20/2023,08:25:00 PDT,Tom Reyes <treyes@alderpointpartners.com>,Hannah Cole <hcole@cascadetimber.com>,,Parcel payment ledger line — NW-06,Routine,No,No,NW-06_ledger.csv,<email-291.202308200825@alderpointpartners.com>,Custodians/Elena_Marlowe/EMAIL-291_Parcel_payment_ledger_line_NW_06.eml
EMAIL-292,Priya Shah,01/01/2023,11:15:00 PST,Jay Whitfield <jwhitfield@alderpointpartners.com>,GreenAcre Land Survey Co. <surveys@greenacresurvey.com>,,Easement file review — Lane/Klamath (routine diligence),Routine,No,No,,<email-292.202301011115@alderpointpartners.com>,Custodians/Priya_Shah/EMAIL-292_Easement_file_review_Lane_Klamath_routine_diligence.eml
EMAIL-293,Facilities,01/14/2023,09:50:00 PST,Priya Shah <pshah@alderpointpartners.com>,Nina Alvarez <nalvarez@alderpointpartners.com>,GreenAcre Land Survey Co. <surveys@greenacresurvey.com>,Easement file review — Lane/Klamath (routine diligence),Routine,No,No,,<email-293.202301140950@alderpointpartners.com>,Custodians/Facilities/EMAIL-293_Easement_file_review_Lane_Klamath_routine_diligence.eml
EMAIL-294,Mia Chen,11/05/2023,13:25:00 PST,Tom Reyes <treyes@alderpointpartners.com>,Jay Whitfield <jwhitfield@alderpointpartners.com>,,GreenAcre field sheet — NW-03,Routine,No,No,NW-06_fieldsheet.txt,<email-294.202311051325@alderpointpartners.com>,Custodians/Mia_Chen/EMAIL-294_GreenAcre_field_sheet_NW_03.eml
EMAIL-295,Frank Delgado,04/28/2022,10:35:00 PDT,GreenAcre Land Survey Co. <surveys@greenacresurvey.com>,Nina Alvarez <nalvarez@alderpointpartners.com>,,Parcel payment ledger line — NW-06,Routine,No,No,NW-08_ledger.csv,<email-295.202204281035@greenacresurvey.com>,Custodians/Frank_Delgado/EMAIL-295_Parcel_payment_ledger_line_NW_06.eml
EMAIL-296,Mia Chen,10/16/2022,09:00:00 PDT,Hannah Cole <hcole@cascadetimber.com>,Priya Shah <pshah@alderpointpartners.com>,,Survey status note — Klamath candidates (pre-field),Routine,No,No,,<email-296.202210160900@cascadetimber.com>,Custodians/Mia_Chen/EMAIL-296_Survey_status_note_Klamath_candidates_pre_field.eml
EMAIL-297,Dana Whitaker,05/29/2023,11:00:00 PDT,Priya Shah <pshah@alderpointpartners.com>,Jay Whitfield <jwhitfield@alderpointpartners.com>,,County easement filing — NW-07,Routine,No,No,NW-06_filing.txt,<email-297.202305291100@alderpointpartners.com>,Custodians/Dana_Whitaker/EMAIL-297_County_easement_filing_NW_07.eml
EMAIL-298,Jay Whitfield,10/09/2022,10:25:00 PDT,Tom Reyes <treyes@alderpointpartners.com>,GreenAcre Land Survey Co. <surveys@greenacresurvey.com>,,County easement filing — NW-03,Routine,No,No,NW-01_filing.txt,<email-298.202210091025@alderpointpartners.com>,Custodians/Jay_Whitfield/EMAIL-298_County_easement_filing_NW_03.eml
EMAIL-299,Brenda Moss,04/06/2022,14:40:00 PDT,Nina Alvarez <nalvarez@alderpointpartners.com>,Tom Reyes <treyes@alderpointpartners.com>,,Easement file review — Lane/Klamath (routine diligence),Routine,No,No,,<email-299.202204061440@alderpointpartners.com>,Custodians/Brenda_Moss/EMAIL-299_Easement_file_review_Lane_Klamath_routine_diligence.eml
EMAIL-300,Wendy Park,03/30/2022,10:35:00 PDT,Nina Alvarez <nalvarez@alderpointpartners.com>,Hannah Cole <hcole@cascadetimber.com>,,Survey status note — Klamath candidates (pre-field),Routine,No,No,,<email-300.202203301035@alderpointpartners.com>,Custodians/Wendy_Park/EMAIL-300_Survey_status_note_Klamath_candidates_pre_field.eml
EMAIL-301,Facilities,10/27/2022,08:00:00 PDT,Nina Alvarez <nalvarez@alderpointpartners.com>,Jay Whitfield <jwhitfield@alderpointpartners.com>,,Parcel payment ledger line — NW-04,Routine,No,No,NW-03_ledger.csv,<email-301.202210270800@alderpointpartners.com>,Custodians/Facilities/EMAIL-301_Parcel_payment_ledger_line_NW_04.eml
EMAIL-302,Human Resources,05/01/2023,08:45:00 PDT,GreenAcre Land Survey Co. <surveys@greenacresurvey.com>,Jay Whitfield <jwhitfield@alderpointpartners.com>,,Submission packet — NW-05 2022,Routine,No,No,NW-05_packet_index.txt,<email-302.202305010845@greenacresurvey.com>,Custodians/Human_Resources/EMAIL-302_Submission_packet_NW_05_2022.eml
EMAIL-303,IT Notifications,11/08/2023,08:30:00 PST,Jay Whitfield <jwhitfield@alderpointpartners.com>,Hannah Cole <hcole@cascadetimber.com>,,Application date confirmation — NW-04,Routine,No,No,,<email-303.202311080830@alderpointpartners.com>,Custodians/IT_Notifications/EMAIL-303_Application_date_confirmation_NW_04.eml
EMAIL-304,Robert Denniston,03/03/2022,09:45:00 PDT,GreenAcre Land Survey Co. <surveys@greenacresurvey.com>,Jay Whitfield <jwhitfield@alderpointpartners.com>,,Survey planning note — candidate parcels (pre-field),Routine,No,No,,<email-304.202203030945@greenacresurvey.com>,Custodians/Robert_Denniston/EMAIL-304_Survey_planning_note_candidate_parcels_pre_field.eml
EMAIL-305,Craig Sato,12/29/2022,10:15:00 PST,GreenAcre Land Survey Co. <surveys@greenacresurvey.com>,Jay Whitfield <jwhitfield@alderpointpartners.com>,,Parcel file pull — southern tracts (routine),Routine,No,No,,<email-305.202212291015@greenacresurvey.com>,Custodians/Craig_Sato/EMAIL-305_Parcel_file_pull_southern_tracts_routine.eml
EMAIL-306,Dan Osei,08/06/2022,09:10:00 PDT,Priya Shah <pshah@alderpointpartners.com>,GreenAcre Land Survey Co. <surveys@greenacresurvey.com>,,Application date confirmation — NW-04,Routine,No,No,,<email-306.202208060910@alderpointpartners.com>,Custodians/Dan_Osei/EMAIL-306_Application_date_confirmation_NW_04.eml
EMAIL-307,Priya Shah,02/19/2022,16:25:00 PST,Nina Alvarez <nalvarez@alderpointpartners.com>,Tom Reyes <treyes@alderpointpartners.com>,,Parcel payment ledger line — NW-03,Routine,No,No,,<email-307.202202191625@alderpointpartners.com>,Custodians/Priya_Shah/EMAIL-307_Parcel_payment_ledger_line_NW_03.eml
EMAIL-308,Tom Reyes,02/13/2022,10:50:00 PST,GreenAcre Land Survey Co. <surveys@greenacresurvey.com>,Priya Shah <pshah@alderpointpartners.com>,,Recorder notice — parcel number cited (map required),Routine,No,No,recorder_notice.txt,<email-308.202202131050@greenacresurvey.com>,Custodians/Tom_Reyes/EMAIL-308_Recorder_notice_parcel_number_cited_map_required.eml
EMAIL-309,Robert Denniston,08/30/2023,09:40:00 PDT,Jay Whitfield <jwhitfield@alderpointpartners.com>,Tom Reyes <treyes@alderpointpartners.com>,,Submission packet — NW-07 2022,Routine,No,No,NW-05_packet_index.txt,<email-309.202308300940@alderpointpartners.com>,Custodians/Robert_Denniston/EMAIL-309_Submission_packet_NW_07_2022.eml
EMAIL-310,Jay Whitfield,09/13/2023,11:20:00 PDT,GreenAcre Land Survey Co. <surveys@greenacresurvey.com>,Jay Whitfield <jwhitfield@alderpointpartners.com>,Priya Shah <pshah@alderpointpartners.com>,GreenAcre field sheet — NW-06,Routine,No,No,NW-03_fieldsheet.txt,<email-310.202309131120@greenacresurvey.com>,Custodians/Jay_Whitfield/EMAIL-310_GreenAcre_field_sheet_NW_06.eml
EMAIL-311,Elena Marlowe,12/10/2023,08:00:00 PST,Tom Reyes <treyes@alderpointpartners.com>,Jay Whitfield <jwhitfield@alderpointpartners.com>,,GreenAcre field sheet — NW-07,Routine,No,No,NW-08_fieldsheet.txt,<email-311.202312100800@alderpointpartners.com>,Custodians/Elena_Marlowe/EMAIL-311_GreenAcre_field_sheet_NW_07.eml
EMAIL-312,Derek Holt,08/27/2022,08:40:00 PDT,Priya Shah <pshah@alderpointpartners.com>,Nina Alvarez <nalvarez@alderpointpartners.com>,,Submission packet — NW-06 2022,Routine,No,No,NW-08_packet_index.txt,<email-312.202208270840@alderpointpartners.com>,Custodians/Derek_Holt/EMAIL-312_Submission_packet_NW_06_2022.eml
EMAIL-313,John Ellery,04/25/2022,09:35:00 PDT,Tom Reyes <treyes@alderpointpartners.com>,Nina Alvarez <nalvarez@alderpointpartners.com>,Hannah Cole <hcole@cascadetimber.com>,Recorder notice — parcel number cited (map required),Routine,No,No,recorder_notice.txt,<email-313.202204250935@alderpointpartners.com>,Custodians/John_Ellery/EMAIL-313_Recorder_notice_parcel_number_cited_map_required.eml
EMAIL-314,A Patel,05/20/2023,15:15:00 PDT,Priya Shah <pshah@alderpointpartners.com>,Tom Reyes <treyes@alderpointpartners.com>,,County easement filing — NW-05,Routine,No,No,NW-02_filing.txt,<email-314.202305201515@alderpointpartners.com>,Custodians/A_Patel/EMAIL-314_County_easement_filing_NW_05.eml
EMAIL-315,Sarah Nguyen,09/07/2023,09:10:00 PDT,Priya Shah <pshah@alderpointpartners.com>,Jay Whitfield <jwhitfield@alderpointpartners.com>,,Easement language check — Lane/Klamath,Routine,No,No,,<email-315.202309070910@alderpointpartners.com>,Custodians/Sarah_Nguyen/EMAIL-315_Easement_language_check_Lane_Klamath.eml
EMAIL-316,Alan Brooks,02/03/2023,13:00:00 PST,Jay Whitfield <jwhitfield@alderpointpartners.com>,Tom Reyes <treyes@alderpointpartners.com>,,GreenAcre field sheet — NW-04,Routine,No,No,NW-08_fieldsheet.txt,<email-316.202302031300@alderpointpartners.com>,Custodians/Alan_Brooks/EMAIL-316_GreenAcre_field_sheet_NW_04.eml
EMAIL-317,Dan Osei,12/09/2023,10:40:00 PST,GreenAcre Land Survey Co. <surveys@greenacresurvey.com>,Jay Whitfield <jwhitfield@alderpointpartners.com>,,Re-survey memo — Klamath pair (dates cited),Routine,No,No,,<email-317.202312091040@greenacresurvey.com>,Custodians/Dan_Osei/EMAIL-317_Re_survey_memo_Klamath_pair_dates_cited.eml
EMAIL-318,Kevin Tran,05/05/2023,11:40:00 PDT,Jay Whitfield <jwhitfield@alderpointpartners.com>,Tom Reyes <treyes@alderpointpartners.com>,,GreenAcre field sheet — NW-07,Routine,No,No,NW-05_fieldsheet.txt,<email-318.202305051140@alderpointpartners.com>,Custodians/Kevin_Tran/EMAIL-318_GreenAcre_field_sheet_NW_07.eml
EMAIL-319,Sarah Nguyen,04/25/2022,13:00:00 PDT,Priya Shah <pshah@alderpointpartners.com>,GreenAcre Land Survey Co. <surveys@greenacresurvey.com>,,Parcel file pull — southern tracts (routine),Routine,No,No,,<email-319.202204251300@alderpointpartners.com>,Custodians/Sarah_Nguyen/EMAIL-319_Parcel_file_pull_southern_tracts_routine.eml
EMAIL-320,Mia Chen,03/13/2022,16:35:00 PDT,GreenAcre Land Survey Co. <surveys@greenacresurvey.com>,Jay Whitfield <jwhitfield@alderpointpartners.com>,,Recorder notice — parcel number cited (map required),Routine,No,No,recorder_notice.txt,<email-320.202203131635@greenacresurvey.com>,Custodians/Mia_Chen/EMAIL-320_Recorder_notice_parcel_number_cited_map_required.eml
EMAIL-321,Frank Delgado,01/28/2023,08:35:00 PST,Tom Reyes <treyes@alderpointpartners.com>,Hannah Cole <hcole@cascadetimber.com>,,Easement file review — Lane/Klamath (routine diligence),Routine,No,No,,<email-321.202301280835@alderpointpartners.com>,Custodians/Frank_Delgado/EMAIL-321_Easement_file_review_Lane_Klamath_routine_diligence.eml
EMAIL-322,Brenda Moss,08/16/2023,09:20:00 PDT,Priya Shah <pshah@alderpointpartners.com>,Hannah Cole <hcole@cascadetimber.com>,,Application date confirmation — NW-07,Routine,No,No,,<email-322.202308160920@alderpointpartners.com>,Custodians/Brenda_Moss/EMAIL-322_Application_date_confirmation_NW_07.eml
EMAIL-323,Elena Marlowe,04/20/2022,08:40:00 PDT,Tom Reyes <treyes@alderpointpartners.com>,Nina Alvarez <nalvarez@alderpointpartners.com>,,Recorder notice — parcel number cited (map required),Routine,No,No,recorder_notice.txt,<email-323.202204200840@alderpointpartners.com>,Custodians/Elena_Marlowe/EMAIL-323_Recorder_notice_parcel_number_cited_map_required.eml
EMAIL-324,Craig Sato,04/21/2023,09:40:00 PDT,Nina Alvarez <nalvarez@alderpointpartners.com>,Priya Shah <pshah@alderpointpartners.com>,,Application date confirmation — NW-06,Routine,No,No,,<email-324.202304210940@alderpointpartners.com>,Custodians/Craig_Sato/EMAIL-324_Application_date_confirmation_NW_06.eml
EMAIL-325,Priya Shah,11/25/2023,09:55:00 PST,GreenAcre Land Survey Co. <surveys@greenacresurvey.com>,Hannah Cole <hcole@cascadetimber.com>,,Recorder notice — parcel number cited (map required),Routine,No,No,recorder_notice.txt,<email-325.202311250955@greenacresurvey.com>,Custodians/Priya_Shah/EMAIL-325_Recorder_notice_parcel_number_cited_map_required.eml
EMAIL-326,Mia Chen,08/30/2022,09:45:00 PDT,Hannah Cole <hcole@cascadetimber.com>,Tom Reyes <treyes@alderpointpartners.com>,,County easement filing — NW-01,Routine,No,No,NW-08_filing.txt,<email-326.202208300945@cascadetimber.com>,Custodians/Mia_Chen/EMAIL-326_County_easement_filing_NW_01.eml
EMAIL-327,Dan Osei,06/25/2022,09:05:00 PDT,Nina Alvarez <nalvarez@alderpointpartners.com>,Jay Whitfield <jwhitfield@alderpointpartners.com>,,Easement file review — Lane/Klamath (routine diligence),Routine,No,No,,<email-327.202206250905@alderpointpartners.com>,Custodians/Dan_Osei/EMAIL-327_Easement_file_review_Lane_Klamath_routine_diligence.eml
EMAIL-328,Hannah Cole,08/05/2023,09:50:00 PDT,Hannah Cole <hcole@cascadetimber.com>,Tom Reyes <treyes@alderpointpartners.com>,,Southern tracts file pull — disambiguation,Routine,No,No,,<email-328.202308050950@cascadetimber.com>,Custodians/Hannah_Cole/EMAIL-328_Southern_tracts_file_pull_disambiguation.eml
EMAIL-329,Nina Alvarez,09/26/2022,09:00:00 PDT,Tom Reyes <treyes@alderpointpartners.com>,Priya Shah <pshah@alderpointpartners.com>,,Parcel file pull — southern tracts (routine),Routine,No,No,,<email-329.202209260900@alderpointpartners.com>,Custodians/Nina_Alvarez/EMAIL-329_Parcel_file_pull_southern_tracts_routine.eml
EMAIL-330,Kevin Tran,05/14/2023,10:10:00 PDT,GreenAcre Land Survey Co. <surveys@greenacresurvey.com>,Nina Alvarez <nalvarez@alderpointpartners.com>,,Application date confirmation — NW-08,Routine,No,No,,<email-330.202305141010@greenacresurvey.com>,Custodians/Kevin_Tran/EMAIL-330_Application_date_confirmation_NW_08.eml
EMAIL-331,Derek Holt,12/05/2021,11:10:00 PST,Priya Shah <pshah@alderpointpartners.com>,Hannah Cole <hcole@cascadetimber.com>,,Parcel data sheet (internal draft) — NW-03,Routine,No,No,NW-05_datasheet.csv,<email-331.202112051110@alderpointpartners.com>,Custodians/Derek_Holt/EMAIL-331_Parcel_data_sheet_internal_draft_NW_03.eml
EMAIL-332,Elena Marlowe,06/09/2023,16:55:00 PDT,Tom Reyes <treyes@alderpointpartners.com>,Jay Whitfield <jwhitfield@alderpointpartners.com>,GreenAcre Land Survey Co. <surveys@greenacresurvey.com>,Survey status note — Klamath candidates (pre-field),Routine,No,No,,<email-332.202306091655@alderpointpartners.com>,Custodians/Elena_Marlowe/EMAIL-332_Survey_status_note_Klamath_candidates_pre_field.eml
EMAIL-333,Robert Denniston,01/30/2023,10:50:00 PST,Priya Shah <pshah@alderpointpartners.com>,Nina Alvarez <nalvarez@alderpointpartners.com>,,Easement file review — Lane/Klamath (routine diligence),Routine,No,No,,<email-333.202301301050@alderpointpartners.com>,Custodians/Robert_Denniston/EMAIL-333_Easement_file_review_Lane_Klamath_routine_diligence.eml
EMAIL-334,Hannah Cole,05/06/2023,08:00:00 PDT,Priya Shah <pshah@alderpointpartners.com>,Nina Alvarez <nalvarez@alderpointpartners.com>,,Recorder notice — parcel number cited (map required),Routine,No,No,recorder_notice.txt,<email-334.202305060800@alderpointpartners.com>,Custodians/Hannah_Cole/EMAIL-334_Recorder_notice_parcel_number_cited_map_required.eml
EMAIL-335,Robert Denniston,02/13/2022,09:00:00 PST,GreenAcre Land Survey Co. <surveys@greenacresurvey.com>,Nina Alvarez <nalvarez@alderpointpartners.com>,,Parcel file pull — southern tracts (routine),Routine,No,No,,<email-335.202202130900@greenacresurvey.com>,Custodians/Robert_Denniston/EMAIL-335_Parcel_file_pull_southern_tracts_routine.eml
EMAIL-336,Alan Brooks,10/26/2022,08:10:00 PDT,Priya Shah <pshah@alderpointpartners.com>,Jay Whitfield <jwhitfield@alderpointpartners.com>,,Easement file review — Lane/Klamath (routine diligence),Routine,No,No,,<email-336.202210260810@alderpointpartners.com>,Custodians/Alan_Brooks/EMAIL-336_Easement_file_review_Lane_Klamath_routine_diligence.eml
EMAIL-337,Grace Lin,08/28/2022,10:05:00 PDT,Priya Shah <pshah@alderpointpartners.com>,Jay Whitfield <jwhitfield@alderpointpartners.com>,,Easement file review — Lane/Klamath (routine diligence),Routine,No,No,,<email-337.202208281005@alderpointpartners.com>,Custodians/Grace_Lin/EMAIL-337_Easement_file_review_Lane_Klamath_routine_diligence.eml
EMAIL-338,Frank Delgado,05/05/2023,08:00:00 PDT,Hannah Cole <hcole@cascadetimber.com>,Jay Whitfield <jwhitfield@alderpointpartners.com>,,County easement filing — NW-03,Routine,No,No,NW-02_filing.txt,<email-338.202305050800@cascadetimber.com>,Custodians/Frank_Delgado/EMAIL-338_County_easement_filing_NW_03.eml
EMAIL-339,Frank Delgado,09/24/2022,16:55:00 PDT,Tom Reyes <treyes@alderpointpartners.com>,GreenAcre Land Survey Co. <surveys@greenacresurvey.com>,Priya Shah <pshah@alderpointpartners.com>,Application date confirmation — NW-03,Routine,No,No,,<email-339.202209241655@alderpointpartners.com>,Custodians/Frank_Delgado/EMAIL-339_Application_date_confirmation_NW_03.eml
EMAIL-340,Nina Alvarez,08/04/2022,08:40:00 PDT,GreenAcre Land Survey Co. <surveys@greenacresurvey.com>,Jay Whitfield <jwhitfield@alderpointpartners.com>,,County easement filing — NW-06,Routine,No,No,NW-04_filing.txt,<email-340.202208040840@greenacresurvey.com>,Custodians/Nina_Alvarez/EMAIL-340_County_easement_filing_NW_06.eml
EMAIL-341,Facilities,01/24/2022,17:35:00 PST,Hannah Cole <hcole@cascadetimber.com>,GreenAcre Land Survey Co. <surveys@greenacresurvey.com>,,Submission checklist (draft) — NW-05 2022,Routine,No,No,NW-06_checklist.txt,<email-341.202201241735@cascadetimber.com>,Custodians/Facilities/EMAIL-341_Submission_checklist_draft_NW_05_2022.eml
EMAIL-342,Dana Whitaker,12/08/2023,13:05:00 PST,Jay Whitfield <jwhitfield@alderpointpartners.com>,Tom Reyes <treyes@alderpointpartners.com>,,County easement filing — NW-08,Routine,No,No,NW-07_filing.txt,<email-342.202312081305@alderpointpartners.com>,Custodians/Dana_Whitaker/EMAIL-342_County_easement_filing_NW_08.eml
EMAIL-343,Elena Marlowe,08/30/2022,11:10:00 PDT,Priya Shah <pshah@alderpointpartners.com>,Hannah Cole <hcole@cascadetimber.com>,,Application date confirmation — NW-02,Routine,No,No,,<email-343.202208301110@alderpointpartners.com>,Custodians/Elena_Marlowe/EMAIL-343_Application_date_confirmation_NW_02.eml
EMAIL-344,Marcus Webb,05/06/2023,10:00:00 PDT,Tom Reyes <treyes@alderpointpartners.com>,GreenAcre Land Survey Co. <surveys@greenacresurvey.com>,,Survey status note — Klamath candidates (pre-field),Routine,No,No,,<email-344.202305061000@alderpointpartners.com>,Custodians/Marcus_Webb/EMAIL-344_Survey_status_note_Klamath_candidates_pre_field.eml
EMAIL-345,Grace Lin,01/03/2023,14:20:00 PST,Tom Reyes <treyes@alderpointpartners.com>,Jay Whitfield <jwhitfield@alderpointpartners.com>,,Easement file review — Lane/Klamath (routine diligence),Routine,No,No,,<email-345.202301031420@alderpointpartners.com>,Custodians/Grace_Lin/EMAIL-345_Easement_file_review_Lane_Klamath_routine_diligence.eml
EMAIL-346,Human Resources,07/06/2022,08:10:00 PDT,Priya Shah <pshah@alderpointpartners.com>,Jay Whitfield <jwhitfield@alderpointpartners.com>,,Survey status note — Klamath candidates (pre-field),Routine,No,No,,<email-346.202207060810@alderpointpartners.com>,Custodians/Human_Resources/EMAIL-346_Survey_status_note_Klamath_candidates_pre_field.eml
EMAIL-347,IT Notifications,05/05/2023,09:05:00 PDT,Hannah Cole <hcole@cascadetimber.com>,Priya Shah <pshah@alderpointpartners.com>,,Submission packet — NW-06 2022,Routine,No,No,NW-01_packet_index.txt,<email-347.202305050905@cascadetimber.com>,Custodians/IT_Notifications/EMAIL-347_Submission_packet_NW_06_2022.eml
EMAIL-348,IT Notifications,07/11/2023,16:10:00 PDT,Hannah Cole <hcole@cascadetimber.com>,GreenAcre Land Survey Co. <surveys@greenacresurvey.com>,,Parcel payment ledger line — NW-05,Routine,No,No,NW-04_ledger.csv,<email-348.202307111610@cascadetimber.com>,Custodians/IT_Notifications/EMAIL-348_Parcel_payment_ledger_line_NW_05.eml
EMAIL-349,HR,06/01/2022,09:50:00 PDT,Nina Alvarez <nalvarez@alderpointpartners.com>,Hannah Cole <hcole@cascadetimber.com>,,Parcel file pull — southern tracts (routine),Routine,No,No,,<email-349.202206010950@alderpointpartners.com>,Custodians/HR/EMAIL-349_Parcel_file_pull_southern_tracts_routine.eml
EMAIL-350,Derek Holt,01/25/2023,14:15:00 PST,Hannah Cole <hcole@cascadetimber.com>,GreenAcre Land Survey Co. <surveys@greenacresurvey.com>,,County easement filing — NW-03,Routine,No,No,NW-01_filing.txt,<email-350.202301251415@cascadetimber.com>,Custodians/Derek_Holt/EMAIL-350_County_easement_filing_NW_03.eml
EMAIL-351,Sarah Nguyen,09/05/2023,08:30:00 PDT,Jay Whitfield <jwhitfield@alderpointpartners.com>,Tom Reyes <treyes@alderpointpartners.com>,,Application date confirmation — NW-04,Routine,No,No,,<email-351.202309050830@alderpointpartners.com>,Custodians/Sarah_Nguyen/EMAIL-351_Application_date_confirmation_NW_04.eml
EMAIL-352,Brenda Moss,08/04/2023,16:50:00 PDT,Tom Reyes <treyes@alderpointpartners.com>,Priya Shah <pshah@alderpointpartners.com>,,County easement filing — NW-02,Routine,No,No,NW-06_filing.txt,<email-352.202308041650@alderpointpartners.com>,Custodians/Brenda_Moss/EMAIL-352_County_easement_filing_NW_02.eml
EMAIL-353,Elena Marlowe,11/26/2023,11:15:00 PST,Tom Reyes <treyes@alderpointpartners.com>,Jay Whitfield <jwhitfield@alderpointpartners.com>,,Southern tracts file pull — disambiguation,Routine,No,No,,<email-353.202311261115@alderpointpartners.com>,Custodians/Elena_Marlowe/EMAIL-353_Southern_tracts_file_pull_disambiguation.eml
EMAIL-354,HR,08/14/2022,09:55:00 PDT,Priya Shah <pshah@alderpointpartners.com>,GreenAcre Land Survey Co. <surveys@greenacresurvey.com>,,Recorder notice — parcel number cited (map required),Routine,No,No,recorder_notice.txt,<email-354.202208140955@alderpointpartners.com>,Custodians/HR/EMAIL-354_Recorder_notice_parcel_number_cited_map_required.eml
EMAIL-355,Grace Lin,07/03/2022,08:20:00 PDT,Hannah Cole <hcole@cascadetimber.com>,Tom Reyes <treyes@alderpointpartners.com>,,Application date confirmation — NW-03,Routine,No,No,,<email-355.202207030820@cascadetimber.com>,Custodians/Grace_Lin/EMAIL-355_Application_date_confirmation_NW_03.eml
EMAIL-356,Wendy Park,05/01/2022,16:00:00 PDT,Tom Reyes <treyes@alderpointpartners.com>,Jay Whitfield <jwhitfield@alderpointpartners.com>,,Easement file review — Lane/Klamath (routine diligence),Routine,No,No,,<email-356.202205011600@alderpointpartners.com>,Custodians/Wendy_Park/EMAIL-356_Easement_file_review_Lane_Klamath_routine_diligence.eml
EMAIL-357,Derek Holt,11/22/2023,08:05:00 PST,Tom Reyes <treyes@alderpointpartners.com>,Hannah Cole <hcole@cascadetimber.com>,,County easement filing — NW-06,Routine,No,No,NW-01_filing.txt,<email-357.202311220805@alderpointpartners.com>,Custodians/Derek_Holt/EMAIL-357_County_easement_filing_NW_06.eml
EMAIL-358,Nina Alvarez,03/15/2022,13:55:00 PDT,Priya Shah <pshah@alderpointpartners.com>,Hannah Cole <hcole@cascadetimber.com>,,Parcel payment ledger line — NW-05,Routine,No,No,,<email-358.202203151355@alderpointpartners.com>,Custodians/Nina_Alvarez/EMAIL-358_Parcel_payment_ledger_line_NW_05.eml
EMAIL-359,Mia Chen,04/20/2022,09:05:00 PDT,Nina Alvarez <nalvarez@alderpointpartners.com>,Jay Whitfield <jwhitfield@alderpointpartners.com>,,Survey status note — Klamath candidates (pre-field),Routine,No,No,,<email-359.202204200905@alderpointpartners.com>,Custodians/Mia_Chen/EMAIL-359_Survey_status_note_Klamath_candidates_pre_field.eml
EMAIL-360,A Patel,07/31/2022,09:10:00 PDT,Jay Whitfield <jwhitfield@alderpointpartners.com>,Tom Reyes <treyes@alderpointpartners.com>,,Parcel file pull — southern tracts — (routine pull),Routine,No,No,,<email-360.202207310910@alderpointpartners.com>,Custodians/A_Patel/EMAIL-360_Parcel_file_pull_southern_tracts_routine_pull.eml
EMAIL-361,Grace Lin,05/30/2022,10:40:00 PDT,GreenAcre Land Survey Co. <surveys@greenacresurvey.com>,Tom Reyes <treyes@alderpointpartners.com>,,Application date confirmation — NW-07,Routine,No,No,,<email-361.202205301040@greenacresurvey.com>,Custodians/Grace_Lin/EMAIL-361_Application_date_confirmation_NW_07.eml
EMAIL-362,Marcus Webb,10/17/2023,11:15:00 PDT,Hannah Cole <hcole@cascadetimber.com>,Tom Reyes <treyes@alderpointpartners.com>,,Southern tracts file pull — disambiguation,Routine,No,No,,<email-362.202310171115@cascadetimber.com>,Custodians/Marcus_Webb/EMAIL-362_Southern_tracts_file_pull_disambiguation.eml
EMAIL-363,Sarah Nguyen,04/25/2022,14:55:00 PDT,Jay Whitfield <jwhitfield@alderpointpartners.com>,GreenAcre Land Survey Co. <surveys@greenacresurvey.com>,,Submission packet — NW-06 2022,Routine,No,No,NW-07_packet_index.txt,<email-363.202204251455@alderpointpartners.com>,Custodians/Sarah_Nguyen/EMAIL-363_Submission_packet_NW_06_2022.eml
EMAIL-364,Jay Whitfield,10/02/2022,17:35:00 PDT,Nina Alvarez <nalvarez@alderpointpartners.com>,Hannah Cole <hcole@cascadetimber.com>,,Easement file review — Lane/Klamath (routine diligence),Routine,No,No,,<email-364.202210021735@alderpointpartners.com>,Custodians/Jay_Whitfield/EMAIL-364_Easement_file_review_Lane_Klamath_routine_diligence.eml
EMAIL-365,Dan Osei,04/21/2022,11:25:00 PDT,Nina Alvarez <nalvarez@alderpointpartners.com>,Tom Reyes <treyes@alderpointpartners.com>,,County easement filing — NW-07,Routine,No,No,NW-07_filing.txt,<email-365.202204211125@alderpointpartners.com>,Custodians/Dan_Osei/EMAIL-365_County_easement_filing_NW_07.eml
EMAIL-366,Hannah Cole,11/05/2023,15:20:00 PST,Tom Reyes <treyes@alderpointpartners.com>,GreenAcre Land Survey Co. <surveys@greenacresurvey.com>,,Parcel payment ledger line — NW-07,Routine,No,No,NW-01_ledger.csv,<email-366.202311051520@alderpointpartners.com>,Custodians/Hannah_Cole/EMAIL-366_Parcel_payment_ledger_line_NW_07.eml
EMAIL-367,Grace Lin,08/17/2023,10:35:00 PDT,Tom Reyes <treyes@alderpointpartners.com>,Jay Whitfield <jwhitfield@alderpointpartners.com>,,GreenAcre field sheet — NW-05,Routine,No,No,NW-07_fieldsheet.txt,<email-367.202308171035@alderpointpartners.com>,Custodians/Grace_Lin/EMAIL-367_GreenAcre_field_sheet_NW_05.eml
EMAIL-368,Priya Shah,02/21/2022,16:25:00 PST,GreenAcre Land Survey Co. <surveys@greenacresurvey.com>,Nina Alvarez <nalvarez@alderpointpartners.com>,Jay Whitfield <jwhitfield@alderpointpartners.com>,Easement file review — Lane/Klamath (routine diligence),Routine,No,No,,<email-368.202202211625@greenacresurvey.com>,Custodians/Priya_Shah/EMAIL-368_Easement_file_review_Lane_Klamath_routine_diligence.eml
EMAIL-369,Nina Alvarez,01/25/2023,08:10:00 PST,Jay Whitfield <jwhitfield@alderpointpartners.com>,GreenAcre Land Survey Co. <surveys@greenacresurvey.com>,,County easement filing — NW-03,Routine,No,No,NW-08_filing.txt,<email-369.202301250810@alderpointpartners.com>,Custodians/Nina_Alvarez/EMAIL-369_County_easement_filing_NW_03.eml
EMAIL-370,Derek Holt,10/25/2022,16:15:00 PDT,GreenAcre Land Survey Co. <surveys@greenacresurvey.com>,Jay Whitfield <jwhitfield@alderpointpartners.com>,,GreenAcre field sheet — NW-04,Routine,No,No,NW-08_fieldsheet.txt,<email-370.202210251615@greenacresurvey.com>,Custodians/Derek_Holt/EMAIL-370_GreenAcre_field_sheet_NW_04.eml
EMAIL-371,Nina Alvarez,09/03/2023,09:15:00 PDT,Tom Reyes <treyes@alderpointpartners.com>,Priya Shah <pshah@alderpointpartners.com>,,Application date confirmation — NW-08,Routine,No,No,,<email-371.202309030915@alderpointpartners.com>,Custodians/Nina_Alvarez/EMAIL-371_Application_date_confirmation_NW_08.eml
EMAIL-372,Grace Lin,05/24/2022,10:20:00 PDT,Hannah Cole <hcole@cascadetimber.com>,Tom Reyes <treyes@alderpointpartners.com>,,Application date confirmation — NW-05,Routine,No,No,,<email-372.202205241020@cascadetimber.com>,Custodians/Grace_Lin/EMAIL-372_Application_date_confirmation_NW_05.eml
EMAIL-373,Dan Osei,04/01/2023,10:45:00 PDT,Tom Reyes <treyes@alderpointpartners.com>,Priya Shah <pshah@alderpointpartners.com>,,GreenAcre field sheet — NW-07,Routine,No,No,NW-03_fieldsheet.txt,<email-373.202304011045@alderpointpartners.com>,Custodians/Dan_Osei/EMAIL-373_GreenAcre_field_sheet_NW_07.eml
EMAIL-374,Wendy Park,10/15/2022,08:30:00 PDT,Nina Alvarez <nalvarez@alderpointpartners.com>,GreenAcre Land Survey Co. <surveys@greenacresurvey.com>,,Survey status note — Klamath candidates (pre-field),Routine,No,No,,<email-374.202210150830@alderpointpartners.com>,Custodians/Wendy_Park/EMAIL-374_Survey_status_note_Klamath_candidates_pre_field.eml
EMAIL-375,Kevin Tran,09/09/2023,19:20:00 PDT,Jay Whitfield <jwhitfield@alderpointpartners.com>,Tom Reyes <treyes@alderpointpartners.com>,,GreenAcre field sheet — NW-04,Routine,No,No,NW-08_fieldsheet.txt,<email-375.202309091920@alderpointpartners.com>,Custodians/Kevin_Tran/EMAIL-375_GreenAcre_field_sheet_NW_04.eml
EMAIL-376,Jay Whitfield,06/04/2022,10:15:00 PDT,Nina Alvarez <nalvarez@alderpointpartners.com>,GreenAcre Land Survey Co. <surveys@greenacresurvey.com>,,GreenAcre field sheet — NW-03,Routine,No,No,NW-04_fieldsheet.txt,<email-376.202206041015@alderpointpartners.com>,Custodians/Jay_Whitfield/EMAIL-376_GreenAcre_field_sheet_NW_03.eml
EMAIL-377,Dana Whitaker,05/22/2022,09:00:00 PDT,Tom Reyes <treyes@alderpointpartners.com>,Jay Whitfield <jwhitfield@alderpointpartners.com>,,Recorder notice — parcel number cited (map required),Routine,No,No,recorder_notice.txt,<email-377.202205220900@alderpointpartners.com>,Custodians/Dana_Whitaker/EMAIL-377_Recorder_notice_parcel_number_cited_map_required.eml
EMAIL-378,John Ellery,01/26/2023,09:30:00 PST,Nina Alvarez <nalvarez@alderpointpartners.com>,Tom Reyes <treyes@alderpointpartners.com>,,Recorder notice — parcel number cited (map required),Routine,No,No,recorder_notice.txt,<email-378.202301260930@alderpointpartners.com>,Custodians/John_Ellery/EMAIL-378_Recorder_notice_parcel_number_cited_map_required.eml
EMAIL-379,Mia Chen,02/21/2022,08:10:00 PST,Tom Reyes <treyes@alderpointpartners.com>,Priya Shah <pshah@alderpointpartners.com>,,Recorder notice — parcel number cited (map required),Routine,No,No,recorder_notice.txt,<email-379.202202210810@alderpointpartners.com>,Custodians/Mia_Chen/EMAIL-379_Recorder_notice_parcel_number_cited_map_required.eml
EMAIL-380,Derek Holt,10/05/2022,10:00:00 PDT,GreenAcre Land Survey Co. <surveys@greenacresurvey.com>,Jay Whitfield <jwhitfield@alderpointpartners.com>,,County easement filing — NW-02,Routine,No,No,NW-03_filing.txt,<email-380.202210051000@greenacresurvey.com>,Custodians/Derek_Holt/EMAIL-380_County_easement_filing_NW_02.eml
EMAIL-381,Grace Lin,02/04/2022,10:35:00 PST,Hannah Cole <hcole@cascadetimber.com>,Jay Whitfield <jwhitfield@alderpointpartners.com>,,Parcel file checklist — pre-submission,Routine,No,No,NW-03_checklist.txt,<email-381.202202041035@cascadetimber.com>,Custodians/Grace_Lin/EMAIL-381_Parcel_file_checklist_pre_submission.eml
EMAIL-382,Facilities,10/24/2023,16:15:00 PDT,Priya Shah <pshah@alderpointpartners.com>,Jay Whitfield <jwhitfield@alderpointpartners.com>,,Recorder notice — parcel number cited (map required),Routine,No,No,recorder_notice.txt,<email-382.202310241615@alderpointpartners.com>,Custodians/Facilities/EMAIL-382_Recorder_notice_parcel_number_cited_map_required.eml
EMAIL-383,Jay Whitfield,01/20/2022,09:35:00 PST,Jay Whitfield <jwhitfield@alderpointpartners.com>,Nina Alvarez <nalvarez@alderpointpartners.com>,,Recorder notice — parcel number cited (map required),Routine,No,No,recorder_notice.txt,<email-383.202201200935@alderpointpartners.com>,Custodians/Jay_Whitfield/EMAIL-383_Recorder_notice_parcel_number_cited_map_required.eml
EMAIL-384,Frank Delgado,08/03/2022,14:25:00 PDT,Priya Shah <pshah@alderpointpartners.com>,Tom Reyes <treyes@alderpointpartners.com>,,Recorder notice — parcel number cited (map required),Routine,No,No,recorder_notice.txt,<email-384.202208031425@alderpointpartners.com>,Custodians/Frank_Delgado/EMAIL-384_Recorder_notice_parcel_number_cited_map_required.eml
EMAIL-385,HR,06/07/2023,08:00:00 PDT,Hannah Cole <hcole@cascadetimber.com>,Priya Shah <pshah@alderpointpartners.com>,,Survey status note — Klamath candidates (pre-field),Routine,No,No,,<email-385.202306070800@cascadetimber.com>,Custodians/HR/EMAIL-385_Survey_status_note_Klamath_candidates_pre_field.eml
EMAIL-386,Craig Sato,06/02/2022,10:50:00 PDT,Jay Whitfield <jwhitfield@alderpointpartners.com>,Priya Shah <pshah@alderpointpartners.com>,,County easement filing — NW-01,Routine,No,No,NW-01_filing.txt,<email-386.202206021050@alderpointpartners.com>,Custodians/Craig_Sato/EMAIL-386_County_easement_filing_NW_01.eml
EMAIL-387,Sarah Nguyen,03/14/2022,09:20:00 PDT,Jay Whitfield <jwhitfield@alderpointpartners.com>,Tom Reyes <treyes@alderpointpartners.com>,,Parcel file pull — southern tracts (routine),Routine,No,No,,<email-387.202203140920@alderpointpartners.com>,Custodians/Sarah_Nguyen/EMAIL-387_Parcel_file_pull_southern_tracts_routine.eml
EMAIL-388,John Ellery,06/15/2022,15:35:00 PDT,GreenAcre Land Survey Co. <surveys@greenacresurvey.com>,Jay Whitfield <jwhitfield@alderpointpartners.com>,,Parcel file pull — southern tracts (routine),Routine,No,No,,<email-388.202206151535@greenacresurvey.com>,Custodians/John_Ellery/EMAIL-388_Parcel_file_pull_southern_tracts_routine.eml
EMAIL-389,Priya Shah,08/25/2022,08:15:00 PDT,Nina Alvarez <nalvarez@alderpointpartners.com>,Jay Whitfield <jwhitfield@alderpointpartners.com>,,Parcel file pull — southern tracts — (routine pull),Routine,No,No,,<email-389.202208250815@alderpointpartners.com>,Custodians/Priya_Shah/EMAIL-389_Parcel_file_pull_southern_tracts_routine_pull.eml
EMAIL-390,Frank Delgado,02/15/2022,16:00:00 PST,Priya Shah <pshah@alderpointpartners.com>,Jay Whitfield <jwhitfield@alderpointpartners.com>,,Parcel file checklist — pre-submission,Routine,No,No,NW-03_checklist.txt,<email-390.202202151600@alderpointpartners.com>,Custodians/Frank_Delgado/EMAIL-390_Parcel_file_checklist_pre_submission.eml
EMAIL-391,Dana Whitaker,04/28/2022,09:25:00 PDT,Tom Reyes <treyes@alderpointpartners.com>,Priya Shah <pshah@alderpointpartners.com>,,KW payment ledger — Clearwater,Routine,No,No,KW-02_ledger.csv,<email-391.202204280925@alderpointpartners.com>,Custodians/Dana_Whitaker/EMAIL-391_KW_payment_ledger_Clearwater.eml
EMAIL-392,IT Notifications,09/15/2023,13:00:00 PDT,Tom Reyes <treyes@alderpointpartners.com>,Tom Reyes <treyes@alderpointpartners.com>,,KW option agreement — KW-02 (dated post-3/16/22),Routine,No,No,KW-02_option_draft.txt,<email-392.202309151300@alderpointpartners.com>,Custodians/IT_Notifications/EMAIL-392_KW_option_agreement_KW_02_dated_post_3_16_22.eml
EMAIL-393,Kevin Tran,11/27/2023,17:10:00 PST,Grace Lin <glin@llassociates.com>,Tom Reyes <treyes@alderpointpartners.com>,,Clearwater record note — Route 97 (review),Routine,No,No,,<email-393.202311271710@llassociates.com>,Custodians/Kevin_Tran/EMAIL-393_Clearwater_record_note_Route_97_review.eml
EMAIL-394,Mia Chen,01/13/2023,17:45:00 PST,Tom Reyes <treyes@alderpointpartners.com>,Nina Alvarez <nalvarez@alderpointpartners.com>,,KW payment ledger — Clearwater,Routine,No,No,KW-01_ledger.csv,<email-394.202301131745@alderpointpartners.com>,Custodians/Mia_Chen/EMAIL-394_KW_payment_ledger_Clearwater.eml
EMAIL-395,Brenda Moss,04/06/2022,11:50:00 PDT,Tom Reyes <treyes@alderpointpartners.com>,Priya Shah <pshah@alderpointpartners.com>,,Nina Clearwater correspondence — Route 97,Routine,No,No,,<email-395.202204061150@alderpointpartners.com>,Custodians/Brenda_Moss/EMAIL-395_Nina_Clearwater_correspondence_Route_97.eml
EMAIL-396,Hannah Cole,10/15/2023,10:20:00 PDT,Tom Reyes <treyes@alderpointpartners.com>,Priya Shah <pshah@alderpointpartners.com>,,KW credit application — KW-01,Routine,No,No,KW-02_application.txt,<email-396.202310151020@alderpointpartners.com>,Custodians/Hannah_Cole/EMAIL-396_KW_credit_application_KW_01.eml
EMAIL-397,Human Resources,12/20/2022,09:10:00 PST,Tom Reyes <treyes@alderpointpartners.com>,Priya Shah <pshah@alderpointpartners.com>,,KW option agreement — KW-01 (dated post-3/16/22),Routine,No,No,KW-01_option_draft.txt,<email-397.202212200910@alderpointpartners.com>,Custodians/Human_Resources/EMAIL-397_KW_option_agreement_KW_01_dated_post_3_16_22.eml
EMAIL-398,Priya Shah,06/30/2023,09:50:00 PDT,Grace Lin <glin@llassociates.com>,Tom Reyes <treyes@alderpointpartners.com>,,Clearwater file receipt note — review (internal),Routine,No,No,,<email-398.202306300950@llassociates.com>,Custodians/Priya_Shah/EMAIL-398_Clearwater_file_receipt_note_review_internal.eml
EMAIL-399,Tom Reyes,10/19/2022,11:15:00 PDT,Tom Reyes <treyes@alderpointpartners.com>,Priya Shah <pshah@alderpointpartners.com>,,KW option agreement — KW-01 (dated post-3/16/22),Routine,No,No,KW-01_option_draft.txt,<email-399.202210191115@alderpointpartners.com>,Custodians/Tom_Reyes/EMAIL-399_KW_option_agreement_KW_01_dated_post_3_16_22.eml
EMAIL-400,Dan Osei,09/04/2023,08:10:00 PDT,Dana Whitaker <dwhitaker@whitakerforensic.com>,Grace Lin <glin@llassociates.com>,,Clearwater tracing note — Route 97 (counsel-directed),Privileged Work Product,Yes,No,,<email-400.202309040810@whitakerforensic.com>,Custodians/Dan_Osei/EMAIL-400_Clearwater_tracing_note_Route_97_counsel_directed.eml
EMAIL-401,Brenda Moss,08/17/2022,16:30:00 PDT,Tom Reyes <treyes@alderpointpartners.com>,Nina Alvarez <nalvarez@alderpointpartners.com>,,KW payment ledger — Clearwater,Routine,No,No,KW-02_ledger.csv,<email-401.202208171630@alderpointpartners.com>,Custodians/Brenda_Moss/EMAIL-401_KW_payment_ledger_Clearwater.eml
EMAIL-402,Jay Whitfield,07/13/2022,13:10:00 PDT,Tom Reyes <treyes@alderpointpartners.com>,Priya Shah <pshah@alderpointpartners.com>,,Clearwater file note — dates log (no conclusion),Routine,No,No,clearwater_dates.csv,<email-402.202207131310@alderpointpartners.com>,Custodians/Jay_Whitfield/EMAIL-402_Clearwater_file_note_dates_log_no_conclusion.eml
EMAIL-403,Robert Denniston,03/20/2023,15:20:00 PDT,Nina Alvarez <nalvarez@alderpointpartners.com>,Grace Lin <glin@llassociates.com>,,Clearwater file note — dates log (no conclusion),Routine,No,No,clearwater_dates.csv,<email-403.202303201520@alderpointpartners.com>,Custodians/Robert_Denniston/EMAIL-403_Clearwater_file_note_dates_log_no_conclusion.eml
EMAIL-404,IT Notifications,09/03/2022,15:05:00 PDT,Tom Reyes <treyes@alderpointpartners.com>,Nina Alvarez <nalvarez@alderpointpartners.com>,,Nina Clearwater correspondence — Route 97,Routine,No,No,,<email-404.202209031505@alderpointpartners.com>,Custodians/IT_Notifications/EMAIL-404_Nina_Clearwater_correspondence_Route_97.eml
EMAIL-405,IT Notifications,05/27/2023,09:30:00 PDT,Grace Lin <glin@llassociates.com>,Tom Reyes <treyes@alderpointpartners.com>,,Clearwater file status note (interim),Routine,No,No,,<email-405.202305270930@llassociates.com>,Custodians/IT_Notifications/EMAIL-405_Clearwater_file_status_note_interim.eml
EMAIL-406,Robert Denniston,04/11/2022,08:55:00 PDT,Tom Reyes <treyes@alderpointpartners.com>,Nina Alvarez <nalvarez@alderpointpartners.com>,,Nina Clearwater correspondence — Route 97,Routine,No,No,,<email-406.202204110855@alderpointpartners.com>,Custodians/Robert_Denniston/EMAIL-406_Nina_Clearwater_correspondence_Route_97.eml
EMAIL-407,Human Resources,09/20/2022,15:45:00 PDT,Tom Reyes <treyes@alderpointpartners.com>,Priya Shah <pshah@alderpointpartners.com>,,Nina Clearwater correspondence — Route 97,Routine,No,No,,<email-407.202209201545@alderpointpartners.com>,Custodians/Human_Resources/EMAIL-407_Nina_Clearwater_correspondence_Route_97.eml
EMAIL-408,Wendy Park,08/31/2022,08:30:00 PDT,Tom Reyes <treyes@alderpointpartners.com>,Nina Alvarez <nalvarez@alderpointpartners.com>,,KW option agreement — KW-01 (dated post-3/16/22),Routine,No,No,KW-01_option_draft.txt,<email-408.202208310830@alderpointpartners.com>,Custodians/Wendy_Park/EMAIL-408_KW_option_agreement_KW_01_dated_post_3_16_22.eml
EMAIL-409,Mia Chen,08/29/2023,09:30:00 PDT,Tom Reyes <treyes@alderpointpartners.com>,Dana Whitaker <dwhitaker@whitakerforensic.com>,,KW option agreement — KW-02 (dated post-3/16/22),Routine,No,No,KW-02_option_draft.txt,<email-409.202308290930@alderpointpartners.com>,Custodians/Mia_Chen/EMAIL-409_KW_option_agreement_KW_02_dated_post_3_16_22.eml
EMAIL-410,Grace Lin,10/04/2022,11:50:00 PDT,Nina Alvarez <nalvarez@alderpointpartners.com>,Tom Reyes <treyes@alderpointpartners.com>,,Nina Clearwater correspondence — Route 97,Routine,No,No,,<email-410.202210041150@alderpointpartners.com>,Custodians/Grace_Lin/EMAIL-410_Nina_Clearwater_correspondence_Route_97.eml
EMAIL-411,Grace Lin,09/21/2023,08:05:00 PDT,Dana Whitaker <dwhitaker@whitakerforensic.com>,Grace Lin <glin@llassociates.com>,,Clearwater tracing note — dates only (counsel-directed),Privileged Work Product,Yes,No,,<email-411.202309210805@whitakerforensic.com>,Custodians/Grace_Lin/EMAIL-411_Clearwater_tracing_note_dates_only_counsel_directed.eml
EMAIL-412,Nina Alvarez,06/21/2022,14:25:00 PDT,Nina Alvarez <nalvarez@alderpointpartners.com>,Tom Reyes <treyes@alderpointpartners.com>,,KW credit application — KW-01,Routine,No,No,KW-02_application.txt,<email-412.202206211425@alderpointpartners.com>,Custodians/Nina_Alvarez/EMAIL-412_KW_credit_application_KW_01.eml
EMAIL-413,Grace Lin,03/29/2022,09:15:00 PDT,Nina Alvarez <nalvarez@alderpointpartners.com>,Tom Reyes <treyes@alderpointpartners.com>,,KW option agreement — KW-01 (dated post-3/16/22),Routine,No,No,KW-01_option_draft.txt,<email-413.202203290915@alderpointpartners.com>,Custodians/Grace_Lin/EMAIL-413_KW_option_agreement_KW_01_dated_post_3_16_22.eml
EMAIL-414,HR,07/05/2022,09:30:00 PDT,Tom Reyes <treyes@alderpointpartners.com>,Priya Shah <pshah@alderpointpartners.com>,,KW option agreement — KW-02 (dated post-3/16/22),Routine,No,No,KW-01_option_draft.txt,<email-414.202207050930@alderpointpartners.com>,Custodians/HR/EMAIL-414_KW_option_agreement_KW_02_dated_post_3_16_22.eml
EMAIL-415,Tom Reyes,05/08/2022,10:25:00 PDT,Tom Reyes <treyes@alderpointpartners.com>,Priya Shah <pshah@alderpointpartners.com>,,KW option agreement — KW-01 (dated post-3/16/22),Routine,No,No,KW-02_option_draft.txt,<email-415.202205081025@alderpointpartners.com>,Custodians/Tom_Reyes/EMAIL-415_KW_option_agreement_KW_01_dated_post_3_16_22.eml
EMAIL-416,Alan Brooks,02/27/2023,09:00:00 PST,Grace Lin <glin@llassociates.com>,Tom Reyes <treyes@alderpointpartners.com>,,Clearwater file status note (interim),Routine,No,No,,<email-416.202302270900@llassociates.com>,Custodians/Alan_Brooks/EMAIL-416_Clearwater_file_status_note_interim.eml
EMAIL-417,Priya Shah,09/16/2022,11:40:00 PDT,Tom Reyes <treyes@alderpointpartners.com>,Priya Shah <pshah@alderpointpartners.com>,,KW option agreement — KW-02 (dated post-3/16/22),Routine,No,No,KW-01_option_draft.txt,<email-417.202209161140@alderpointpartners.com>,Custodians/Priya_Shah/EMAIL-417_KW_option_agreement_KW_02_dated_post_3_16_22.eml
EMAIL-418,Sarah Nguyen,11/03/2022,16:30:00 PST,Tom Reyes <treyes@alderpointpartners.com>,Priya Shah <pshah@alderpointpartners.com>,,Nina Clearwater correspondence — Route 97,Routine,No,No,,<email-418.202211031630@alderpointpartners.com>,Custodians/Sarah_Nguyen/EMAIL-418_Nina_Clearwater_correspondence_Route_97.eml
EMAIL-419,HR,08/16/2022,15:55:00 PDT,Nina Alvarez <nalvarez@alderpointpartners.com>,Tom Reyes <treyes@alderpointpartners.com>,,Clearwater file status note (interim),Routine,No,No,,<email-419.202208161555@alderpointpartners.com>,Custodians/HR/EMAIL-419_Clearwater_file_status_note_interim.eml
EMAIL-420,Human Resources,09/22/2023,11:25:00 PDT,Grace Lin <glin@llassociates.com>,Tom Reyes <treyes@alderpointpartners.com>,,Clearwater file receipt note — review (internal),Routine,No,No,,<email-420.202309221125@llassociates.com>,Custodians/Human_Resources/EMAIL-420_Clearwater_file_receipt_note_review_internal.eml
EMAIL-421,Nina Alvarez,01/07/2023,09:45:00 PST,Nina Alvarez <nalvarez@alderpointpartners.com>,Tom Reyes <treyes@alderpointpartners.com>,,Clearwater file note — dates log (no conclusion),Routine,No,No,clearwater_dates.csv,<email-421.202301070945@alderpointpartners.com>,Custodians/Nina_Alvarez/EMAIL-421_Clearwater_file_note_dates_log_no_conclusion.eml
EMAIL-422,Sarah Nguyen,06/01/2023,10:40:00 PDT,Tom Reyes <treyes@alderpointpartners.com>,Priya Shah <pshah@alderpointpartners.com>,,Clearwater file status note (interim),Routine,No,No,,<email-422.202306011040@alderpointpartners.com>,Custodians/Sarah_Nguyen/EMAIL-422_Clearwater_file_status_note_interim.eml
EMAIL-423,Brenda Moss,11/06/2023,09:25:00 PST,Tom Reyes <treyes@alderpointpartners.com>,Grace Lin <glin@llassociates.com>,,KW option agreement — KW-01 (dated post-3/16/22),Routine,No,No,KW-02_option_draft.txt,<email-423.202311060925@alderpointpartners.com>,Custodians/Brenda_Moss/EMAIL-423_KW_option_agreement_KW_01_dated_post_3_16_22.eml
EMAIL-424,Kevin Tran,05/12/2023,08:10:00 PDT,Grace Lin <glin@llassociates.com>,Nina Alvarez <nalvarez@alderpointpartners.com>,,Clearwater file note — dates log (no conclusion),Routine,No,No,clearwater_dates.csv,<email-424.202305120810@llassociates.com>,Custodians/Kevin_Tran/EMAIL-424_Clearwater_file_note_dates_log_no_conclusion.eml
EMAIL-425,Craig Sato,06/17/2022,08:00:00 PDT,Nina Alvarez <nalvarez@alderpointpartners.com>,Tom Reyes <treyes@alderpointpartners.com>,,Clearwater file note — dates log (no conclusion),Routine,No,No,clearwater_dates.csv,<email-425.202206170800@alderpointpartners.com>,Custodians/Craig_Sato/EMAIL-425_Clearwater_file_note_dates_log_no_conclusion.eml
EMAIL-426,Sarah Nguyen,10/04/2023,17:40:00 PDT,Dana Whitaker <dwhitaker@whitakerforensic.com>,Grace Lin <glin@llassociates.com>,,Clearwater tracing note — Route 97 (counsel-directed),Privileged Work Product,Yes,No,,<email-426.202310041740@whitakerforensic.com>,Custodians/Sarah_Nguyen/EMAIL-426_Clearwater_tracing_note_Route_97_counsel_directed.eml
EMAIL-427,A Patel,08/09/2023,11:40:00 PDT,Tom Reyes <treyes@alderpointpartners.com>,Alan Brooks <abrooks@llassociates.com>,,KW option agreement — KW-02 (dated post-3/16/22),Routine,No,No,KW-02_option_draft.txt,<email-427.202308091140@alderpointpartners.com>,Custodians/A_Patel/EMAIL-427_KW_option_agreement_KW_02_dated_post_3_16_22.eml
EMAIL-428,Marcus Webb,10/10/2023,09:45:00 PDT,Tom Reyes <treyes@alderpointpartners.com>,Grace Lin <glin@llassociates.com>,,Clearwater file status note (late activity),Routine,No,No,,<email-428.202310100945@alderpointpartners.com>,Custodians/Marcus_Webb/EMAIL-428_Clearwater_file_status_note_late_activity.eml
EMAIL-429,Wendy Park,08/17/2022,11:45:00 PDT,Nina Alvarez <nalvarez@alderpointpartners.com>,Tom Reyes <treyes@alderpointpartners.com>,,KW payment ledger — Clearwater,Routine,No,No,KW-01_ledger.csv,<email-429.202208171145@alderpointpartners.com>,Custodians/Wendy_Park/EMAIL-429_KW_payment_ledger_Clearwater.eml
EMAIL-430,Mia Chen,03/20/2023,13:30:00 PDT,Nina Alvarez <nalvarez@alderpointpartners.com>,Nina Alvarez <nalvarez@alderpointpartners.com>,,KW credit application — KW-02,Routine,No,No,KW-01_application.txt,<email-430.202303201330@alderpointpartners.com>,Custodians/Mia_Chen/EMAIL-430_KW_credit_application_KW_02.eml
EMAIL-431,Tom Reyes,07/21/2023,10:05:00 PDT,Tom Reyes <treyes@alderpointpartners.com>,Tom Reyes <treyes@alderpointpartners.com>,,KW credit application — KW-02,Routine,No,No,KW-01_application.txt,<email-431.202307211005@alderpointpartners.com>,Custodians/Tom_Reyes/EMAIL-431_KW_credit_application_KW_02.eml
EMAIL-432,Grace Lin,10/08/2023,14:50:00 PDT,Grace Lin <glin@llassociates.com>,Tom Reyes <treyes@alderpointpartners.com>,,KW option agreement — KW-01 (dated post-3/16/22),Routine,No,No,KW-02_option_draft.txt,<email-432.202310081450@llassociates.com>,Custodians/Grace_Lin/EMAIL-432_KW_option_agreement_KW_01_dated_post_3_16_22.eml
EMAIL-433,Kevin Tran,05/20/2022,09:55:00 PDT,Nina Alvarez <nalvarez@alderpointpartners.com>,Tom Reyes <treyes@alderpointpartners.com>,Priya Shah <pshah@alderpointpartners.com>,KW payment ledger — Clearwater,Routine,No,No,KW-01_ledger.csv,<email-433.202205200955@alderpointpartners.com>,Custodians/Kevin_Tran/EMAIL-433_KW_payment_ledger_Clearwater.eml
EMAIL-434,Sarah Nguyen,07/11/2022,16:00:00 PDT,Nina Alvarez <nalvarez@alderpointpartners.com>,Tom Reyes <treyes@alderpointpartners.com>,,KW payment ledger — Clearwater,Routine,No,No,KW-02_ledger.csv,<email-434.202207111600@alderpointpartners.com>,Custodians/Sarah_Nguyen/EMAIL-434_KW_payment_ledger_Clearwater.eml
EMAIL-435,Priya Shah,01/25/2023,08:10:00 PST,Nina Alvarez <nalvarez@alderpointpartners.com>,Tom Reyes <treyes@alderpointpartners.com>,,Clearwater file note — dates log (no conclusion),Routine,No,No,clearwater_dates.csv,<email-435.202301250810@alderpointpartners.com>,Custodians/Priya_Shah/EMAIL-435_Clearwater_file_note_dates_log_no_conclusion.eml
EMAIL-436,Nina Alvarez,12/10/2023,17:05:00 PST,Grace Lin <glin@llassociates.com>,Dana Whitaker <dwhitaker@whitakerforensic.com>,,KW option agreement — KW-02 (dated post-3/16/22),Privileged Work Product,Yes,No,KW-02_option_draft.txt,<email-436.202312101705@llassociates.com>,Custodians/Nina_Alvarez/EMAIL-436_KW_option_agreement_KW_02_dated_post_3_16_22.eml
EMAIL-437,Elena Marlowe,09/13/2022,14:25:00 PDT,Nina Alvarez <nalvarez@alderpointpartners.com>,Tom Reyes <treyes@alderpointpartners.com>,,Handoff note — Clearwater files complete,Routine,No,No,,<email-437.202209131425@alderpointpartners.com>,Custodians/Elena_Marlowe/EMAIL-437_Handoff_note_Clearwater_files_complete.eml
EMAIL-438,A Patel,07/05/2023,14:55:00 PDT,Grace Lin <glin@llassociates.com>,Tom Reyes <treyes@alderpointpartners.com>,,Clearwater file status note (interim),Routine,No,No,,<email-438.202307051455@llassociates.com>,Custodians/A_Patel/EMAIL-438_Clearwater_file_status_note_interim.eml
EMAIL-439,A Patel,05/02/2022,11:45:00 PDT,Tom Reyes <treyes@alderpointpartners.com>,Priya Shah <pshah@alderpointpartners.com>,,Nina Clearwater correspondence — Route 97,Routine,No,No,,<email-439.202205021145@alderpointpartners.com>,Custodians/A_Patel/EMAIL-439_Nina_Clearwater_correspondence_Route_97.eml
EMAIL-440,Kevin Tran,09/11/2022,17:45:00 PDT,Nina Alvarez <nalvarez@alderpointpartners.com>,Tom Reyes <treyes@alderpointpartners.com>,,KW option agreement — KW-01 (dated post-3/16/22),Routine,No,No,KW-02_option_draft.txt,<email-440.202209111745@alderpointpartners.com>,Custodians/Kevin_Tran/EMAIL-440_KW_option_agreement_KW_01_dated_post_3_16_22.eml
EMAIL-441,Wendy Park,05/25/2023,11:25:00 PDT,Nina Alvarez <nalvarez@alderpointpartners.com>,Tom Reyes <treyes@alderpointpartners.com>,,KW credit application — KW-01,Routine,No,No,KW-02_application.txt,<email-441.202305251125@alderpointpartners.com>,Custodians/Wendy_Park/EMAIL-441_KW_credit_application_KW_01.eml
EMAIL-442,Robert Denniston,10/02/2023,14:40:00 PDT,Tom Reyes <treyes@alderpointpartners.com>,Dana Whitaker <dwhitaker@whitakerforensic.com>,,KW credit application — KW-02,Routine,No,No,KW-02_application.txt,<email-442.202310021440@alderpointpartners.com>,Custodians/Robert_Denniston/EMAIL-442_KW_credit_application_KW_02.eml
EMAIL-443,John Ellery,10/07/2023,10:40:00 PDT,Alan Brooks <abrooks@llassociates.com>,Grace Lin <glin@llassociates.com>,,KW payment ledger — Clearwater,Privileged Work Product,Yes,No,KW-02_ledger.csv,<email-443.202310071040@llassociates.com>,Custodians/John_Ellery/EMAIL-443_KW_payment_ledger_Clearwater.eml
EMAIL-444,Tom Reyes,12/20/2022,10:15:00 PST,Nina Alvarez <nalvarez@alderpointpartners.com>,Tom Reyes <treyes@alderpointpartners.com>,,KW payment ledger — Clearwater,Routine,No,No,KW-02_ledger.csv,<email-444.202212201015@alderpointpartners.com>,Custodians/Tom_Reyes/EMAIL-444_KW_payment_ledger_Clearwater.eml
EMAIL-445,Alan Brooks,04/02/2022,09:30:00 PDT,Tom Reyes <treyes@alderpointpartners.com>,Priya Shah <pshah@alderpointpartners.com>,,Clearwater file note — dates log (no conclusion),Routine,No,No,clearwater_dates.csv,<email-445.202204020930@alderpointpartners.com>,Custodians/Alan_Brooks/EMAIL-445_Clearwater_file_note_dates_log_no_conclusion.eml
EMAIL-446,HR,09/15/2023,16:10:00 PDT,Tom Reyes <treyes@alderpointpartners.com>,Priya Shah <pshah@alderpointpartners.com>,,KW option agreement — KW-01 (dated post-3/16/22),Routine,No,No,KW-01_option_draft.txt,<email-446.202309151610@alderpointpartners.com>,Custodians/HR/EMAIL-446_KW_option_agreement_KW_01_dated_post_3_16_22.eml
EMAIL-447,Dan Osei,12/17/2022,08:25:00 PST,Tom Reyes <treyes@alderpointpartners.com>,Priya Shah <pshah@alderpointpartners.com>,,Nina Clearwater correspondence — Route 97,Routine,No,No,,<email-447.202212170825@alderpointpartners.com>,Custodians/Dan_Osei/EMAIL-447_Nina_Clearwater_correspondence_Route_97.eml
EMAIL-448,Craig Sato,03/26/2023,13:50:00 PDT,Tom Reyes <treyes@alderpointpartners.com>,Nina Alvarez <nalvarez@alderpointpartners.com>,,Clearwater file note — dates log (no conclusion),Routine,No,No,clearwater_dates.csv,<email-448.202303261350@alderpointpartners.com>,Custodians/Craig_Sato/EMAIL-448_Clearwater_file_note_dates_log_no_conclusion.eml
EMAIL-449,John Ellery,09/29/2022,10:45:00 PDT,Tom Reyes <treyes@alderpointpartners.com>,Priya Shah <pshah@alderpointpartners.com>,Nina Alvarez <nalvarez@alderpointpartners.com>,KW credit application — KW-02,Routine,No,No,KW-02_application.txt,<email-449.202209291045@alderpointpartners.com>,Custodians/John_Ellery/EMAIL-449_KW_credit_application_KW_02.eml
EMAIL-450,John Ellery,10/24/2023,10:20:00 PDT,Grace Lin <glin@llassociates.com>,Alan Brooks <abrooks@llassociates.com>,,Clearwater file receipt note — review (internal),Privileged Work Product,Yes,No,,<email-450.202310241020@llassociates.com>,Custodians/John_Ellery/EMAIL-450_Clearwater_file_receipt_note_review_internal.eml
EMAIL-451,Brenda Moss,07/04/2023,11:55:00 PDT,Robert Denniston <rdenniston@cascadetimber.com>,Owen Larsen <olarsen@larsentaxadvisory.com>,,Escrow statement — cash proceeds (discounted),Due Diligence Failure,No,No,booking_note.csv,<email-451.202307041155@cascadetimber.com>,Custodians/Brenda_Moss/EMAIL-451_Escrow_statement_cash_proceeds_discounted.eml
EMAIL-452,Craig Sato,04/14/2023,17:30:00 PDT,Brenda Moss <bmoss@mosslane-cpa.com>,T Kim <tkim@mosslane-cpa.com>,,Certificate listing — NW-04 (audit support request),Routine,No,No,,<email-452.202304141730@mosslane-cpa.com>,Custodians/Craig_Sato/EMAIL-452_Certificate_listing_NW_04_audit_support_request.eml
EMAIL-453,Tom Reyes,09/10/2023,11:05:00 PDT,Craig Sato <csato@cascadetimber.com>,Robert Denniston <rdenniston@cascadetimber.com>,,Certificate listing review — NW-03 (close support),Routine,No,No,,<email-453.202309101105@cascadetimber.com>,Custodians/Tom_Reyes/EMAIL-453_Certificate_listing_review_NW_03_close_support.eml
EMAIL-454,Hannah Cole,02/08/2023,09:40:00 PST,Robert Denniston <rdenniston@cascadetimber.com>,Priya Shah <pshah@alderpointpartners.com>,,Parcel credit build — NW-03 (face),Routine,No,No,NW-02_build.csv,<email-454.202302080940@cascadetimber.com>,Custodians/Hannah_Cole/EMAIL-454_Parcel_credit_build_NW_03_face.eml
EMAIL-455,Wendy Park,05/11/2022,11:55:00 PDT,Owen Larsen <olarsen@larsentaxadvisory.com>,Priya Shah <pshah@alderpointpartners.com>,,Escrow statement — cash proceeds (discounted),Due Diligence Failure,No,No,booking_note.csv,<email-455.202205111155@larsentaxadvisory.com>,Custodians/Wendy_Park/EMAIL-455_Escrow_statement_cash_proceeds_discounted.eml
EMAIL-456,Human Resources,08/05/2023,13:55:00 PDT,Owen Larsen <olarsen@larsentaxadvisory.com>,Craig Sato <csato@cascadetimber.com>,,Provision disclosure draft — Larsen,Routine,No,No,,<email-456.202308051355@larsentaxadvisory.com>,Custodians/Human_Resources/EMAIL-456_Provision_disclosure_draft_Larsen.eml
EMAIL-457,Craig Sato,06/03/2023,11:30:00 PDT,Robert Denniston <rdenniston@cascadetimber.com>,Owen Larsen <olarsen@larsentaxadvisory.com>,,Audit planning note — interim procedures (Moss & Lane),Routine,No,No,,<email-457.202306031130@cascadetimber.com>,Custodians/Craig_Sato/EMAIL-457_Audit_planning_note_interim_procedures_Moss_Lane.eml
EMAIL-458,Grace Lin,09/26/2023,14:40:00 PDT,Dana Whitaker <dwhitaker@whitakerforensic.com>,Grace Lin <glin@llassociates.com>,,Wire tracing analysis — fee payments (counsel-directed),Privileged Work Product,Yes,No,booking_note.csv,<email-458.202309261440@whitakerforensic.com>,Custodians/Grace_Lin/EMAIL-458_Wire_tracing_analysis_fee_payments_counsel_directed.eml
EMAIL-459,Dan Osei,07/27/2022,09:20:00 PDT,Robert Denniston <rdenniston@cascadetimber.com>,Craig Sato <csato@cascadetimber.com>,,Escrow statement — cash proceeds (discounted),Due Diligence Failure,No,No,booking_note.csv,<email-459.202207270920@cascadetimber.com>,Custodians/Dan_Osei/EMAIL-459_Escrow_statement_cash_proceeds_discounted.eml
EMAIL-460,Derek Holt,02/05/2022,11:50:00 PST,Craig Sato <csato@cascadetimber.com>,Owen Larsen <olarsen@larsentaxadvisory.com>,T Kim <tkim@mosslane-cpa.com>,Parcel credit build — NW-08 (face),Routine,No,No,,<email-460.202202051150@cascadetimber.com>,Custodians/Derek_Holt/EMAIL-460_Parcel_credit_build_NW_08_face.eml
EMAIL-461,Priya Shah,12/11/2023,10:00:00 PST,Craig Sato <csato@cascadetimber.com>,Brenda Moss <bmoss@mosslane-cpa.com>,,Escrow statement — cash proceeds (discounted),Due Diligence Failure,No,No,booking_note.csv,<email-461.202312111000@cascadetimber.com>,Custodians/Priya_Shah/EMAIL-461_Escrow_statement_cash_proceeds_discounted.eml
EMAIL-462,Nina Alvarez,02/16/2022,08:00:00 PST,Owen Larsen <olarsen@larsentaxadvisory.com>,Priya Shah <pshah@alderpointpartners.com>,,Parcel credit build — NW-05 (face),Routine,No,No,,<email-462.202202160800@larsentaxadvisory.com>,Custodians/Nina_Alvarez/EMAIL-462_Parcel_credit_build_NW_05_face.eml
EMAIL-463,Kevin Tran,11/23/2022,11:35:00 PST,Robert Denniston <rdenniston@cascadetimber.com>,T Kim <tkim@mosslane-cpa.com>,,Wire confirmation — fee payment (6%/8% expensed),Routine,No,No,booking_note.csv,<email-463.202211231135@cascadetimber.com>,Custodians/Kevin_Tran/EMAIL-463_Wire_confirmation_fee_payment_6_8_expensed.eml
EMAIL-464,Tom Reyes,11/10/2022,09:00:00 PST,Brenda Moss <bmoss@mosslane-cpa.com>,Craig Sato <csato@cascadetimber.com>,,Parcel credit build — NW-04 (face),Routine,No,No,NW-01_build.csv,<email-464.202211100900@mosslane-cpa.com>,Custodians/Tom_Reyes/EMAIL-464_Parcel_credit_build_NW_04_face.eml
EMAIL-465,Brenda Moss,12/23/2021,14:40:00 PST,Brenda Moss <bmoss@mosslane-cpa.com>,Robert Denniston <rdenniston@cascadetimber.com>,,Audit planning — Coastal Solar scoping (pre-launch),Routine,No,No,,<email-465.202112231440@mosslane-cpa.com>,Custodians/Brenda_Moss/EMAIL-465_Audit_planning_Coastal_Solar_scoping_pre_launch.eml
EMAIL-466,Priya Shah,12/04/2022,11:05:00 PST,Owen Larsen <olarsen@larsentaxadvisory.com>,T Kim <tkim@mosslane-cpa.com>,,Audit planning note — interim procedures (Moss & Lane),Routine,No,No,,<email-466.202212041105@larsentaxadvisory.com>,Custodians/Priya_Shah/EMAIL-466_Audit_planning_note_interim_procedures_Moss_Lane.eml
EMAIL-467,Human Resources,03/23/2023,17:35:00 PDT,Owen Larsen <olarsen@larsentaxadvisory.com>,T Kim <tkim@mosslane-cpa.com>,,GL support schedule — placement face value,Routine,No,No,,<email-467.202303231735@larsentaxadvisory.com>,Custodians/Human_Resources/EMAIL-467_GL_support_schedule_placement_face_value.eml
EMAIL-468,John Ellery,10/16/2023,16:40:00 PDT,Owen Larsen <olarsen@larsentaxadvisory.com>,T Kim <tkim@mosslane-cpa.com>,,Provision disclosure draft — Larsen,Routine,No,No,,<email-468.202310161640@larsentaxadvisory.com>,Custodians/John_Ellery/EMAIL-468_Provision_disclosure_draft_Larsen.eml
EMAIL-469,Wendy Park,12/04/2022,15:05:00 PST,Brenda Moss <bmoss@mosslane-cpa.com>,Priya Shah <pshah@alderpointpartners.com>,,Certificate listing — NW-04 (audit support request),Routine,No,No,,<email-469.202212041505@mosslane-cpa.com>,Custodians/Wendy_Park/EMAIL-469_Certificate_listing_NW_04_audit_support_request.eml
EMAIL-470,Jay Whitfield,06/05/2022,08:20:00 PDT,Robert Denniston <rdenniston@cascadetimber.com>,Brenda Moss <bmoss@mosslane-cpa.com>,,Rate card — batch 6,Routine,No,No,rate_card_draft.csv,<email-470.202206050820@cascadetimber.com>,Custodians/Jay_Whitfield/EMAIL-470_Rate_card_batch_6.eml
EMAIL-471,Brenda Moss,12/10/2021,11:30:00 PST,Brenda Moss <bmoss@mosslane-cpa.com>,T Kim <tkim@mosslane-cpa.com>,,Audit planning — Coastal Solar scoping (pre-launch),Routine,No,No,,<email-471.202112101130@mosslane-cpa.com>,Custodians/Brenda_Moss/EMAIL-471_Audit_planning_Coastal_Solar_scoping_pre_launch.eml
EMAIL-472,Kevin Tran,03/28/2022,10:45:00 PDT,Craig Sato <csato@cascadetimber.com>,Brenda Moss <bmoss@mosslane-cpa.com>,,Audit planning note — interim procedures (Moss & Lane),Routine,No,No,,<email-472.202203281045@cascadetimber.com>,Custodians/Kevin_Tran/EMAIL-472_Audit_planning_note_interim_procedures_Moss_Lane.eml
EMAIL-473,Human Resources,11/05/2023,09:30:00 PST,Robert Denniston <rdenniston@cascadetimber.com>,Brenda Moss <bmoss@mosslane-cpa.com>,Craig Sato <csato@cascadetimber.com>,Escrow statement — cash proceeds (discounted),Due Diligence Failure,No,No,booking_note.csv,<email-473.202311050930@cascadetimber.com>,Custodians/Human_Resources/EMAIL-473_Escrow_statement_cash_proceeds_discounted.eml
EMAIL-474,HR,12/28/2021,10:20:00 PST,Owen Larsen <olarsen@larsentaxadvisory.com>,T Kim <tkim@mosslane-cpa.com>,Brenda Moss <bmoss@mosslane-cpa.com>,GL entry — placement face value,Routine,No,No,booking_note.csv,<email-474.202112281020@larsentaxadvisory.com>,Custodians/HR/EMAIL-474_GL_entry_placement_face_value.eml
EMAIL-475,IT Notifications,10/14/2022,11:25:00 PDT,Craig Sato <csato@cascadetimber.com>,Owen Larsen <olarsen@larsentaxadvisory.com>,,Rate card — batch 3,Routine,No,No,rate_card_draft.csv,<email-475.202210141125@cascadetimber.com>,Custodians/IT_Notifications/EMAIL-475_Rate_card_batch_3.eml
EMAIL-476,Human Resources,02/14/2023,08:10:00 PST,Owen Larsen <olarsen@larsentaxadvisory.com>,Brenda Moss <bmoss@mosslane-cpa.com>,,Parcel credit build — NW-02 (face),Routine,No,No,NW-07_build.csv,<email-476.202302140810@larsentaxadvisory.com>,Custodians/Human_Resources/EMAIL-476_Parcel_credit_build_NW_02_face.eml
EMAIL-477,Mia Chen,09/02/2023,08:55:00 PDT,Robert Denniston <rdenniston@cascadetimber.com>,Craig Sato <csato@cascadetimber.com>,,Provision disclosure draft — Larsen,Routine,No,No,,<email-477.202309020855@cascadetimber.com>,Custodians/Mia_Chen/EMAIL-477_Provision_disclosure_draft_Larsen.eml
EMAIL-478,Dana Whitaker,07/22/2023,10:25:00 PDT,T Kim <tkim@mosslane-cpa.com>,Craig Sato <csato@cascadetimber.com>,,Parcel credit build — NW-03 (face),Routine,No,No,NW-05_build.csv,<email-478.202307221025@mosslane-cpa.com>,Custodians/Dana_Whitaker/EMAIL-478_Parcel_credit_build_NW_03_face.eml
EMAIL-479,Priya Shah,06/26/2023,10:20:00 PDT,Owen Larsen <olarsen@larsentaxadvisory.com>,T Kim <tkim@mosslane-cpa.com>,,Rate card — batch 6,Routine,No,No,rate_card_draft.csv,<email-479.202306261020@larsentaxadvisory.com>,Custodians/Priya_Shah/EMAIL-479_Rate_card_batch_6.eml
EMAIL-480,Priya Shah,12/15/2023,14:05:00 PST,Robert Denniston <rdenniston@cascadetimber.com>,Craig Sato <csato@cascadetimber.com>,,Wire confirmation — fee payment (6%/8% expensed),Routine,No,No,booking_note.csv,<email-480.202312151405@cascadetimber.com>,Custodians/Priya_Shah/EMAIL-480_Wire_confirmation_fee_payment_6_8_expensed.eml
EMAIL-481,Brenda Moss,07/17/2022,10:30:00 PDT,Robert Denniston <rdenniston@cascadetimber.com>,T Kim <tkim@mosslane-cpa.com>,,GL entry — placement face value,Routine,No,No,booking_note.csv,<email-481.202207171030@cascadetimber.com>,Custodians/Brenda_Moss/EMAIL-481_GL_entry_placement_face_value.eml
EMAIL-482,A Patel,09/10/2022,08:05:00 PDT,Robert Denniston <rdenniston@cascadetimber.com>,T Kim <tkim@mosslane-cpa.com>,,GL entry — placement face value,Routine,No,No,booking_note.csv,<email-482.202209100805@cascadetimber.com>,Custodians/A_Patel/EMAIL-482_GL_entry_placement_face_value.eml
EMAIL-483,Hannah Cole,11/03/2022,08:10:00 PST,Robert Denniston <rdenniston@cascadetimber.com>,Craig Sato <csato@cascadetimber.com>,,Provision disclosure draft — Larsen,Routine,No,No,,<email-483.202211030810@cascadetimber.com>,Custodians/Hannah_Cole/EMAIL-483_Provision_disclosure_draft_Larsen.eml
EMAIL-484,Sarah Nguyen,11/02/2022,14:20:00 PST,T Kim <tkim@mosslane-cpa.com>,Owen Larsen <olarsen@larsentaxadvisory.com>,,Rate card — batch 5,Routine,No,No,rate_card_draft.csv,<email-484.202211021420@mosslane-cpa.com>,Custodians/Sarah_Nguyen/EMAIL-484_Rate_card_batch_5.eml
EMAIL-485,Human Resources,09/15/2023,14:20:00 PDT,Craig Sato <csato@cascadetimber.com>,Dana Whitaker <dwhitaker@whitakerforensic.com>,,Wire confirmation — fee payment (6%/8% expensed),Routine,No,No,booking_note.csv,<email-485.202309151420@cascadetimber.com>,Custodians/Human_Resources/EMAIL-485_Wire_confirmation_fee_payment_6_8_expensed.eml
EMAIL-486,John Ellery,08/09/2023,14:15:00 PDT,Robert Denniston <rdenniston@cascadetimber.com>,T Kim <tkim@mosslane-cpa.com>,,Parcel credit build — NW-08 (face),Routine,No,No,NW-02_build.csv,<email-486.202308091415@cascadetimber.com>,Custodians/John_Ellery/EMAIL-486_Parcel_credit_build_NW_08_face.eml
EMAIL-487,Dan Osei,11/19/2023,17:20:00 PST,Brenda Moss <bmoss@mosslane-cpa.com>,Dana Whitaker <dwhitaker@whitakerforensic.com>,,Escrow reconciliation inquiry — cash proceeds (audit),Due Diligence Failure,No,No,booking_note.csv,<email-487.202311191720@mosslane-cpa.com>,Custodians/Dan_Osei/EMAIL-487_Escrow_reconciliation_inquiry_cash_proceeds_audit.eml
EMAIL-488,Mia Chen,12/06/2021,09:15:00 PST,Craig Sato <csato@cascadetimber.com>,Robert Denniston <rdenniston@cascadetimber.com>,,Rate card — batch 3,Routine,No,No,rate_card_draft.csv,<email-488.202112060915@cascadetimber.com>,Custodians/Mia_Chen/EMAIL-488_Rate_card_batch_3.eml
EMAIL-489,Alan Brooks,05/21/2023,14:00:00 PDT,Craig Sato <csato@cascadetimber.com>,Robert Denniston <rdenniston@cascadetimber.com>,,Parcel credit build — NW-02 (face),Routine,No,No,NW-02_build.csv,<email-489.202305211400@cascadetimber.com>,Custodians/Alan_Brooks/EMAIL-489_Parcel_credit_build_NW_02_face.eml
EMAIL-490,Wendy Park,02/27/2023,11:15:00 PST,Robert Denniston <rdenniston@cascadetimber.com>,Craig Sato <csato@cascadetimber.com>,,Rate card — batch 1,Routine,No,No,rate_card_draft.csv,<email-490.202302271115@cascadetimber.com>,Custodians/Wendy_Park/EMAIL-490_Rate_card_batch_1.eml
EMAIL-491,Human Resources,06/09/2023,11:20:00 PDT,T Kim <tkim@mosslane-cpa.com>,Robert Denniston <rdenniston@cascadetimber.com>,Brenda Moss <bmoss@mosslane-cpa.com>,Parcel credit build — NW-06 (face),Routine,No,No,NW-05_build.csv,<email-491.202306091120@mosslane-cpa.com>,Custodians/Human_Resources/EMAIL-491_Parcel_credit_build_NW_06_face.eml
EMAIL-492,Derek Holt,07/16/2023,10:15:00 PDT,Robert Denniston <rdenniston@cascadetimber.com>,Owen Larsen <olarsen@larsentaxadvisory.com>,,Tax position draft — Larsen (exam planning),Routine,No,No,,<email-492.202307161015@cascadetimber.com>,Custodians/Derek_Holt/EMAIL-492_Tax_position_draft_Larsen_exam_planning.eml
EMAIL-493,HR,09/26/2023,19:40:00 PDT,T Kim <tkim@mosslane-cpa.com>,Robert Denniston <rdenniston@cascadetimber.com>,,Rate card — batch 6,Routine,No,No,rate_card_draft.csv,<email-493.202309261940@mosslane-cpa.com>,Custodians/HR/EMAIL-493_Rate_card_batch_6.eml
EMAIL-494,Craig Sato,03/29/2022,08:30:00 PDT,Robert Denniston <rdenniston@cascadetimber.com>,Priya Shah <pshah@alderpointpartners.com>,,Rate card — batch 3,Routine,No,No,rate_card_draft.csv,<email-494.202203290830@cascadetimber.com>,Custodians/Craig_Sato/EMAIL-494_Rate_card_batch_3.eml
EMAIL-495,Robert Denniston,03/28/2023,15:50:00 PDT,T Kim <tkim@mosslane-cpa.com>,Brenda Moss <bmoss@mosslane-cpa.com>,,Parcel credit build — NW-03 (face),Routine,No,No,NW-05_build.csv,<email-495.202303281550@mosslane-cpa.com>,Custodians/Robert_Denniston/EMAIL-495_Parcel_credit_build_NW_03_face.eml
EMAIL-496,Hannah Cole,02/06/2023,08:25:00 PST,Owen Larsen <olarsen@larsentaxadvisory.com>,Priya Shah <pshah@alderpointpartners.com>,,Wire confirmation — fee payment (6%/8% expensed),Routine,No,No,booking_note.csv,<email-496.202302060825@larsentaxadvisory.com>,Custodians/Hannah_Cole/EMAIL-496_Wire_confirmation_fee_payment_6_8_expensed.eml
EMAIL-497,Robert Denniston,06/26/2023,08:15:00 PDT,Craig Sato <csato@cascadetimber.com>,Owen Larsen <olarsen@larsentaxadvisory.com>,,Wire confirmation — fee payment (6%/8% expensed),Routine,No,No,booking_note.csv,<email-497.202306260815@cascadetimber.com>,Custodians/Robert_Denniston/EMAIL-497_Wire_confirmation_fee_payment_6_8_expensed.eml
EMAIL-498,Dan Osei,08/25/2023,14:30:00 PDT,T Kim <tkim@mosslane-cpa.com>,Brenda Moss <bmoss@mosslane-cpa.com>,,Provision support schedule — Larsen (audit),Routine,No,No,,<email-498.202308251430@mosslane-cpa.com>,Custodians/Dan_Osei/EMAIL-498_Provision_support_schedule_Larsen_audit.eml
EMAIL-499,IT Notifications,07/27/2023,10:20:00 PDT,Owen Larsen <olarsen@larsentaxadvisory.com>,Brenda Moss <bmoss@mosslane-cpa.com>,,Parcel credit build — NW-07 (face),Routine,No,No,NW-02_build.csv,<email-499.202307271020@larsentaxadvisory.com>,Custodians/IT_Notifications/EMAIL-499_Parcel_credit_build_NW_07_face.eml
EMAIL-500,Dana Whitaker,03/23/2023,16:45:00 PDT,T Kim <tkim@mosslane-cpa.com>,Craig Sato <csato@cascadetimber.com>,,Escrow reconciliation support — cash proceeds (discounted),Due Diligence Failure,No,No,booking_note.csv,<email-500.202303231645@mosslane-cpa.com>,Custodians/Dana_Whitaker/EMAIL-500_Escrow_reconciliation_support_cash_proceeds_discounted.eml
EMAIL-501,IT Notifications,07/11/2022,09:40:00 PDT,Craig Sato <csato@cascadetimber.com>,Robert Denniston <rdenniston@cascadetimber.com>,Owen Larsen <olarsen@larsentaxadvisory.com>,Provision disclosure draft — Larsen,Routine,No,No,,<email-501.202207110940@cascadetimber.com>,Custodians/IT_Notifications/EMAIL-501_Provision_disclosure_draft_Larsen.eml
EMAIL-502,Dana Whitaker,08/25/2022,13:30:00 PDT,Owen Larsen <olarsen@larsentaxadvisory.com>,Robert Denniston <rdenniston@cascadetimber.com>,,Parcel credit build — NW-01 (face),Routine,No,No,NW-01_build.csv,<email-502.202208251330@larsentaxadvisory.com>,Custodians/Dana_Whitaker/EMAIL-502_Parcel_credit_build_NW_01_face.eml
EMAIL-503,Dan Osei,06/06/2022,15:20:00 PDT,Owen Larsen <olarsen@larsentaxadvisory.com>,Priya Shah <pshah@alderpointpartners.com>,,Audit planning note — interim procedures (Moss & Lane),Routine,No,No,,<email-503.202206061520@larsentaxadvisory.com>,Custodians/Dan_Osei/EMAIL-503_Audit_planning_note_interim_procedures_Moss_Lane.eml
EMAIL-504,Sarah Nguyen,05/01/2023,08:40:00 PDT,Robert Denniston <rdenniston@cascadetimber.com>,Brenda Moss <bmoss@mosslane-cpa.com>,,Rate card — batch 5,Routine,No,No,rate_card_draft.csv,<email-504.202305010840@cascadetimber.com>,Custodians/Sarah_Nguyen/EMAIL-504_Rate_card_batch_5.eml
EMAIL-505,Robert Denniston,09/12/2022,08:45:00 PDT,Craig Sato <csato@cascadetimber.com>,Robert Denniston <rdenniston@cascadetimber.com>,,Provision disclosure draft — Larsen,Routine,No,No,,<email-505.202209120845@cascadetimber.com>,Custodians/Robert_Denniston/EMAIL-505_Provision_disclosure_draft_Larsen.eml
EMAIL-506,A Patel,01/17/2023,10:50:00 PST,Brenda Moss <bmoss@mosslane-cpa.com>,Craig Sato <csato@cascadetimber.com>,,GL support request — placement face value (audit inquiry),Routine,No,No,,<email-506.202301171050@mosslane-cpa.com>,Custodians/A_Patel/EMAIL-506_GL_support_request_placement_face_value_audit_inquiry.eml
EMAIL-507,Facilities,01/03/2023,10:40:00 PST,Robert Denniston <rdenniston@cascadetimber.com>,Brenda Moss <bmoss@mosslane-cpa.com>,Priya Shah <pshah@alderpointpartners.com>,Rate card — batch 4,Routine,No,No,rate_card_draft.csv,<email-507.202301031040@cascadetimber.com>,Custodians/Facilities/EMAIL-507_Rate_card_batch_4.eml
EMAIL-508,HR,08/13/2023,14:50:00 PDT,Robert Denniston <rdenniston@cascadetimber.com>,Owen Larsen <olarsen@larsentaxadvisory.com>,,Escrow statement — cash proceeds (discounted),Due Diligence Failure,No,No,booking_note.csv,<email-508.202308131450@cascadetimber.com>,Custodians/HR/EMAIL-508_Escrow_statement_cash_proceeds_discounted.eml
EMAIL-509,Human Resources,05/09/2023,15:00:00 PDT,Craig Sato <csato@cascadetimber.com>,Robert Denniston <rdenniston@cascadetimber.com>,,Audit planning note — interim procedures (Moss & Lane),Routine,No,No,,<email-509.202305091500@cascadetimber.com>,Custodians/Human_Resources/EMAIL-509_Audit_planning_note_interim_procedures_Moss_Lane.eml
EMAIL-510,Nina Alvarez,10/05/2023,15:30:00 PDT,Owen Larsen <olarsen@larsentaxadvisory.com>,Robert Denniston <rdenniston@cascadetimber.com>,,Parcel credit build — NW-05 (face),Routine,No,No,NW-07_build.csv,<email-510.202310051530@larsentaxadvisory.com>,Custodians/Nina_Alvarez/EMAIL-510_Parcel_credit_build_NW_05_face.eml
EMAIL-511,Elena Marlowe,08/26/2022,14:10:00 PDT,Owen Larsen <olarsen@larsentaxadvisory.com>,Robert Denniston <rdenniston@cascadetimber.com>,,Audit planning note — interim procedures (Moss & Lane),Routine,No,No,,<email-511.202208261410@larsentaxadvisory.com>,Custodians/Elena_Marlowe/EMAIL-511_Audit_planning_note_interim_procedures_Moss_Lane.eml
EMAIL-512,John Ellery,07/03/2023,08:20:00 PDT,Owen Larsen <olarsen@larsentaxadvisory.com>,Brenda Moss <bmoss@mosslane-cpa.com>,,Rate card — batch 4,Routine,No,No,rate_card_draft.csv,<email-512.202307030820@larsentaxadvisory.com>,Custodians/John_Ellery/EMAIL-512_Rate_card_batch_4.eml
EMAIL-513,Tom Reyes,07/18/2023,16:15:00 PDT,Brenda Moss <bmoss@mosslane-cpa.com>,Robert Denniston <rdenniston@cascadetimber.com>,,GL support schedule — placement face value (audit inquiry),Routine,No,No,,<email-513.202307181615@mosslane-cpa.com>,Custodians/Tom_Reyes/EMAIL-513_GL_support_schedule_placement_face_value_audit_inquiry.eml
EMAIL-514,Nina Alvarez,02/18/2023,09:30:00 PST,T Kim <tkim@mosslane-cpa.com>,Brenda Moss <bmoss@mosslane-cpa.com>,,GL support schedule — placement face value,Routine,No,No,,<email-514.202302180930@mosslane-cpa.com>,Custodians/Nina_Alvarez/EMAIL-514_GL_support_schedule_placement_face_value.eml
EMAIL-515,Craig Sato,06/15/2023,10:50:00 PDT,Brenda Moss <bmoss@mosslane-cpa.com>,Robert Denniston <rdenniston@cascadetimber.com>,,Rate card — batch 5,Routine,No,No,rate_card_draft.csv,<email-515.202306151050@mosslane-cpa.com>,Custodians/Craig_Sato/EMAIL-515_Rate_card_batch_5.eml
EMAIL-516,Jay Whitfield,09/04/2022,14:30:00 PDT,Robert Denniston <rdenniston@cascadetimber.com>,Priya Shah <pshah@alderpointpartners.com>,,Rate card — batch 6,Routine,No,No,rate_card_draft.csv,<email-516.202209041430@cascadetimber.com>,Custodians/Jay_Whitfield/EMAIL-516_Rate_card_batch_6.eml
EMAIL-517,Sarah Nguyen,12/18/2021,16:10:00 PST,Robert Denniston <rdenniston@cascadetimber.com>,T Kim <tkim@mosslane-cpa.com>,,Credit build worksheet (draft) — NW-08,Routine,No,No,NW-05_build_draft.csv,<email-517.202112181610@cascadetimber.com>,Custodians/Sarah_Nguyen/EMAIL-517_Credit_build_worksheet_draft_NW_08.eml
EMAIL-518,Marcus Webb,05/18/2022,11:35:00 PDT,Craig Sato <csato@cascadetimber.com>,Priya Shah <pshah@alderpointpartners.com>,,Rate card — batch 4,Routine,No,No,rate_card_draft.csv,<email-518.202205181135@cascadetimber.com>,Custodians/Marcus_Webb/EMAIL-518_Rate_card_batch_4.eml
EMAIL-519,A Patel,09/10/2023,15:45:00 PDT,Craig Sato <csato@cascadetimber.com>,Owen Larsen <olarsen@larsentaxadvisory.com>,,Rate card — batch 2,Routine,No,No,rate_card_draft.csv,<email-519.202309101545@cascadetimber.com>,Custodians/A_Patel/EMAIL-519_Rate_card_batch_2.eml
EMAIL-520,Robert Denniston,06/04/2023,11:20:00 PDT,Owen Larsen <olarsen@larsentaxadvisory.com>,T Kim <tkim@mosslane-cpa.com>,,Tax position draft — Larsen,Routine,No,No,,<email-520.202306041120@larsentaxadvisory.com>,Custodians/Robert_Denniston/EMAIL-520_Tax_position_draft_Larsen.eml
EMAIL-521,Elena Marlowe,03/12/2023,11:20:00 PDT,Brenda Moss <bmoss@mosslane-cpa.com>,Owen Larsen <olarsen@larsentaxadvisory.com>,,Certificate listing — NW-02 (audit support request),Routine,No,No,,<email-521.202303121120@mosslane-cpa.com>,Custodians/Elena_Marlowe/EMAIL-521_Certificate_listing_NW_02_audit_support_request.eml
EMAIL-522,Wendy Park,11/04/2022,08:50:00 PST,Robert Denniston <rdenniston@cascadetimber.com>,Craig Sato <csato@cascadetimber.com>,,Rate card — batch 5,Routine,No,No,rate_card_draft.csv,<email-522.202211040850@cascadetimber.com>,Custodians/Wendy_Park/EMAIL-522_Rate_card_batch_5.eml
EMAIL-523,IT Notifications,02/24/2023,16:20:00 PST,Owen Larsen <olarsen@larsentaxadvisory.com>,Craig Sato <csato@cascadetimber.com>,,Escrow reconciliation support — cash proceeds (discounted),Due Diligence Failure,No,No,booking_note.csv,<email-523.202302241620@larsentaxadvisory.com>,Custodians/IT_Notifications/EMAIL-523_Escrow_reconciliation_support_cash_proceeds_discounted.eml
EMAIL-524,Frank Delgado,08/25/2023,09:25:00 PDT,Craig Sato <csato@cascadetimber.com>,Robert Denniston <rdenniston@cascadetimber.com>,,Escrow statement — cash proceeds (discounted),Due Diligence Failure,No,No,booking_note.csv,<email-524.202308250925@cascadetimber.com>,Custodians/Frank_Delgado/EMAIL-524_Escrow_statement_cash_proceeds_discounted.eml
EMAIL-525,Wendy Park,05/08/2023,14:25:00 PDT,Brenda Moss <bmoss@mosslane-cpa.com>,Craig Sato <csato@cascadetimber.com>,,Tax position draft — Larsen,Routine,No,No,,<email-525.202305081425@mosslane-cpa.com>,Custodians/Wendy_Park/EMAIL-525_Tax_position_draft_Larsen.eml
EMAIL-526,Priya Shah,08/11/2023,10:45:00 PDT,T Kim <tkim@mosslane-cpa.com>,Brenda Moss <bmoss@mosslane-cpa.com>,,Certificate listing — NW-03 (audit support request),Routine,No,No,,<email-526.202308111045@mosslane-cpa.com>,Custodians/Priya_Shah/EMAIL-526_Certificate_listing_NW_03_audit_support_request.eml
EMAIL-527,IT Notifications,07/24/2022,10:35:00 PDT,Craig Sato <csato@cascadetimber.com>,Owen Larsen <olarsen@larsentaxadvisory.com>,Priya Shah <pshah@alderpointpartners.com>,Audit planning note — interim procedures (Moss & Lane),Routine,No,No,,<email-527.202207241035@cascadetimber.com>,Custodians/IT_Notifications/EMAIL-527_Audit_planning_note_interim_procedures_Moss_Lane.eml
EMAIL-528,Brenda Moss,05/26/2023,10:30:00 PDT,Owen Larsen <olarsen@larsentaxadvisory.com>,Craig Sato <csato@cascadetimber.com>,,Tax position draft — Larsen,Routine,No,No,,<email-528.202305261030@larsentaxadvisory.com>,Custodians/Brenda_Moss/EMAIL-528_Tax_position_draft_Larsen.eml
EMAIL-529,Grace Lin,09/10/2023,10:10:00 PDT,Dana Whitaker <dwhitaker@whitakerforensic.com>,Grace Lin <glin@llassociates.com>,,Wire tracing analysis — fee payments (counsel-directed),Privileged Work Product,Yes,No,booking_note.csv,<email-529.202309101010@whitakerforensic.com>,Custodians/Grace_Lin/EMAIL-529_Wire_tracing_analysis_fee_payments_counsel_directed.eml
EMAIL-530,Grace Lin,05/07/2023,11:40:00 PDT,Owen Larsen <olarsen@larsentaxadvisory.com>,T Kim <tkim@mosslane-cpa.com>,,Tax position draft — Larsen,Routine,No,No,,<email-530.202305071140@larsentaxadvisory.com>,Custodians/Grace_Lin/EMAIL-530_Tax_position_draft_Larsen.eml
EMAIL-531,Robert Denniston,09/10/2023,15:35:00 PDT,Brenda Moss <bmoss@mosslane-cpa.com>,Robert Denniston <rdenniston@cascadetimber.com>,,Provision disclosure support — Larsen (audit inquiry),Routine,No,No,,<email-531.202309101535@mosslane-cpa.com>,Custodians/Robert_Denniston/EMAIL-531_Provision_disclosure_support_Larsen_audit_inquiry.eml
EMAIL-532,Brenda Moss,11/11/2021,10:05:00 PST,Brenda Moss <bmoss@mosslane-cpa.com>,Brenda Moss <bmoss@mosslane-cpa.com>,,Audit planning — Coastal Solar scoping (pre-launch),Routine,No,No,,<email-532.202111111005@mosslane-cpa.com>,Custodians/Brenda_Moss/EMAIL-532_Audit_planning_Coastal_Solar_scoping_pre_launch.eml
EMAIL-533,IT Notifications,12/28/2021,09:15:00 PST,Craig Sato <csato@cascadetimber.com>,Priya Shah <pshah@alderpointpartners.com>,,Provision disclosure draft — Larsen,Routine,No,No,,<email-533.202112280915@cascadetimber.com>,Custodians/IT_Notifications/EMAIL-533_Provision_disclosure_draft_Larsen.eml
EMAIL-534,John Ellery,05/09/2023,13:40:00 PDT,Robert Denniston <rdenniston@cascadetimber.com>,Brenda Moss <bmoss@mosslane-cpa.com>,,GL entry — placement face value,Routine,No,No,booking_note.csv,<email-534.202305091340@cascadetimber.com>,Custodians/John_Ellery/EMAIL-534_GL_entry_placement_face_value.eml
EMAIL-535,Priya Shah,07/27/2023,15:10:00 PDT,T Kim <tkim@mosslane-cpa.com>,Robert Denniston <rdenniston@cascadetimber.com>,,Escrow reconciliation support — cash proceeds (audit inquiry),Due Diligence Failure,No,No,booking_note.csv,<email-535.202307271510@mosslane-cpa.com>,Custodians/Priya_Shah/EMAIL-535_Escrow_reconciliation_support_cash_proceeds_audit_inquiry.eml
EMAIL-536,Derek Holt,05/14/2023,08:30:00 PDT,Robert Denniston <rdenniston@cascadetimber.com>,Craig Sato <csato@cascadetimber.com>,,Audit planning note — interim procedures (Moss & Lane),Routine,No,No,,<email-536.202305140830@cascadetimber.com>,Custodians/Derek_Holt/EMAIL-536_Audit_planning_note_interim_procedures_Moss_Lane.eml
EMAIL-537,Derek Holt,04/19/2023,08:00:00 PDT,Owen Larsen <olarsen@larsentaxadvisory.com>,T Kim <tkim@mosslane-cpa.com>,,GL support schedule — placement face value (provision support),Routine,No,No,,<email-537.202304190800@larsentaxadvisory.com>,Custodians/Derek_Holt/EMAIL-537_GL_support_schedule_placement_face_value_provision_support.eml
EMAIL-538,Dana Whitaker,12/06/2023,15:50:00 PST,Owen Larsen <olarsen@larsentaxadvisory.com>,Brenda Moss <bmoss@mosslane-cpa.com>,,Provision disclosure draft — Larsen,Routine,No,No,,<email-538.202312061550@larsentaxadvisory.com>,Custodians/Dana_Whitaker/EMAIL-538_Provision_disclosure_draft_Larsen.eml
EMAIL-539,Marcus Webb,12/19/2022,11:20:00 PST,T Kim <tkim@mosslane-cpa.com>,Craig Sato <csato@cascadetimber.com>,,Escrow reconciliation inquiry — cash proceeds (audit),Due Diligence Failure,No,No,booking_note.csv,<email-539.202212191120@mosslane-cpa.com>,Custodians/Marcus_Webb/EMAIL-539_Escrow_reconciliation_inquiry_cash_proceeds_audit.eml
EMAIL-540,Grace Lin,08/06/2023,10:05:00 PDT,Dana Whitaker <dwhitaker@whitakerforensic.com>,Grace Lin <glin@llassociates.com>,,Parcel credit build — NW-03 (face),Privileged Work Product,Yes,No,NW-07_build.csv,<email-540.202308061005@whitakerforensic.com>,Custodians/Grace_Lin/EMAIL-540_Parcel_credit_build_NW_03_face.eml
EMAIL-541,Jay Whitfield,03/01/2023,08:55:00 PDT,Robert Denniston <rdenniston@cascadetimber.com>,T Kim <tkim@mosslane-cpa.com>,,Audit planning note — interim procedures (Moss & Lane),Routine,No,No,,<email-541.202303010855@cascadetimber.com>,Custodians/Jay_Whitfield/EMAIL-541_Audit_planning_note_interim_procedures_Moss_Lane.eml
EMAIL-542,Human Resources,09/15/2023,14:15:00 PDT,Brenda Moss <bmoss@mosslane-cpa.com>,Owen Larsen <olarsen@larsentaxadvisory.com>,,Auditor contingency memo — Moss & Lane,Routine,No,No,,<email-542.202309151415@mosslane-cpa.com>,Custodians/Human_Resources/EMAIL-542_Auditor_contingency_memo_Moss_Lane.eml
EMAIL-543,Nina Alvarez,07/10/2023,08:15:00 PDT,Craig Sato <csato@cascadetimber.com>,Robert Denniston <rdenniston@cascadetimber.com>,,Auditor contingency memo — Moss & Lane,Routine,No,No,,<email-543.202307100815@cascadetimber.com>,Custodians/Nina_Alvarez/EMAIL-543_Auditor_contingency_memo_Moss_Lane.eml
EMAIL-544,Facilities,05/08/2023,14:05:00 PDT,Owen Larsen <olarsen@larsentaxadvisory.com>,Craig Sato <csato@cascadetimber.com>,,Parcel credit build — NW-07 (face),Routine,No,No,NW-03_build.csv,<email-544.202305081405@larsentaxadvisory.com>,Custodians/Facilities/EMAIL-544_Parcel_credit_build_NW_07_face.eml
EMAIL-545,Elena Marlowe,12/22/2022,10:40:00 PST,Brenda Moss <bmoss@mosslane-cpa.com>,Craig Sato <csato@cascadetimber.com>,,Certificate listing — NW-07 (audit support request),Routine,No,No,,<email-545.202212221040@mosslane-cpa.com>,Custodians/Elena_Marlowe/EMAIL-545_Certificate_listing_NW_07_audit_support_request.eml
EMAIL-546,IT Notifications,03/17/2022,08:05:00 PDT,Owen Larsen <olarsen@larsentaxadvisory.com>,Brenda Moss <bmoss@mosslane-cpa.com>,,Provision disclosure draft — Larsen,Routine,No,No,,<email-546.202203170805@larsentaxadvisory.com>,Custodians/IT_Notifications/EMAIL-546_Provision_disclosure_draft_Larsen.eml
EMAIL-547,Grace Lin,12/19/2023,13:00:00 PST,Dana Whitaker <dwhitaker@whitakerforensic.com>,Grace Lin <glin@llassociates.com>,,Certificate tracing analysis — NW-02 (counsel-directed),Privileged Work Product,Yes,No,,<email-547.202312191300@whitakerforensic.com>,Custodians/Grace_Lin/EMAIL-547_Certificate_tracing_analysis_NW_02_counsel_directed.eml
EMAIL-548,Wendy Park,09/01/2023,17:40:00 PDT,T Kim <tkim@mosslane-cpa.com>,Robert Denniston <rdenniston@cascadetimber.com>,,Rate card — batch 1,Routine,No,No,rate_card_draft.csv,<email-548.202309011740@mosslane-cpa.com>,Custodians/Wendy_Park/EMAIL-548_Rate_card_batch_1.eml
EMAIL-549,Dan Osei,06/27/2023,17:55:00 PDT,Craig Sato <csato@cascadetimber.com>,Owen Larsen <olarsen@larsentaxadvisory.com>,,Wire confirmation — fee payment (6%/8% expensed),Routine,No,No,booking_note.csv,<email-549.202306271755@cascadetimber.com>,Custodians/Dan_Osei/EMAIL-549_Wire_confirmation_fee_payment_6_8_expensed.eml
EMAIL-550,John Ellery,10/17/2022,08:10:00 PDT,Robert Denniston <rdenniston@cascadetimber.com>,Priya Shah <pshah@alderpointpartners.com>,,Escrow statement — cash proceeds (discounted),Due Diligence Failure,No,No,booking_note.csv,<email-550.202210170810@cascadetimber.com>,Custodians/John_Ellery/EMAIL-550_Escrow_statement_cash_proceeds_discounted.eml
EMAIL-551,Dana Whitaker,07/21/2023,13:55:00 PDT,Owen Larsen <olarsen@larsentaxadvisory.com>,Craig Sato <csato@cascadetimber.com>,,Provision disclosure draft — Larsen,Routine,No,No,,<email-551.202307211355@larsentaxadvisory.com>,Custodians/Dana_Whitaker/EMAIL-551_Provision_disclosure_draft_Larsen.eml
EMAIL-552,Nina Alvarez,11/26/2021,13:40:00 PST,Owen Larsen <olarsen@larsentaxadvisory.com>,Craig Sato <csato@cascadetimber.com>,,Tax provision scoping — year-end close planning,Routine,No,No,,<email-552.202111261340@larsentaxadvisory.com>,Custodians/Nina_Alvarez/EMAIL-552_Tax_provision_scoping_year_end_close_planning.eml
EMAIL-553,Dana Whitaker,03/27/2022,08:10:00 PDT,Owen Larsen <olarsen@larsentaxadvisory.com>,T Kim <tkim@mosslane-cpa.com>,Craig Sato <csato@cascadetimber.com>,Parcel credit build — NW-06 (face),Routine,No,No,,<email-553.202203270810@larsentaxadvisory.com>,Custodians/Dana_Whitaker/EMAIL-553_Parcel_credit_build_NW_06_face.eml
EMAIL-554,Hannah Cole,12/03/2021,10:50:00 PST,Owen Larsen <olarsen@larsentaxadvisory.com>,Priya Shah <pshah@alderpointpartners.com>,,Parcel credit build — NW-07 (face),Routine,No,No,,<email-554.202112031050@larsentaxadvisory.com>,Custodians/Hannah_Cole/EMAIL-554_Parcel_credit_build_NW_07_face.eml
EMAIL-555,Elena Marlowe,04/05/2023,15:55:00 PDT,Robert Denniston <rdenniston@cascadetimber.com>,Brenda Moss <bmoss@mosslane-cpa.com>,,Credit certificate — NW-02,Routine,No,No,,<email-555.202304051555@cascadetimber.com>,Custodians/Elena_Marlowe/EMAIL-555_Credit_certificate_NW_02.eml
EMAIL-556,Grace Lin,08/27/2023,16:30:00 PDT,T Kim <tkim@mosslane-cpa.com>,Brenda Moss <bmoss@mosslane-cpa.com>,,Certificate listing — NW-02 (audit support request),Routine,No,No,,<email-556.202308271630@mosslane-cpa.com>,Custodians/Grace_Lin/EMAIL-556_Certificate_listing_NW_02_audit_support_request.eml
EMAIL-557,Marcus Webb,01/18/2023,10:15:00 PST,Craig Sato <csato@cascadetimber.com>,T Kim <tkim@mosslane-cpa.com>,,Credit certificate — NW-07,Routine,No,No,,<email-557.202301181015@cascadetimber.com>,Custodians/Marcus_Webb/EMAIL-557_Credit_certificate_NW_07.eml
EMAIL-558,Tom Reyes,07/10/2022,16:05:00 PDT,Robert Denniston <rdenniston@cascadetimber.com>,T Kim <tkim@mosslane-cpa.com>,,Escrow statement — cash proceeds (discounted),Due Diligence Failure,No,No,booking_note.csv,<email-558.202207101605@cascadetimber.com>,Custodians/Tom_Reyes/EMAIL-558_Escrow_statement_cash_proceeds_discounted.eml
EMAIL-559,Derek Holt,09/14/2022,13:50:00 PDT,Owen Larsen <olarsen@larsentaxadvisory.com>,T Kim <tkim@mosslane-cpa.com>,,Wire confirmation — fee payment (6%/8% expensed),Routine,No,No,booking_note.csv,<email-559.202209141350@larsentaxadvisory.com>,Custodians/Derek_Holt/EMAIL-559_Wire_confirmation_fee_payment_6_8_expensed.eml
EMAIL-560,Nina Alvarez,03/15/2022,08:40:00 PDT,Robert Denniston <rdenniston@cascadetimber.com>,Craig Sato <csato@cascadetimber.com>,,Rate card — batch 5,Routine,No,No,rate_card_draft.csv,<email-560.202203150840@cascadetimber.com>,Custodians/Nina_Alvarez/EMAIL-560_Rate_card_batch_5.eml
EMAIL-561,Wendy Park,12/18/2023,11:05:00 PST,Craig Sato <csato@cascadetimber.com>,Owen Larsen <olarsen@larsentaxadvisory.com>,,Wire confirmation — fee payment (6%/8% expensed),Routine,No,No,booking_note.csv,<email-561.202312181105@cascadetimber.com>,Custodians/Wendy_Park/EMAIL-561_Wire_confirmation_fee_payment_6_8_expensed.eml
EMAIL-562,Jay Whitfield,12/27/2022,14:25:00 PST,Brenda Moss <bmoss@mosslane-cpa.com>,Craig Sato <csato@cascadetimber.com>,,Audit planning note — interim procedures (Moss & Lane),Routine,No,No,,<email-562.202212271425@mosslane-cpa.com>,Custodians/Jay_Whitfield/EMAIL-562_Audit_planning_note_interim_procedures_Moss_Lane.eml
EMAIL-563,Hannah Cole,11/12/2023,16:25:00 PST,Robert Denniston <rdenniston@cascadetimber.com>,Dana Whitaker <dwhitaker@whitakerforensic.com>,,Parcel credit build — NW-04 (face),Routine,No,No,NW-04_build.csv,<email-563.202311121625@cascadetimber.com>,Custodians/Hannah_Cole/EMAIL-563_Parcel_credit_build_NW_04_face.eml
EMAIL-564,Grace Lin,10/02/2022,11:30:00 PDT,Craig Sato <csato@cascadetimber.com>,T Kim <tkim@mosslane-cpa.com>,,Audit planning note — interim procedures (Moss & Lane),Routine,No,No,,<email-564.202210021130@cascadetimber.com>,Custodians/Grace_Lin/EMAIL-564_Audit_planning_note_interim_procedures_Moss_Lane.eml
EMAIL-565,Grace Lin,11/09/2023,11:10:00 PST,Dana Whitaker <dwhitaker@whitakerforensic.com>,Grace Lin <glin@llassociates.com>,,Wire tracing analysis — fee payments (counsel-directed),Privileged Work Product,Yes,No,booking_note.csv,<email-565.202311091110@whitakerforensic.com>,Custodians/Grace_Lin/EMAIL-565_Wire_tracing_analysis_fee_payments_counsel_directed.eml
EMAIL-566,Grace Lin,09/13/2023,11:20:00 PDT,Dana Whitaker <dwhitaker@whitakerforensic.com>,Grace Lin <glin@llassociates.com>,,Parcel credit build — NW-05 (face),Privileged Work Product,Yes,No,NW-03_build.csv,<email-566.202309131120@whitakerforensic.com>,Custodians/Grace_Lin/EMAIL-566_Parcel_credit_build_NW_05_face.eml
EMAIL-567,A Patel,12/03/2023,11:35:00 PST,Robert Denniston <rdenniston@cascadetimber.com>,Brenda Moss <bmoss@mosslane-cpa.com>,,Escrow statement — cash proceeds (discounted),Due Diligence Failure,No,No,booking_note.csv,<email-567.202312031135@cascadetimber.com>,Custodians/A_Patel/EMAIL-567_Escrow_statement_cash_proceeds_discounted.eml
EMAIL-568,John Ellery,08/30/2023,17:30:00 PDT,Brenda Moss <bmoss@mosslane-cpa.com>,Dana Whitaker <dwhitaker@whitakerforensic.com>,Craig Sato <csato@cascadetimber.com>,Escrow statement — cash proceeds (discounted),Due Diligence Failure,No,No,booking_note.csv,<email-568.202308301730@mosslane-cpa.com>,Custodians/John_Ellery/EMAIL-568_Escrow_statement_cash_proceeds_discounted.eml
EMAIL-569,Grace Lin,10/30/2023,16:10:00 PDT,Dana Whitaker <dwhitaker@whitakerforensic.com>,Grace Lin <glin@llassociates.com>,,Parcel credit build — NW-06 (face),Privileged Work Product,Yes,No,NW-03_build.csv,<email-569.202310301610@whitakerforensic.com>,Custodians/Grace_Lin/EMAIL-569_Parcel_credit_build_NW_06_face.eml
EMAIL-570,Jay Whitfield,07/27/2022,13:30:00 PDT,Owen Larsen <olarsen@larsentaxadvisory.com>,Robert Denniston <rdenniston@cascadetimber.com>,,Credit certificate — NW-02,Routine,No,No,,<email-570.202207271330@larsentaxadvisory.com>,Custodians/Jay_Whitfield/EMAIL-570_Credit_certificate_NW_02.eml
EMAIL-571,Derek Holt,03/23/2023,08:20:00 PDT,Owen Larsen <olarsen@larsentaxadvisory.com>,Craig Sato <csato@cascadetimber.com>,,Certificate listing review — NW-06 (provision support),Routine,No,No,,<email-571.202303230820@larsentaxadvisory.com>,Custodians/Derek_Holt/EMAIL-571_Certificate_listing_review_NW_06_provision_support.eml
EMAIL-572,Jay Whitfield,07/06/2023,10:20:00 PDT,Craig Sato <csato@cascadetimber.com>,Brenda Moss <bmoss@mosslane-cpa.com>,,Escrow statement — cash proceeds (discounted),Due Diligence Failure,No,No,booking_note.csv,<email-572.202307061020@cascadetimber.com>,Custodians/Jay_Whitfield/EMAIL-572_Escrow_statement_cash_proceeds_discounted.eml
EMAIL-573,Priya Shah,06/06/2022,08:40:00 PDT,Owen Larsen <olarsen@larsentaxadvisory.com>,Craig Sato <csato@cascadetimber.com>,,Audit planning note — interim procedures (Moss & Lane),Routine,No,No,,<email-573.202206060840@larsentaxadvisory.com>,Custodians/Priya_Shah/EMAIL-573_Audit_planning_note_interim_procedures_Moss_Lane.eml
EMAIL-574,Sarah Nguyen,06/27/2023,09:50:00 PDT,Robert Denniston <rdenniston@cascadetimber.com>,Craig Sato <csato@cascadetimber.com>,T Kim <tkim@mosslane-cpa.com>,Wire confirmation — fee payment (6%/8% expensed),Routine,No,No,booking_note.csv,<email-574.202306270950@cascadetimber.com>,Custodians/Sarah_Nguyen/EMAIL-574_Wire_confirmation_fee_payment_6_8_expensed.eml
EMAIL-575,Mia Chen,05/01/2023,13:10:00 PDT,Robert Denniston <rdenniston@cascadetimber.com>,T Kim <tkim@mosslane-cpa.com>,,Parcel credit build — NW-08 (face),Routine,No,No,NW-04_build.csv,<email-575.202305011310@cascadetimber.com>,Custodians/Mia_Chen/EMAIL-575_Parcel_credit_build_NW_08_face.eml
EMAIL-576,Jay Whitfield,11/19/2022,10:05:00 PST,T Kim <tkim@mosslane-cpa.com>,Owen Larsen <olarsen@larsentaxadvisory.com>,,Provision disclosure draft — Larsen,Routine,No,No,,<email-576.202211191005@mosslane-cpa.com>,Custodians/Jay_Whitfield/EMAIL-576_Provision_disclosure_draft_Larsen.eml
EMAIL-577,Priya Shah,07/20/2022,14:55:00 PDT,Owen Larsen <olarsen@larsentaxadvisory.com>,Priya Shah <pshah@alderpointpartners.com>,,Provision disclosure draft — Larsen,Routine,No,No,,<email-577.202207201455@larsentaxadvisory.com>,Custodians/Priya_Shah/EMAIL-577_Provision_disclosure_draft_Larsen.eml
EMAIL-578,Marcus Webb,12/25/2021,09:50:00 PST,Owen Larsen <olarsen@larsentaxadvisory.com>,Robert Denniston <rdenniston@cascadetimber.com>,,Provision disclosure draft — Larsen,Routine,No,No,,<email-578.202112250950@larsentaxadvisory.com>,Custodians/Marcus_Webb/EMAIL-578_Provision_disclosure_draft_Larsen.eml
EMAIL-579,Grace Lin,09/15/2023,10:40:00 PDT,Dana Whitaker <dwhitaker@whitakerforensic.com>,Grace Lin <glin@llassociates.com>,,Escrow tracing analysis — cash proceeds (counsel-directed),Privileged Work Product,Yes,No,booking_note.csv,<email-579.202309151040@whitakerforensic.com>,Custodians/Grace_Lin/EMAIL-579_Escrow_tracing_analysis_cash_proceeds_counsel_directed.eml
EMAIL-580,Derek Holt,02/04/2022,10:10:00 PST,Owen Larsen <olarsen@larsentaxadvisory.com>,Robert Denniston <rdenniston@cascadetimber.com>,Priya Shah <pshah@alderpointpartners.com>,Rate card — batch 5,Routine,No,No,rate_card_draft.csv,<email-580.202202041010@larsentaxadvisory.com>,Custodians/Derek_Holt/EMAIL-580_Rate_card_batch_5.eml
EMAIL-581,Priya Shah,11/23/2022,13:00:00 PST,Owen Larsen <olarsen@larsentaxadvisory.com>,Priya Shah <pshah@alderpointpartners.com>,,Audit planning note — interim procedures (Moss & Lane),Routine,No,No,,<email-581.202211231300@larsentaxadvisory.com>,Custodians/Priya_Shah/EMAIL-581_Audit_planning_note_interim_procedures_Moss_Lane.eml
EMAIL-582,Facilities,11/28/2022,09:30:00 PST,Robert Denniston <rdenniston@cascadetimber.com>,Owen Larsen <olarsen@larsentaxadvisory.com>,,Parcel credit build — NW-08 (face),Routine,No,No,NW-06_build.csv,<email-582.202211280930@cascadetimber.com>,Custodians/Facilities/EMAIL-582_Parcel_credit_build_NW_08_face.eml
EMAIL-583,Human Resources,07/16/2023,15:25:00 PDT,Owen Larsen <olarsen@larsentaxadvisory.com>,Robert Denniston <rdenniston@cascadetimber.com>,,Parcel credit build — NW-04 (face),Routine,No,No,NW-07_build.csv,<email-583.202307161525@larsentaxadvisory.com>,Custodians/Human_Resources/EMAIL-583_Parcel_credit_build_NW_04_face.eml
EMAIL-584,HR,02/21/2022,10:05:00 PST,Owen Larsen <olarsen@larsentaxadvisory.com>,Robert Denniston <rdenniston@cascadetimber.com>,,Rate card — batch 5,Routine,No,No,rate_card_draft.csv,<email-584.202202211005@larsentaxadvisory.com>,Custodians/HR/EMAIL-584_Rate_card_batch_5.eml
EMAIL-585,Jay Whitfield,01/16/2022,16:00:00 PST,Craig Sato <csato@cascadetimber.com>,T Kim <tkim@mosslane-cpa.com>,,Credit build worksheet (draft) — NW-04,Routine,No,No,NW-08_build_draft.csv,<email-585.202201161600@cascadetimber.com>,Custodians/Jay_Whitfield/EMAIL-585_Credit_build_worksheet_draft_NW_04.eml
EMAIL-586,Tom Reyes,08/26/2022,14:40:00 PDT,Owen Larsen <olarsen@larsentaxadvisory.com>,T Kim <tkim@mosslane-cpa.com>,Craig Sato <csato@cascadetimber.com>,Provision disclosure draft — Larsen,Routine,No,No,,<email-586.202208261440@larsentaxadvisory.com>,Custodians/Tom_Reyes/EMAIL-586_Provision_disclosure_draft_Larsen.eml
EMAIL-587,Alan Brooks,10/17/2023,15:55:00 PDT,T Kim <tkim@mosslane-cpa.com>,Owen Larsen <olarsen@larsentaxadvisory.com>,,Auditor contingency memo — Moss & Lane,Routine,No,No,,<email-587.202310171555@mosslane-cpa.com>,Custodians/Alan_Brooks/EMAIL-587_Auditor_contingency_memo_Moss_Lane.eml
EMAIL-588,Mia Chen,05/05/2022,14:40:00 PDT,Owen Larsen <olarsen@larsentaxadvisory.com>,Brenda Moss <bmoss@mosslane-cpa.com>,,Provision disclosure draft — Larsen,Routine,No,No,,<email-588.202205051440@larsentaxadvisory.com>,Custodians/Mia_Chen/EMAIL-588_Provision_disclosure_draft_Larsen.eml
EMAIL-589,Sarah Nguyen,07/24/2023,13:55:00 PDT,Owen Larsen <olarsen@larsentaxadvisory.com>,T Kim <tkim@mosslane-cpa.com>,,Certificate listing review — NW-01 (provision support),Routine,No,No,,<email-589.202307241355@larsentaxadvisory.com>,Custodians/Sarah_Nguyen/EMAIL-589_Certificate_listing_review_NW_01_provision_support.eml
EMAIL-590,Sarah Nguyen,01/03/2022,10:00:00 PST,Owen Larsen <olarsen@larsentaxadvisory.com>,Craig Sato <csato@cascadetimber.com>,,Tax provision scoping — year-end close planning,Routine,No,No,,<email-590.202201031000@larsentaxadvisory.com>,Custodians/Sarah_Nguyen/EMAIL-590_Tax_provision_scoping_year_end_close_planning.eml
EMAIL-591,Kevin Tran,07/15/2022,11:40:00 PDT,Tom Reyes <treyes@alderpointpartners.com>,Renee Ford <rford@bellhavenadvisory.com>,,Buyer diligence request — buyer lot 4,Routine,No,No,,<email-591.202207151140@alderpointpartners.com>,Custodians/Kevin_Tran/EMAIL-591_Buyer_diligence_request_buyer_lot_4.eml
EMAIL-592,Wendy Park,05/12/2022,11:15:00 PDT,Derek Holt <dholt@bellhavenadvisory.com>,A Patel <apatel@bluerivercap.com>,,Broker pipeline update,Routine,No,No,,<email-592.202205121115@bellhavenadvisory.com>,Custodians/Wendy_Park/EMAIL-592_Broker_pipeline_update.eml
EMAIL-593,Kevin Tran,05/19/2022,14:55:00 PDT,Jay Whitfield <jwhitfield@alderpointpartners.com>,Frank Delgado <fdelgado@cascadetimber.com>,,Buyer diligence request — buyer lot 4,Routine,No,No,,<email-593.202205191455@alderpointpartners.com>,Custodians/Kevin_Tran/EMAIL-593_Buyer_diligence_request_buyer_lot_4.eml
EMAIL-594,John Ellery,12/12/2022,10:30:00 PST,J Orr <jorr@cppension.org>,M Reyes <mreyes@bluerivercap.com>,D Liu <dliu@northforkef.com>,Placement agreement — Bellhaven batch 1,Routine,No,No,placement_template.txt,<email-594.202212121030@cppension.org>,Custodians/John_Ellery/EMAIL-594_Placement_agreement_Bellhaven_batch_1.eml
EMAIL-595,IT Notifications,02/17/2023,14:00:00 PST,A Patel <apatel@bluerivercap.com>,J Orr <jorr@cppension.org>,,Credit certificate delivery — buyer lot 1,Routine,No,No,,<email-595.202302171400@bluerivercap.com>,Custodians/IT_Notifications/EMAIL-595_Credit_certificate_delivery_buyer_lot_1.eml
EMAIL-596,Jay Whitfield,09/10/2022,15:35:00 PDT,J Orr <jorr@cppension.org>,Frank Delgado <fdelgado@cascadetimber.com>,,Buyer diligence request — buyer lot 3,Routine,No,No,,<email-596.202209101535@cppension.org>,Custodians/Jay_Whitfield/EMAIL-596_Buyer_diligence_request_buyer_lot_3.eml
EMAIL-597,Marcus Webb,08/01/2023,08:50:00 PDT,M Reyes <mreyes@bluerivercap.com>,D Liu <dliu@northforkef.com>,,Co-marketing follow-up,Routine,No,No,,<email-597.202308010850@bluerivercap.com>,Custodians/Marcus_Webb/EMAIL-597_Co_marketing_follow_up.eml
EMAIL-598,Nina Alvarez,02/19/2023,15:35:00 PST,K Singh <ksingh@northforkef.com>,Renee Ford <rford@bellhavenadvisory.com>,,Buyer diligence request — buyer lot 1,Routine,No,No,,<email-598.202302191535@northforkef.com>,Custodians/Nina_Alvarez/EMAIL-598_Buyer_diligence_request_buyer_lot_1.eml
EMAIL-599,Tom Reyes,11/08/2023,10:15:00 PST,Derek Holt <dholt@bellhavenadvisory.com>,M Reyes <mreyes@bluerivercap.com>,,Credit certificate delivery — buyer lot 4,Routine,No,No,,<email-599.202311081015@bellhavenadvisory.com>,Custodians/Tom_Reyes/EMAIL-599_Credit_certificate_delivery_buyer_lot_4.eml
EMAIL-600,Human Resources,04/02/2023,15:50:00 PDT,Priya Shah <pshah@alderpointpartners.com>,J Orr <jorr@cppension.org>,,Marketing deck v3 (checklist version-controlled),Routine,No,No,,<email-600.202304021550@alderpointpartners.com>,Custodians/Human_Resources/EMAIL-600_Marketing_deck_v3_checklist_version_controlled.eml
EMAIL-601,Elena Marlowe,11/02/2022,11:30:00 PST,J Orr <jorr@cppension.org>,Renee Ford <rford@bellhavenadvisory.com>,,Placement agreement — Bellhaven batch 5,Routine,No,No,placement_template.txt,<email-601.202211021130@cppension.org>,Custodians/Elena_Marlowe/EMAIL-601_Placement_agreement_Bellhaven_batch_5.eml
EMAIL-602,Priya Shah,01/24/2023,14:05:00 PST,Derek Holt <dholt@bellhavenadvisory.com>,Priya Shah <pshah@alderpointpartners.com>,,Buyer inquiry — batch timing and coverage,Routine,No,No,,<email-602.202301241405@bellhavenadvisory.com>,Custodians/Priya_Shah/EMAIL-602_Buyer_inquiry_batch_timing_and_coverage.eml
EMAIL-603,Dana Whitaker,11/26/2023,09:25:00 PST,Jay Whitfield <jwhitfield@alderpointpartners.com>,J Orr <jorr@cppension.org>,,Placement agreement — Bellhaven batch 6,Routine,No,No,placement_template.txt,<email-603.202311260925@alderpointpartners.com>,Custodians/Dana_Whitaker/EMAIL-603_Placement_agreement_Bellhaven_batch_6.eml
EMAIL-604,Derek Holt,05/25/2022,13:25:00 PDT,K Singh <ksingh@northforkef.com>,J Orr <jorr@cppension.org>,,Credit certificate delivery — buyer lot 5,Routine,No,No,,<email-604.202205251325@northforkef.com>,Custodians/Derek_Holt/EMAIL-604_Credit_certificate_delivery_buyer_lot_5.eml
EMAIL-605,Marcus Webb,07/10/2023,14:30:00 PDT,A Patel <apatel@bluerivercap.com>,M Reyes <mreyes@bluerivercap.com>,,Broker pipeline update,Routine,No,No,,<email-605.202307101430@bluerivercap.com>,Custodians/Marcus_Webb/EMAIL-605_Broker_pipeline_update.eml
EMAIL-606,Human Resources,08/13/2022,09:55:00 PDT,Tom Reyes <treyes@alderpointpartners.com>,Derek Holt <dholt@bellhavenadvisory.com>,,Placement template — draft (pre-broker),Routine,No,No,placement_template.txt,<email-606.202208130955@alderpointpartners.com>,Custodians/Human_Resources/EMAIL-606_Placement_template_draft_pre_broker.eml
EMAIL-607,Brenda Moss,06/30/2023,09:40:00 PDT,Nina Alvarez <nalvarez@alderpointpartners.com>,K Singh <ksingh@northforkef.com>,,Broker pipeline update,Routine,No,No,,<email-607.202306300940@alderpointpartners.com>,Custodians/Brenda_Moss/EMAIL-607_Broker_pipeline_update.eml
EMAIL-608,John Ellery,03/04/2023,13:30:00 PDT,Jay Whitfield <jwhitfield@alderpointpartners.com>,K Singh <ksingh@northforkef.com>,,Marketing deck v2 (checklist version-controlled),Routine,No,No,,<email-608.202303041330@alderpointpartners.com>,Custodians/John_Ellery/EMAIL-608_Marketing_deck_v2_checklist_version_controlled.eml
EMAIL-609,Wendy Park,02/01/2023,08:05:00 PST,Nina Alvarez <nalvarez@alderpointpartners.com>,Derek Holt <dholt@bellhavenadvisory.com>,,Broker pipeline update,Routine,No,No,,<email-609.202302010805@alderpointpartners.com>,Custodians/Wendy_Park/EMAIL-609_Broker_pipeline_update.eml
EMAIL-610,Mia Chen,03/18/2023,08:40:00 PDT,M Reyes <mreyes@bluerivercap.com>,Tom Reyes <treyes@alderpointpartners.com>,,Marketing deck v4 (checklist version-controlled),Routine,No,No,,<email-610.202303180840@bluerivercap.com>,Custodians/Mia_Chen/EMAIL-610_Marketing_deck_v4_checklist_version_controlled.eml
EMAIL-611,Grace Lin,11/22/2022,11:00:00 PST,Renee Ford <rford@bellhavenadvisory.com>,S Grant <sgrant@willamettefh.com>,,Credit certificate delivery — buyer lot 2,Routine,No,No,,<email-611.202211221100@bellhavenadvisory.com>,Custodians/Grace_Lin/EMAIL-611_Credit_certificate_delivery_buyer_lot_2.eml
EMAIL-612,Dana Whitaker,01/30/2023,14:05:00 PST,M Reyes <mreyes@bluerivercap.com>,Frank Delgado <fdelgado@cascadetimber.com>,,Co-marketing follow-up,Routine,No,No,,<email-612.202301301405@bluerivercap.com>,Custodians/Dana_Whitaker/EMAIL-612_Co_marketing_follow_up.eml
EMAIL-613,Marcus Webb,09/09/2022,09:50:00 PDT,D Liu <dliu@northforkef.com>,Priya Shah <pshah@alderpointpartners.com>,,Marketing deck v3 (checklist version-controlled),Routine,No,No,,<email-613.202209090950@northforkef.com>,Custodians/Marcus_Webb/EMAIL-613_Marketing_deck_v3_checklist_version_controlled.eml
EMAIL-614,Priya Shah,02/27/2023,14:15:00 PST,K Singh <ksingh@northforkef.com>,J Orr <jorr@cppension.org>,,Broker pipeline update,Routine,No,No,,<email-614.202302271415@northforkef.com>,Custodians/Priya_Shah/EMAIL-614_Broker_pipeline_update.eml
EMAIL-615,Elena Marlowe,04/05/2023,16:20:00 PDT,Derek Holt <dholt@bellhavenadvisory.com>,K Singh <ksingh@northforkef.com>,,Credit certificate delivery — buyer lot 4,Routine,No,No,,<email-615.202304051620@bellhavenadvisory.com>,Custodians/Elena_Marlowe/EMAIL-615_Credit_certificate_delivery_buyer_lot_4.eml
EMAIL-616,Priya Shah,08/01/2022,15:05:00 PDT,D Liu <dliu@northforkef.com>,Derek Holt <dholt@bellhavenadvisory.com>,Tom Reyes <treyes@alderpointpartners.com>,Placement template — draft (pre-broker),Routine,No,No,placement_template.txt,<email-616.202208011505@northforkef.com>,Custodians/Priya_Shah/EMAIL-616_Placement_template_draft_pre_broker.eml
EMAIL-617,Dana Whitaker,08/18/2022,16:50:00 PDT,A Patel <apatel@bluerivercap.com>,Priya Shah <pshah@alderpointpartners.com>,,Co-marketing follow-up,Routine,No,No,,<email-617.202208181650@bluerivercap.com>,Custodians/Dana_Whitaker/EMAIL-617_Co_marketing_follow_up.eml
EMAIL-618,IT Notifications,11/19/2022,09:15:00 PST,D Liu <dliu@northforkef.com>,Tom Reyes <treyes@alderpointpartners.com>,,Broker pipeline update,Routine,No,No,,<email-618.202211190915@northforkef.com>,Custodians/IT_Notifications/EMAIL-618_Broker_pipeline_update.eml
EMAIL-619,Nina Alvarez,09/05/2023,10:20:00 PDT,K Singh <ksingh@northforkef.com>,Renee Ford <rford@bellhavenadvisory.com>,,Buyer inquiry — placement status after pause,Routine,No,No,,<email-619.202309051020@northforkef.com>,Custodians/Nina_Alvarez/EMAIL-619_Buyer_inquiry_placement_status_after_pause.eml
EMAIL-620,Dan Osei,01/15/2023,13:45:00 PST,Renee Ford <rford@bellhavenadvisory.com>,S Grant <sgrant@willamettefh.com>,,Buyer diligence request — buyer lot 1,Routine,No,No,,<email-620.202301151345@bellhavenadvisory.com>,Custodians/Dan_Osei/EMAIL-620_Buyer_diligence_request_buyer_lot_1.eml
EMAIL-621,Marcus Webb,11/09/2022,13:10:00 PST,Jay Whitfield <jwhitfield@alderpointpartners.com>,Priya Shah <pshah@alderpointpartners.com>,,Buyer diligence request — buyer lot 5,Routine,No,No,,<email-621.202211091310@alderpointpartners.com>,Custodians/Marcus_Webb/EMAIL-621_Buyer_diligence_request_buyer_lot_5.eml
EMAIL-622,HR,10/24/2022,09:50:00 PDT,S Grant <sgrant@willamettefh.com>,Jay Whitfield <jwhitfield@alderpointpartners.com>,,Buyer diligence request — buyer lot 5,Routine,No,No,,<email-622.202210240950@willamettefh.com>,Custodians/HR/EMAIL-622_Buyer_diligence_request_buyer_lot_5.eml
EMAIL-623,Jay Whitfield,06/11/2023,13:30:00 PDT,D Liu <dliu@northforkef.com>,M Reyes <mreyes@bluerivercap.com>,,Credit certificate delivery — buyer lot 1,Routine,No,No,,<email-623.202306111330@northforkef.com>,Custodians/Jay_Whitfield/EMAIL-623_Credit_certificate_delivery_buyer_lot_1.eml
EMAIL-624,Robert Denniston,10/09/2022,09:50:00 PDT,Jay Whitfield <jwhitfield@alderpointpartners.com>,K Singh <ksingh@northforkef.com>,,Co-marketing follow-up,Routine,No,No,,<email-624.202210090950@alderpointpartners.com>,Custodians/Robert_Denniston/EMAIL-624_Co_marketing_follow_up.eml
EMAIL-625,Robert Denniston,08/18/2022,11:40:00 PDT,Frank Delgado <fdelgado@cascadetimber.com>,S Grant <sgrant@willamettefh.com>,,Credit certificate delivery — buyer lot 3,Routine,No,No,,<email-625.202208181140@cascadetimber.com>,Custodians/Robert_Denniston/EMAIL-625_Credit_certificate_delivery_buyer_lot_3.eml
EMAIL-626,Tom Reyes,11/10/2023,10:55:00 PST,J Orr <jorr@cppension.org>,Derek Holt <dholt@bellhavenadvisory.com>,,Broker pipeline update,Routine,No,No,,<email-626.202311101055@cppension.org>,Custodians/Tom_Reyes/EMAIL-626_Broker_pipeline_update.eml
EMAIL-627,Robert Denniston,08/15/2023,13:45:00 PDT,Tom Reyes <treyes@alderpointpartners.com>,K Singh <ksingh@northforkef.com>,,Placement agreement — Bellhaven batch 4,Routine,No,No,placement_template.txt,<email-627.202308151345@alderpointpartners.com>,Custodians/Robert_Denniston/EMAIL-627_Placement_agreement_Bellhaven_batch_4.eml
EMAIL-628,Wendy Park,07/03/2023,08:10:00 PDT,Tom Reyes <treyes@alderpointpartners.com>,J Orr <jorr@cppension.org>,,Refund demand — buyer lot 4,Routine,No,No,,<email-628.202307030810@alderpointpartners.com>,Custodians/Wendy_Park/EMAIL-628_Refund_demand_buyer_lot_4.eml
EMAIL-629,Brenda Moss,04/26/2023,13:05:00 PDT,A Patel <apatel@bluerivercap.com>,K Singh <ksingh@northforkef.com>,,Marketing deck v4 (checklist version-controlled),Routine,No,No,,<email-629.202304261305@bluerivercap.com>,Custodians/Brenda_Moss/EMAIL-629_Marketing_deck_v4_checklist_version_controlled.eml
EMAIL-630,IT Notifications,05/11/2022,08:25:00 PDT,A Patel <apatel@bluerivercap.com>,Nina Alvarez <nalvarez@alderpointpartners.com>,D Liu <dliu@northforkef.com>,Buyer diligence request — buyer lot 3,Routine,No,No,,<email-630.202205110825@bluerivercap.com>,Custodians/IT_Notifications/EMAIL-630_Buyer_diligence_request_buyer_lot_3.eml
EMAIL-631,Jay Whitfield,04/13/2023,11:35:00 PDT,Frank Delgado <fdelgado@cascadetimber.com>,Priya Shah <pshah@alderpointpartners.com>,,Placement agreement — Bellhaven batch 6,Routine,No,No,placement_template.txt,<email-631.202304131135@cascadetimber.com>,Custodians/Jay_Whitfield/EMAIL-631_Placement_agreement_Bellhaven_batch_6.eml
EMAIL-632,Robert Denniston,07/16/2022,11:50:00 PDT,Derek Holt <dholt@bellhavenadvisory.com>,M Reyes <mreyes@bluerivercap.com>,,Credit certificate delivery — buyer lot 1,Routine,No,No,,<email-632.202207161150@bellhavenadvisory.com>,Custodians/Robert_Denniston/EMAIL-632_Credit_certificate_delivery_buyer_lot_1.eml
EMAIL-633,Human Resources,07/13/2022,14:50:00 PDT,Nina Alvarez <nalvarez@alderpointpartners.com>,A Patel <apatel@bluerivercap.com>,,Marketing deck v3 (checklist version-controlled),Routine,No,No,,<email-633.202207131450@alderpointpartners.com>,Custodians/Human_Resources/EMAIL-633_Marketing_deck_v3_checklist_version_controlled.eml
EMAIL-634,John Ellery,11/01/2022,17:50:00 PST,Renee Ford <rford@bellhavenadvisory.com>,Derek Holt <dholt@bellhavenadvisory.com>,,Buyer inquiry — batch timing and coverage,Routine,No,No,,<email-634.202211011750@bellhavenadvisory.com>,Custodians/John_Ellery/EMAIL-634_Buyer_inquiry_batch_timing_and_coverage.eml
EMAIL-635,Elena Marlowe,12/01/2022,14:55:00 PST,Jay Whitfield <jwhitfield@alderpointpartners.com>,Priya Shah <pshah@alderpointpartners.com>,,Marketing deck v2 (checklist version-controlled),Routine,No,No,,<email-635.202212011455@alderpointpartners.com>,Custodians/Elena_Marlowe/EMAIL-635_Marketing_deck_v2_checklist_version_controlled.eml
EMAIL-636,Elena Marlowe,07/10/2023,16:15:00 PDT,J Orr <jorr@cppension.org>,Tom Reyes <treyes@alderpointpartners.com>,,Buyer inquiry — placement status after pause,Routine,No,No,,<email-636.202307101615@cppension.org>,Custodians/Elena_Marlowe/EMAIL-636_Buyer_inquiry_placement_status_after_pause.eml
EMAIL-637,HR,10/18/2023,11:50:00 PDT,Derek Holt <dholt@bellhavenadvisory.com>,D Liu <dliu@northforkef.com>,,Placement agreement — Bellhaven batch 6,Routine,No,No,placement_template.txt,<email-637.202310181150@bellhavenadvisory.com>,Custodians/HR/EMAIL-637_Placement_agreement_Bellhaven_batch_6.eml
EMAIL-638,Mia Chen,03/23/2023,09:05:00 PDT,K Singh <ksingh@northforkef.com>,S Grant <sgrant@willamettefh.com>,,Buyer inquiry — batch timing and coverage,Routine,No,No,,<email-638.202303230905@northforkef.com>,Custodians/Mia_Chen/EMAIL-638_Buyer_inquiry_batch_timing_and_coverage.eml
EMAIL-639,Elena Marlowe,11/17/2023,16:10:00 PST,A Patel <apatel@bluerivercap.com>,Renee Ford <rford@bellhavenadvisory.com>,,Placement agreement — Bellhaven batch 6,Routine,No,No,placement_template.txt,<email-639.202311171610@bluerivercap.com>,Custodians/Elena_Marlowe/EMAIL-639_Placement_agreement_Bellhaven_batch_6.eml
EMAIL-640,Grace Lin,05/25/2023,10:05:00 PDT,Frank Delgado <fdelgado@cascadetimber.com>,Derek Holt <dholt@bellhavenadvisory.com>,Priya Shah <pshah@alderpointpartners.com>,Buyer inquiry — batch timing and coverage,Routine,No,No,,<email-640.202305251005@cascadetimber.com>,Custodians/Grace_Lin/EMAIL-640_Buyer_inquiry_batch_timing_and_coverage.eml
EMAIL-641,Hannah Cole,06/06/2023,17:25:00 PDT,Frank Delgado <fdelgado@cascadetimber.com>,Derek Holt <dholt@bellhavenadvisory.com>,,Broker pipeline update,Routine,No,No,,<email-641.202306061725@cascadetimber.com>,Custodians/Hannah_Cole/EMAIL-641_Broker_pipeline_update.eml
EMAIL-642,Jay Whitfield,05/02/2023,15:15:00 PDT,A Patel <apatel@bluerivercap.com>,Renee Ford <rford@bellhavenadvisory.com>,Priya Shah <pshah@alderpointpartners.com>,Co-marketing follow-up,Routine,No,No,,<email-642.202305021515@bluerivercap.com>,Custodians/Jay_Whitfield/EMAIL-642_Co_marketing_follow_up.eml
EMAIL-643,Marcus Webb,01/23/2023,08:15:00 PST,A Patel <apatel@bluerivercap.com>,Tom Reyes <treyes@alderpointpartners.com>,,Credit certificate delivery — buyer lot 2,Routine,No,No,,<email-643.202301230815@bluerivercap.com>,Custodians/Marcus_Webb/EMAIL-643_Credit_certificate_delivery_buyer_lot_2.eml
EMAIL-644,A Patel,02/06/2023,09:35:00 PST,Priya Shah <pshah@alderpointpartners.com>,Nina Alvarez <nalvarez@alderpointpartners.com>,,Credit certificate delivery — buyer lot 4,Routine,No,No,,<email-644.202302060935@alderpointpartners.com>,Custodians/A_Patel/EMAIL-644_Credit_certificate_delivery_buyer_lot_4.eml
EMAIL-645,Human Resources,11/27/2022,10:35:00 PST,Jay Whitfield <jwhitfield@alderpointpartners.com>,K Singh <ksingh@northforkef.com>,,Marketing deck v4 (checklist version-controlled),Routine,No,No,,<email-645.202211271035@alderpointpartners.com>,Custodians/Human_Resources/EMAIL-645_Marketing_deck_v4_checklist_version_controlled.eml
EMAIL-646,Frank Delgado,05/21/2022,09:30:00 PDT,Tom Reyes <treyes@alderpointpartners.com>,J Orr <jorr@cppension.org>,,Buyer inquiry — batch timing,Routine,No,No,,<email-646.202205210930@alderpointpartners.com>,Custodians/Frank_Delgado/EMAIL-646_Buyer_inquiry_batch_timing.eml
EMAIL-647,Elena Marlowe,02/06/2023,14:10:00 PST,S Grant <sgrant@willamettefh.com>,Frank Delgado <fdelgado@cascadetimber.com>,,Placement agreement — Bellhaven batch 5,Routine,No,No,placement_template.txt,<email-647.202302061410@willamettefh.com>,Custodians/Elena_Marlowe/EMAIL-647_Placement_agreement_Bellhaven_batch_5.eml
EMAIL-648,Hannah Cole,08/23/2022,15:05:00 PDT,J Orr <jorr@cppension.org>,Derek Holt <dholt@bellhavenadvisory.com>,,Buyer inquiry — batch timing and coverage,Routine,No,No,,<email-648.202208231505@cppension.org>,Custodians/Hannah_Cole/EMAIL-648_Buyer_inquiry_batch_timing_and_coverage.eml
EMAIL-649,Marcus Webb,11/14/2022,13:55:00 PST,K Singh <ksingh@northforkef.com>,Derek Holt <dholt@bellhavenadvisory.com>,,Broker pipeline update,Routine,No,No,,<email-649.202211141355@northforkef.com>,Custodians/Marcus_Webb/EMAIL-649_Broker_pipeline_update.eml
EMAIL-650,John Ellery,02/13/2023,16:05:00 PST,Priya Shah <pshah@alderpointpartners.com>,K Singh <ksingh@northforkef.com>,,Marketing deck v5 (checklist version-controlled),Routine,No,No,,<email-650.202302131605@alderpointpartners.com>,Custodians/John_Ellery/EMAIL-650_Marketing_deck_v5_checklist_version_controlled.eml
EMAIL-651,Robert Denniston,05/26/2022,15:05:00 PDT,K Singh <ksingh@northforkef.com>,A Patel <apatel@bluerivercap.com>,,Buyer inquiry — batch timing,Routine,No,No,,<email-651.202205261505@northforkef.com>,Custodians/Robert_Denniston/EMAIL-651_Buyer_inquiry_batch_timing.eml
EMAIL-652,Elena Marlowe,10/08/2023,13:35:00 PDT,M Reyes <mreyes@bluerivercap.com>,J Orr <jorr@cppension.org>,,Co-marketing follow-up,Routine,No,No,,<email-652.202310081335@bluerivercap.com>,Custodians/Elena_Marlowe/EMAIL-652_Co_marketing_follow_up.eml
EMAIL-653,Nina Alvarez,03/29/2023,13:30:00 PDT,Nina Alvarez <nalvarez@alderpointpartners.com>,J Orr <jorr@cppension.org>,,Credit certificate delivery — buyer lot 4,Routine,No,No,,<email-653.202303291330@alderpointpartners.com>,Custodians/Nina_Alvarez/EMAIL-653_Credit_certificate_delivery_buyer_lot_4.eml
EMAIL-654,Hannah Cole,05/07/2022,13:50:00 PDT,Priya Shah <pshah@alderpointpartners.com>,Renee Ford <rford@bellhavenadvisory.com>,,Co-marketing follow-up,Routine,No,No,,<email-654.202205071350@alderpointpartners.com>,Custodians/Hannah_Cole/EMAIL-654_Co_marketing_follow_up.eml
EMAIL-655,Jay Whitfield,05/22/2022,10:45:00 PDT,Tom Reyes <treyes@alderpointpartners.com>,Frank Delgado <fdelgado@cascadetimber.com>,,Placement template — draft (pre-broker),Routine,No,No,placement_template.txt,<email-655.202205221045@alderpointpartners.com>,Custodians/Jay_Whitfield/EMAIL-655_Placement_template_draft_pre_broker.eml
EMAIL-656,Kevin Tran,04/05/2023,09:50:00 PDT,J Orr <jorr@cppension.org>,K Singh <ksingh@northforkef.com>,Nina Alvarez <nalvarez@alderpointpartners.com>,Marketing deck v4 (checklist version-controlled),Routine,No,No,,<email-656.202304050950@cppension.org>,Custodians/Kevin_Tran/EMAIL-656_Marketing_deck_v4_checklist_version_controlled.eml
EMAIL-657,Facilities,12/11/2022,11:35:00 PST,S Grant <sgrant@willamettefh.com>,Derek Holt <dholt@bellhavenadvisory.com>,,Broker pipeline update,Routine,No,No,,<email-657.202212111135@willamettefh.com>,Custodians/Facilities/EMAIL-657_Broker_pipeline_update.eml
EMAIL-658,Facilities,10/17/2022,14:20:00 PDT,M Reyes <mreyes@bluerivercap.com>,Frank Delgado <fdelgado@cascadetimber.com>,,Broker pipeline update,Routine,No,No,,<email-658.202210171420@bluerivercap.com>,Custodians/Facilities/EMAIL-658_Broker_pipeline_update.eml
EMAIL-659,Robert Denniston,07/17/2023,14:35:00 PDT,Renee Ford <rford@bellhavenadvisory.com>,M Reyes <mreyes@bluerivercap.com>,,Marketing deck v2 (checklist version-controlled),Routine,No,No,,<email-659.202307171435@bellhavenadvisory.com>,Custodians/Robert_Denniston/EMAIL-659_Marketing_deck_v2_checklist_version_controlled.eml
EMAIL-660,IT Notifications,09/28/2023,10:20:00 PDT,Priya Shah <pshah@alderpointpartners.com>,S Grant <sgrant@willamettefh.com>,,Marketing deck v5 (checklist version-controlled),Routine,No,No,,<email-660.202309281020@alderpointpartners.com>,Custodians/IT_Notifications/EMAIL-660_Marketing_deck_v5_checklist_version_controlled.eml
EMAIL-661,Dan Osei,11/29/2022,15:35:00 PST,M Reyes <mreyes@bluerivercap.com>,A Patel <apatel@bluerivercap.com>,Jay Whitfield <jwhitfield@alderpointpartners.com>,Placement agreement — Bellhaven batch 5,Routine,No,No,placement_template.txt,<email-661.202211291535@bluerivercap.com>,Custodians/Dan_Osei/EMAIL-661_Placement_agreement_Bellhaven_batch_5.eml
EMAIL-662,Elena Marlowe,12/26/2022,15:55:00 PST,Jay Whitfield <jwhitfield@alderpointpartners.com>,D Liu <dliu@northforkef.com>,,Co-marketing follow-up,Routine,No,No,,<email-662.202212261555@alderpointpartners.com>,Custodians/Elena_Marlowe/EMAIL-662_Co_marketing_follow_up.eml
EMAIL-663,Hannah Cole,02/26/2023,09:40:00 PST,D Liu <dliu@northforkef.com>,Frank Delgado <fdelgado@cascadetimber.com>,,Placement agreement — Bellhaven batch 4,Routine,No,No,placement_template.txt,<email-663.202302260940@northforkef.com>,Custodians/Hannah_Cole/EMAIL-663_Placement_agreement_Bellhaven_batch_4.eml
EMAIL-664,Derek Holt,10/19/2022,11:10:00 PDT,A Patel <apatel@bluerivercap.com>,D Liu <dliu@northforkef.com>,,Credit certificate delivery — buyer lot 4,Routine,No,No,,<email-664.202210191110@bluerivercap.com>,Custodians/Derek_Holt/EMAIL-664_Credit_certificate_delivery_buyer_lot_4.eml
EMAIL-665,Marcus Webb,11/02/2023,10:20:00 PST,D Liu <dliu@northforkef.com>,Tom Reyes <treyes@alderpointpartners.com>,,Refund demand — buyer lot 2,Routine,No,No,,<email-665.202311021020@northforkef.com>,Custodians/Marcus_Webb/EMAIL-665_Refund_demand_buyer_lot_2.eml
EMAIL-666,Dana Whitaker,11/30/2023,14:50:00 PST,D Liu <dliu@northforkef.com>,A Patel <apatel@bluerivercap.com>,,Credit certificate delivery — buyer lot 5,Routine,No,No,,<email-666.202311301450@northforkef.com>,Custodians/Dana_Whitaker/EMAIL-666_Credit_certificate_delivery_buyer_lot_5.eml
EMAIL-667,A Patel,05/27/2023,13:45:00 PDT,Jay Whitfield <jwhitfield@alderpointpartners.com>,K Singh <ksingh@northforkef.com>,,Buyer inquiry — batch timing and coverage,Routine,No,No,,<email-667.202305271345@alderpointpartners.com>,Custodians/A_Patel/EMAIL-667_Buyer_inquiry_batch_timing_and_coverage.eml
EMAIL-668,Sarah Nguyen,09/27/2022,17:15:00 PDT,A Patel <apatel@bluerivercap.com>,Renee Ford <rford@bellhavenadvisory.com>,,Marketing deck v4 (checklist version-controlled),Routine,No,No,,<email-668.202209271715@bluerivercap.com>,Custodians/Sarah_Nguyen/EMAIL-668_Marketing_deck_v4_checklist_version_controlled.eml
EMAIL-669,Facilities,11/15/2023,10:10:00 PST,Derek Holt <dholt@bellhavenadvisory.com>,Jay Whitfield <jwhitfield@alderpointpartners.com>,,Marketing deck v3 (checklist version-controlled),Routine,No,No,,<email-669.202311151010@bellhavenadvisory.com>,Custodians/Facilities/EMAIL-669_Marketing_deck_v3_checklist_version_controlled.eml
EMAIL-670,Facilities,01/17/2023,10:20:00 PST,Tom Reyes <treyes@alderpointpartners.com>,A Patel <apatel@bluerivercap.com>,,Buyer inquiry — batch timing and coverage,Routine,No,No,,<email-670.202301171020@alderpointpartners.com>,Custodians/Facilities/EMAIL-670_Buyer_inquiry_batch_timing_and_coverage.eml
EMAIL-671,Facilities,04/21/2023,10:05:00 PDT,Derek Holt <dholt@bellhavenadvisory.com>,A Patel <apatel@bluerivercap.com>,,Buyer inquiry — batch timing and coverage,Routine,No,No,,<email-671.202304211005@bellhavenadvisory.com>,Custodians/Facilities/EMAIL-671_Buyer_inquiry_batch_timing_and_coverage.eml
EMAIL-672,Robert Denniston,06/26/2022,09:35:00 PDT,Tom Reyes <treyes@alderpointpartners.com>,Frank Delgado <fdelgado@cascadetimber.com>,,Buyer diligence request — buyer lot 3,Routine,No,No,,<email-672.202206260935@alderpointpartners.com>,Custodians/Robert_Denniston/EMAIL-672_Buyer_diligence_request_buyer_lot_3.eml
EMAIL-673,Dan Osei,02/09/2023,10:25:00 PST,D Liu <dliu@northforkef.com>,Jay Whitfield <jwhitfield@alderpointpartners.com>,J Orr <jorr@cppension.org>,Credit certificate delivery — buyer lot 6,Routine,No,No,,<email-673.202302091025@northforkef.com>,Custodians/Dan_Osei/EMAIL-673_Credit_certificate_delivery_buyer_lot_6.eml
EMAIL-674,Dana Whitaker,05/16/2022,09:20:00 PDT,Tom Reyes <treyes@alderpointpartners.com>,S Grant <sgrant@willamettefh.com>,,Co-marketing follow-up,Routine,No,No,,<email-674.202205160920@alderpointpartners.com>,Custodians/Dana_Whitaker/EMAIL-674_Co_marketing_follow_up.eml
EMAIL-675,Mia Chen,06/04/2022,10:50:00 PDT,Renee Ford <rford@bellhavenadvisory.com>,M Reyes <mreyes@bluerivercap.com>,,Broker pipeline update,Routine,No,No,,<email-675.202206041050@bellhavenadvisory.com>,Custodians/Mia_Chen/EMAIL-675_Broker_pipeline_update.eml
EMAIL-676,Derek Holt,11/15/2023,10:25:00 PST,Jay Whitfield <jwhitfield@alderpointpartners.com>,Renee Ford <rford@bellhavenadvisory.com>,,Marketing deck v3 (checklist version-controlled),Routine,No,No,,<email-676.202311151025@alderpointpartners.com>,Custodians/Derek_Holt/EMAIL-676_Marketing_deck_v3_checklist_version_controlled.eml
EMAIL-677,John Ellery,08/21/2023,11:35:00 PDT,Priya Shah <pshah@alderpointpartners.com>,Derek Holt <dholt@bellhavenadvisory.com>,,Broker pipeline update,Routine,No,No,,<email-677.202308211135@alderpointpartners.com>,Custodians/John_Ellery/EMAIL-677_Broker_pipeline_update.eml
EMAIL-678,Hannah Cole,07/19/2022,10:45:00 PDT,K Singh <ksingh@northforkef.com>,J Orr <jorr@cppension.org>,Derek Holt <dholt@bellhavenadvisory.com>,Buyer diligence request — buyer lot 6,Routine,No,No,,<email-678.202207191045@northforkef.com>,Custodians/Hannah_Cole/EMAIL-678_Buyer_diligence_request_buyer_lot_6.eml
EMAIL-679,Facilities,06/28/2022,13:20:00 PDT,Derek Holt <dholt@bellhavenadvisory.com>,A Patel <apatel@bluerivercap.com>,,Buyer inquiry — batch timing and coverage,Routine,No,No,,<email-679.202206281320@bellhavenadvisory.com>,Custodians/Facilities/EMAIL-679_Buyer_inquiry_batch_timing_and_coverage.eml
EMAIL-680,Grace Lin,06/02/2023,10:20:00 PDT,A Patel <apatel@bluerivercap.com>,Frank Delgado <fdelgado@cascadetimber.com>,,Co-marketing follow-up,Routine,No,No,,<email-680.202306021020@bluerivercap.com>,Custodians/Grace_Lin/EMAIL-680_Co_marketing_follow_up.eml
EMAIL-681,Robert Denniston,11/15/2022,10:55:00 PST,Nina Alvarez <nalvarez@alderpointpartners.com>,D Liu <dliu@northforkef.com>,,Placement agreement — Bellhaven batch 6,Routine,No,No,placement_template.txt,<email-681.202211151055@alderpointpartners.com>,Custodians/Robert_Denniston/EMAIL-681_Placement_agreement_Bellhaven_batch_6.eml
EMAIL-682,Derek Holt,04/25/2023,08:55:00 PDT,Derek Holt <dholt@bellhavenadvisory.com>,Nina Alvarez <nalvarez@alderpointpartners.com>,,Marketing deck v4 (checklist version-controlled),Routine,No,No,,<email-682.202304250855@bellhavenadvisory.com>,Custodians/Derek_Holt/EMAIL-682_Marketing_deck_v4_checklist_version_controlled.eml
EMAIL-683,Hannah Cole,01/10/2023,13:35:00 PST,J Orr <jorr@cppension.org>,Priya Shah <pshah@alderpointpartners.com>,,Broker pipeline update,Routine,No,No,,<email-683.202301101335@cppension.org>,Custodians/Hannah_Cole/EMAIL-683_Broker_pipeline_update.eml
EMAIL-684,Human Resources,09/08/2022,09:30:00 PDT,K Singh <ksingh@northforkef.com>,Jay Whitfield <jwhitfield@alderpointpartners.com>,,Placement agreement — Bellhaven batch 6,Routine,No,No,placement_template.txt,<email-684.202209080930@northforkef.com>,Custodians/Human_Resources/EMAIL-684_Placement_agreement_Bellhaven_batch_6.eml
EMAIL-685,Wendy Park,11/08/2023,13:40:00 PST,S Grant <sgrant@willamettefh.com>,D Liu <dliu@northforkef.com>,,Placement agreement — Bellhaven batch 5,Routine,No,No,placement_template.txt,<email-685.202311081340@willamettefh.com>,Custodians/Wendy_Park/EMAIL-685_Placement_agreement_Bellhaven_batch_5.eml
EMAIL-686,Derek Holt,12/06/2022,17:05:00 PST,Jay Whitfield <jwhitfield@alderpointpartners.com>,Priya Shah <pshah@alderpointpartners.com>,K Singh <ksingh@northforkef.com>,Marketing deck v5 (checklist version-controlled),Routine,No,No,,<email-686.202212061705@alderpointpartners.com>,Custodians/Derek_Holt/EMAIL-686_Marketing_deck_v5_checklist_version_controlled.eml
EMAIL-687,Human Resources,07/25/2022,08:35:00 PDT,A Patel <apatel@bluerivercap.com>,Renee Ford <rford@bellhavenadvisory.com>,,Co-marketing follow-up,Routine,No,No,,<email-687.202207250835@bluerivercap.com>,Custodians/Human_Resources/EMAIL-687_Co_marketing_follow_up.eml
EMAIL-688,Craig Sato,06/03/2022,16:35:00 PDT,Renee Ford <rford@bellhavenadvisory.com>,S Grant <sgrant@willamettefh.com>,,Buyer inquiry — batch timing,Routine,No,No,,<email-688.202206031635@bellhavenadvisory.com>,Custodians/Craig_Sato/EMAIL-688_Buyer_inquiry_batch_timing.eml
EMAIL-689,Facilities,05/11/2022,08:00:00 PDT,J Orr <jorr@cppension.org>,A Patel <apatel@bluerivercap.com>,,Credit certificate delivery — buyer lot 4,Routine,No,No,,<email-689.202205110800@cppension.org>,Custodians/Facilities/EMAIL-689_Credit_certificate_delivery_buyer_lot_4.eml
EMAIL-690,A Patel,02/04/2023,10:15:00 PST,A Patel <apatel@bluerivercap.com>,Tom Reyes <treyes@alderpointpartners.com>,Priya Shah <pshah@alderpointpartners.com>,Marketing deck v3 (checklist version-controlled),Routine,No,No,,<email-690.202302041015@bluerivercap.com>,Custodians/A_Patel/EMAIL-690_Marketing_deck_v3_checklist_version_controlled.eml
EMAIL-691,Derek Holt,12/04/2022,09:10:00 PST,Priya Shah <pshah@alderpointpartners.com>,J Orr <jorr@cppension.org>,Derek Holt <dholt@bellhavenadvisory.com>,Buyer inquiry — batch timing and coverage,Routine,No,No,,<email-691.202212040910@alderpointpartners.com>,Custodians/Derek_Holt/EMAIL-691_Buyer_inquiry_batch_timing_and_coverage.eml
EMAIL-692,Priya Shah,05/31/2023,16:25:00 PDT,A Patel <apatel@bluerivercap.com>,Renee Ford <rford@bellhavenadvisory.com>,,Co-marketing follow-up,Routine,No,No,,<email-692.202305311625@bluerivercap.com>,Custodians/Priya_Shah/EMAIL-692_Co_marketing_follow_up.eml
EMAIL-693,Derek Holt,09/05/2022,16:35:00 PDT,S Grant <sgrant@willamettefh.com>,A Patel <apatel@bluerivercap.com>,,Broker pipeline update,Routine,No,No,,<email-693.202209051635@willamettefh.com>,Custodians/Derek_Holt/EMAIL-693_Broker_pipeline_update.eml
EMAIL-694,A Patel,09/14/2023,09:25:00 PDT,Jay Whitfield <jwhitfield@alderpointpartners.com>,Frank Delgado <fdelgado@cascadetimber.com>,,Refund demand — buyer lot 2,Routine,No,No,,<email-694.202309140925@alderpointpartners.com>,Custodians/A_Patel/EMAIL-694_Refund_demand_buyer_lot_2.eml
EMAIL-695,Tom Reyes,06/26/2023,08:00:00 PDT,Derek Holt <dholt@bellhavenadvisory.com>,K Singh <ksingh@northforkef.com>,,Broker pipeline update,Routine,No,No,,<email-695.202306260800@bellhavenadvisory.com>,Custodians/Tom_Reyes/EMAIL-695_Broker_pipeline_update.eml
EMAIL-696,Facilities,01/01/2023,08:15:00 PST,J Orr <jorr@cppension.org>,K Singh <ksingh@northforkef.com>,,Buyer diligence request — buyer lot 5,Routine,No,No,,<email-696.202301010815@cppension.org>,Custodians/Facilities/EMAIL-696_Buyer_diligence_request_buyer_lot_5.eml
EMAIL-697,Priya Shah,07/09/2023,14:50:00 PDT,Frank Delgado <fdelgado@cascadetimber.com>,Jay Whitfield <jwhitfield@alderpointpartners.com>,,Buyer inquiry — placement status after pause,Routine,No,No,,<email-697.202307091450@cascadetimber.com>,Custodians/Priya_Shah/EMAIL-697_Buyer_inquiry_placement_status_after_pause.eml
EMAIL-698,A Patel,07/19/2022,10:40:00 PDT,M Reyes <mreyes@bluerivercap.com>,J Orr <jorr@cppension.org>,,Placement template — draft (pre-broker),Routine,No,No,placement_template.txt,<email-698.202207191040@bluerivercap.com>,Custodians/A_Patel/EMAIL-698_Placement_template_draft_pre_broker.eml
EMAIL-699,Dana Whitaker,11/14/2022,13:55:00 PST,Derek Holt <dholt@bellhavenadvisory.com>,Jay Whitfield <jwhitfield@alderpointpartners.com>,,Broker pipeline update,Routine,No,No,,<email-699.202211141355@bellhavenadvisory.com>,Custodians/Dana_Whitaker/EMAIL-699_Broker_pipeline_update.eml
EMAIL-700,Priya Shah,11/16/2022,14:10:00 PST,Derek Holt <dholt@bellhavenadvisory.com>,A Patel <apatel@bluerivercap.com>,,Buyer diligence request — buyer lot 2,Routine,No,No,,<email-700.202211161410@bellhavenadvisory.com>,Custodians/Priya_Shah/EMAIL-700_Buyer_diligence_request_buyer_lot_2.eml
EMAIL-701,Sarah Nguyen,02/21/2023,11:20:00 PST,D Liu <dliu@northforkef.com>,J Orr <jorr@cppension.org>,,Marketing deck v2 (checklist version-controlled),Routine,No,No,,<email-701.202302211120@northforkef.com>,Custodians/Sarah_Nguyen/EMAIL-701_Marketing_deck_v2_checklist_version_controlled.eml
EMAIL-702,Robert Denniston,09/17/2023,15:40:00 PDT,D Liu <dliu@northforkef.com>,Tom Reyes <treyes@alderpointpartners.com>,,Broker pipeline update,Routine,No,No,,<email-702.202309171540@northforkef.com>,Custodians/Robert_Denniston/EMAIL-702_Broker_pipeline_update.eml
EMAIL-703,Nina Alvarez,11/03/2022,08:50:00 PST,Tom Reyes <treyes@alderpointpartners.com>,A Patel <apatel@bluerivercap.com>,,Marketing deck v3 (checklist version-controlled),Routine,No,No,,<email-703.202211030850@alderpointpartners.com>,Custodians/Nina_Alvarez/EMAIL-703_Marketing_deck_v3_checklist_version_controlled.eml
EMAIL-704,Wendy Park,08/13/2023,09:50:00 PDT,J Orr <jorr@cppension.org>,Tom Reyes <treyes@alderpointpartners.com>,Frank Delgado <fdelgado@cascadetimber.com>,Placement agreement — Bellhaven batch 5,Routine,No,No,placement_template.txt,<email-704.202308130950@cppension.org>,Custodians/Wendy_Park/EMAIL-704_Placement_agreement_Bellhaven_batch_5.eml
EMAIL-705,Human Resources,11/29/2023,13:00:00 PST,M Reyes <mreyes@bluerivercap.com>,Priya Shah <pshah@alderpointpartners.com>,,Refund demand — buyer lot 6,Routine,No,No,,<email-705.202311291300@bluerivercap.com>,Custodians/Human_Resources/EMAIL-705_Refund_demand_buyer_lot_6.eml
EMAIL-706,Facilities,01/21/2023,14:50:00 PST,M Reyes <mreyes@bluerivercap.com>,S Grant <sgrant@willamettefh.com>,,Buyer inquiry — batch timing and coverage,Routine,No,No,,<email-706.202301211450@bluerivercap.com>,Custodians/Facilities/EMAIL-706_Buyer_inquiry_batch_timing_and_coverage.eml
EMAIL-707,Mia Chen,08/20/2023,08:30:00 PDT,M Reyes <mreyes@bluerivercap.com>,Priya Shah <pshah@alderpointpartners.com>,,Broker pipeline update,Routine,No,No,,<email-707.202308200830@bluerivercap.com>,Custodians/Mia_Chen/EMAIL-707_Broker_pipeline_update.eml
EMAIL-708,Human Resources,02/05/2023,09:00:00 PST,Frank Delgado <fdelgado@cascadetimber.com>,Jay Whitfield <jwhitfield@alderpointpartners.com>,,Broker pipeline update,Routine,No,No,,<email-708.202302050900@cascadetimber.com>,Custodians/Human_Resources/EMAIL-708_Broker_pipeline_update.eml
EMAIL-709,Tom Reyes,05/26/2022,09:15:00 PDT,Priya Shah <pshah@alderpointpartners.com>,K Singh <ksingh@northforkef.com>,,Buyer inquiry — batch timing,Routine,No,No,,<email-709.202205260915@alderpointpartners.com>,Custodians/Tom_Reyes/EMAIL-709_Buyer_inquiry_batch_timing.eml
EMAIL-710,Craig Sato,09/30/2022,11:00:00 PDT,Renee Ford <rford@bellhavenadvisory.com>,Derek Holt <dholt@bellhavenadvisory.com>,S Grant <sgrant@willamettefh.com>,Buyer diligence request — buyer lot 2,Routine,No,No,,<email-710.202209301100@bellhavenadvisory.com>,Custodians/Craig_Sato/EMAIL-710_Buyer_diligence_request_buyer_lot_2.eml
EMAIL-711,Sarah Nguyen,11/27/2023,10:35:00 PST,Frank Delgado <fdelgado@cascadetimber.com>,Rosa Kim <rkim@northstar-comms.com>,,Board messaging note — disclosure,Routine,No,No,,<email-711.202311271035@cascadetimber.com>,Custodians/Sarah_Nguyen/EMAIL-711_Board_messaging_note_disclosure.eml
EMAIL-712,Jay Whitfield,12/03/2023,16:10:00 PST,Frank Delgado <fdelgado@cascadetimber.com>,Elena Marlowe <emarlowe@cascadetimber.com>,,Investor FAQ draft v4 (routine-language trail),Routine,No,No,,<email-712.202312031610@cascadetimber.com>,Custodians/Jay_Whitfield/EMAIL-712_Investor_FAQ_draft_v4_routine_language_trail.eml
EMAIL-713,Robert Denniston,07/31/2023,14:50:00 PDT,Frank Delgado <fdelgado@cascadetimber.com>,Robert Denniston <rdenniston@cascadetimber.com>,,Board messaging note — disclosure,Routine,No,No,,<email-713.202307311450@cascadetimber.com>,Custodians/Robert_Denniston/EMAIL-713_Board_messaging_note_disclosure.eml
EMAIL-714,Human Resources,06/28/2023,15:30:00 PDT,Rosa Kim <rkim@northstar-comms.com>,Robert Denniston <rdenniston@cascadetimber.com>,,Analyst Q&A prep — restart timing,Routine,No,No,,<email-714.202306281530@northstar-comms.com>,Custodians/Human_Resources/EMAIL-714_Analyst_Q_A_prep_restart_timing.eml
EMAIL-715,Facilities,09/08/2023,17:55:00 PDT,Robert Denniston <rdenniston@cascadetimber.com>,Frank Delgado <fdelgado@cascadetimber.com>,,Board messaging note — disclosure,Routine,No,No,,<email-715.202309081755@cascadetimber.com>,Custodians/Facilities/EMAIL-715_Board_messaging_note_disclosure.eml
EMAIL-716,Jay Whitfield,12/03/2023,15:20:00 PST,Robert Denniston <rdenniston@cascadetimber.com>,Elena Marlowe <emarlowe@cascadetimber.com>,Rosa Kim <rkim@northstar-comms.com>,Q3 pack financial cite — disclosure,Routine,No,No,,<email-716.202312031520@cascadetimber.com>,Custodians/Jay_Whitfield/EMAIL-716_Q3_pack_financial_cite_disclosure.eml
EMAIL-717,John Ellery,09/28/2023,13:40:00 PDT,Robert Denniston <rdenniston@cascadetimber.com>,Rosa Kim <rkim@northstar-comms.com>,,Investor FAQ draft v3 (routine-language trail),Routine,No,No,,<email-717.202309281340@cascadetimber.com>,Custodians/John_Ellery/EMAIL-717_Investor_FAQ_draft_v3_routine_language_trail.eml
EMAIL-718,Human Resources,10/02/2023,13:10:00 PDT,Frank Delgado <fdelgado@cascadetimber.com>,Robert Denniston <rdenniston@cascadetimber.com>,,Board messaging note — disclosure,Routine,No,No,,<email-718.202310021310@cascadetimber.com>,Custodians/Human_Resources/EMAIL-718_Board_messaging_note_disclosure.eml
EMAIL-719,Dana Whitaker,10/10/2023,10:45:00 PDT,Elena Marlowe <emarlowe@cascadetimber.com>,Frank Delgado <fdelgado@cascadetimber.com>,,Board messaging note — disclosure,Routine,No,No,,<email-719.202310101045@cascadetimber.com>,Custodians/Dana_Whitaker/EMAIL-719_Board_messaging_note_disclosure.eml
EMAIL-720,Priya Shah,07/01/2023,09:15:00 PDT,Frank Delgado <fdelgado@cascadetimber.com>,Robert Denniston <rdenniston@cascadetimber.com>,,Board messaging note — disclosure,Routine,No,No,,<email-720.202307010915@cascadetimber.com>,Custodians/Priya_Shah/EMAIL-720_Board_messaging_note_disclosure.eml
EMAIL-721,A Patel,11/30/2023,15:45:00 PST,Frank Delgado <fdelgado@cascadetimber.com>,Robert Denniston <rdenniston@cascadetimber.com>,,Analyst Q&A prep — restart timing,Routine,No,No,,<email-721.202311301545@cascadetimber.com>,Custodians/A_Patel/EMAIL-721_Analyst_Q_A_prep_restart_timing.eml
EMAIL-722,Human Resources,10/07/2023,11:25:00 PDT,Elena Marlowe <emarlowe@cascadetimber.com>,Rosa Kim <rkim@northstar-comms.com>,Frank Delgado <fdelgado@cascadetimber.com>,Q3 pack financial cite — disclosure,Routine,No,No,,<email-722.202310071125@cascadetimber.com>,Custodians/Human_Resources/EMAIL-722_Q3_pack_financial_cite_disclosure.eml
EMAIL-723,Craig Sato,12/09/2023,09:00:00 PST,Elena Marlowe <emarlowe@cascadetimber.com>,Frank Delgado <fdelgado@cascadetimber.com>,,Investor FAQ draft v2 (routine-language trail),Routine,No,No,,<email-723.202312090900@cascadetimber.com>,Custodians/Craig_Sato/EMAIL-723_Investor_FAQ_draft_v2_routine_language_trail.eml
EMAIL-724,Facilities,08/22/2023,11:35:00 PDT,Frank Delgado <fdelgado@cascadetimber.com>,Rosa Kim <rkim@northstar-comms.com>,Robert Denniston <rdenniston@cascadetimber.com>,Analyst Q&A prep — restart timing,Routine,No,No,,<email-724.202308221135@cascadetimber.com>,Custodians/Facilities/EMAIL-724_Analyst_Q_A_prep_restart_timing.eml
EMAIL-725,Hannah Cole,11/16/2023,08:35:00 PST,Frank Delgado <fdelgado@cascadetimber.com>,Rosa Kim <rkim@northstar-comms.com>,,Analyst Q&A prep — restart timing,Routine,No,No,,<email-725.202311160835@cascadetimber.com>,Custodians/Hannah_Cole/EMAIL-725_Analyst_Q_A_prep_restart_timing.eml
EMAIL-726,Priya Shah,11/29/2023,14:45:00 PST,Frank Delgado <fdelgado@cascadetimber.com>,Elena Marlowe <emarlowe@cascadetimber.com>,,Board messaging note — disclosure,Routine,No,No,,<email-726.202311291445@cascadetimber.com>,Custodians/Priya_Shah/EMAIL-726_Board_messaging_note_disclosure.eml
EMAIL-727,HR,08/06/2023,09:10:00 PDT,Rosa Kim <rkim@northstar-comms.com>,Frank Delgado <fdelgado@cascadetimber.com>,,Investor FAQ draft v2 (routine-language trail),Routine,No,No,,<email-727.202308060910@northstar-comms.com>,Custodians/HR/EMAIL-727_Investor_FAQ_draft_v2_routine_language_trail.eml
EMAIL-728,John Ellery,08/06/2023,11:55:00 PDT,Rosa Kim <rkim@northstar-comms.com>,Robert Denniston <rdenniston@cascadetimber.com>,,Analyst Q&A prep — restart timing,Routine,No,No,,<email-728.202308061155@northstar-comms.com>,Custodians/John_Ellery/EMAIL-728_Analyst_Q_A_prep_restart_timing.eml
EMAIL-729,Tom Reyes,08/04/2023,11:50:00 PDT,Elena Marlowe <emarlowe@cascadetimber.com>,Frank Delgado <fdelgado@cascadetimber.com>,,Q3 pack financial cite — disclosure,Routine,No,No,,<email-729.202308041150@cascadetimber.com>,Custodians/Tom_Reyes/EMAIL-729_Q3_pack_financial_cite_disclosure.eml
EMAIL-730,Facilities,07/16/2023,13:45:00 PDT,Rosa Kim <rkim@northstar-comms.com>,Elena Marlowe <emarlowe@cascadetimber.com>,,Board messaging note — disclosure,Routine,No,No,,<email-730.202307161345@northstar-comms.com>,Custodians/Facilities/EMAIL-730_Board_messaging_note_disclosure.eml
EMAIL-731,Grace Lin,12/05/2023,09:20:00 PST,Frank Delgado <fdelgado@cascadetimber.com>,Rosa Kim <rkim@northstar-comms.com>,,Investor FAQ draft v5 (routine-language trail),Routine,No,No,,<email-731.202312050920@cascadetimber.com>,Custodians/Grace_Lin/EMAIL-731_Investor_FAQ_draft_v5_routine_language_trail.eml
EMAIL-732,John Ellery,08/14/2023,10:00:00 PDT,Rosa Kim <rkim@northstar-comms.com>,Frank Delgado <fdelgado@cascadetimber.com>,,Q3 pack financial cite — disclosure,Routine,No,No,,<email-732.202308141000@northstar-comms.com>,Custodians/John_Ellery/EMAIL-732_Q3_pack_financial_cite_disclosure.eml
EMAIL-733,Facilities,09/04/2023,13:25:00 PDT,Frank Delgado <fdelgado@cascadetimber.com>,Elena Marlowe <emarlowe@cascadetimber.com>,,Q3 pack financial cite — disclosure,Routine,No,No,,<email-733.202309041325@cascadetimber.com>,Custodians/Facilities/EMAIL-733_Q3_pack_financial_cite_disclosure.eml
EMAIL-734,Alan Brooks,12/07/2023,09:25:00 PST,Robert Denniston <rdenniston@cascadetimber.com>,Rosa Kim <rkim@northstar-comms.com>,Elena Marlowe <emarlowe@cascadetimber.com>,Q3 pack financial cite — disclosure,Routine,No,No,,<email-734.202312070925@cascadetimber.com>,Custodians/Alan_Brooks/EMAIL-734_Q3_pack_financial_cite_disclosure.eml
EMAIL-735,A Patel,10/25/2023,10:45:00 PDT,Rosa Kim <rkim@northstar-comms.com>,Elena Marlowe <emarlowe@cascadetimber.com>,,Board messaging note — disclosure,Routine,No,No,,<email-735.202310251045@northstar-comms.com>,Custodians/A_Patel/EMAIL-735_Board_messaging_note_disclosure.eml
EMAIL-736,Dana Whitaker,09/20/2023,09:45:00 PDT,Robert Denniston <rdenniston@cascadetimber.com>,Elena Marlowe <emarlowe@cascadetimber.com>,,Analyst Q&A prep — restart timing,Key Stakeholder Comms,No,No,,<email-736.202309200945@cascadetimber.com>,Custodians/Dana_Whitaker/EMAIL-736_Analyst_Q_A_prep_restart_timing.eml
EMAIL-737,Facilities,11/16/2023,15:45:00 PST,Frank Delgado <fdelgado@cascadetimber.com>,Rosa Kim <rkim@northstar-comms.com>,Elena Marlowe <emarlowe@cascadetimber.com>,Board messaging note — disclosure,Routine,No,No,,<email-737.202311161545@cascadetimber.com>,Custodians/Facilities/EMAIL-737_Board_messaging_note_disclosure.eml
EMAIL-738,Craig Sato,10/05/2023,09:30:00 PDT,Robert Denniston <rdenniston@cascadetimber.com>,Elena Marlowe <emarlowe@cascadetimber.com>,,Investor FAQ draft v3 (routine-language trail),Key Stakeholder Comms,No,No,,<email-738.202310050930@cascadetimber.com>,Custodians/Craig_Sato/EMAIL-738_Investor_FAQ_draft_v3_routine_language_trail.eml
EMAIL-739,Frank Delgado,10/17/2023,17:55:00 PDT,Robert Denniston <rdenniston@cascadetimber.com>,Frank Delgado <fdelgado@cascadetimber.com>,,Board messaging note — disclosure,Routine,No,No,,<email-739.202310171755@cascadetimber.com>,Custodians/Frank_Delgado/EMAIL-739_Board_messaging_note_disclosure.eml
EMAIL-740,Jay Whitfield,08/11/2023,13:05:00 PDT,Robert Denniston <rdenniston@cascadetimber.com>,Rosa Kim <rkim@northstar-comms.com>,,Analyst Q&A prep — restart timing,Routine,No,No,,<email-740.202308111305@cascadetimber.com>,Custodians/Jay_Whitfield/EMAIL-740_Analyst_Q_A_prep_restart_timing.eml
EMAIL-741,Robert Denniston,07/31/2023,09:50:00 PDT,Rosa Kim <rkim@northstar-comms.com>,Robert Denniston <rdenniston@cascadetimber.com>,,Board messaging note — disclosure,Routine,No,No,,<email-741.202307310950@northstar-comms.com>,Custodians/Robert_Denniston/EMAIL-741_Board_messaging_note_disclosure.eml
EMAIL-742,Robert Denniston,09/05/2023,11:35:00 PDT,Elena Marlowe <emarlowe@cascadetimber.com>,Robert Denniston <rdenniston@cascadetimber.com>,,Q3 pack financial cite — disclosure,Key Stakeholder Comms,No,No,,<email-742.202309051135@cascadetimber.com>,Custodians/Robert_Denniston/EMAIL-742_Q3_pack_financial_cite_disclosure.eml
EMAIL-743,Marcus Webb,12/15/2023,16:55:00 PST,Rosa Kim <rkim@northstar-comms.com>,Robert Denniston <rdenniston@cascadetimber.com>,,Investor FAQ draft v3 (routine-language trail),Routine,No,No,,<email-743.202312151655@northstar-comms.com>,Custodians/Marcus_Webb/EMAIL-743_Investor_FAQ_draft_v3_routine_language_trail.eml
EMAIL-744,Dan Osei,12/09/2023,10:10:00 PST,Frank Delgado <fdelgado@cascadetimber.com>,Elena Marlowe <emarlowe@cascadetimber.com>,,Analyst Q&A prep — restart timing,Routine,No,No,,<email-744.202312091010@cascadetimber.com>,Custodians/Dan_Osei/EMAIL-744_Analyst_Q_A_prep_restart_timing.eml
EMAIL-745,Alan Brooks,10/30/2023,09:20:00 PDT,Robert Denniston <rdenniston@cascadetimber.com>,Rosa Kim <rkim@northstar-comms.com>,,Q3 pack financial cite — disclosure,Routine,No,No,,<email-745.202310300920@cascadetimber.com>,Custodians/Alan_Brooks/EMAIL-745_Q3_pack_financial_cite_disclosure.eml
EMAIL-746,Human Resources,12/13/2023,13:00:00 PST,Robert Denniston <rdenniston@cascadetimber.com>,Elena Marlowe <emarlowe@cascadetimber.com>,,Analyst Q&A prep — restart timing,Key Stakeholder Comms,No,No,,<email-746.202312131300@cascadetimber.com>,Custodians/Human_Resources/EMAIL-746_Analyst_Q_A_prep_restart_timing.eml
EMAIL-747,Jay Whitfield,11/12/2023,11:00:00 PST,Frank Delgado <fdelgado@cascadetimber.com>,Robert Denniston <rdenniston@cascadetimber.com>,Elena Marlowe <emarlowe@cascadetimber.com>,Analyst Q&A prep — restart timing,Routine,No,No,,<email-747.202311121100@cascadetimber.com>,Custodians/Jay_Whitfield/EMAIL-747_Analyst_Q_A_prep_restart_timing.eml
EMAIL-748,Dana Whitaker,08/28/2023,16:05:00 PDT,Robert Denniston <rdenniston@cascadetimber.com>,Elena Marlowe <emarlowe@cascadetimber.com>,Frank Delgado <fdelgado@cascadetimber.com>,Q3 pack financial cite — disclosure,Routine,No,No,,<email-748.202308281605@cascadetimber.com>,Custodians/Dana_Whitaker/EMAIL-748_Q3_pack_financial_cite_disclosure.eml
EMAIL-749,Derek Holt,10/27/2023,10:45:00 PDT,Elena Marlowe <emarlowe@cascadetimber.com>,Rosa Kim <rkim@northstar-comms.com>,,Investor FAQ draft v3 (routine-language trail),Routine,No,No,,<email-749.202310271045@cascadetimber.com>,Custodians/Derek_Holt/EMAIL-749_Investor_FAQ_draft_v3_routine_language_trail.eml
EMAIL-750,Derek Holt,11/28/2023,09:30:00 PST,Elena Marlowe <emarlowe@cascadetimber.com>,Robert Denniston <rdenniston@cascadetimber.com>,,Q3 pack financial cite — disclosure,Key Stakeholder Comms,No,No,,<email-750.202311280930@cascadetimber.com>,Custodians/Derek_Holt/EMAIL-750_Q3_pack_financial_cite_disclosure.eml
EMAIL-751,Alan Brooks,03/06/2023,11:10:00 PDT,Nina Alvarez <nalvarez@alderpointpartners.com>,Renee Ford <rford@bellhavenadvisory.com>,,State database check — Bellhaven (process record),Routine,No,No,,<email-751.202303061110@alderpointpartners.com>,Custodians/Alan_Brooks/EMAIL-751_State_database_check_Bellhaven_process_record.eml
EMAIL-752,Human Resources,12/30/2022,19:10:00 PST,Sarah Nguyen <snguyen@cascadetimber.com>,Priya Shah <pshah@alderpointpartners.com>,Tom Reyes <treyes@alderpointpartners.com>,Renewal FILING receipt — OR/WA (filing date only),Routine,No,No,,<email-752.202212301910@cascadetimber.com>,Custodians/Human_Resources/EMAIL-752_Renewal_FILING_receipt_OR_WA_filing_date_only.eml
EMAIL-753,John Ellery,09/27/2023,15:05:00 PDT,Sarah Nguyen <snguyen@cascadetimber.com>,Tom Reyes <treyes@alderpointpartners.com>,,Diligence-refresh file note,Routine,No,No,,<email-753.202309271505@cascadetimber.com>,Custodians/John_Ellery/EMAIL-753_Diligence_refresh_file_note.eml
EMAIL-754,Human Resources,08/09/2023,09:45:00 PDT,Jay Whitfield <jwhitfield@alderpointpartners.com>,Priya Shah <pshah@alderpointpartners.com>,Tom Reyes <treyes@alderpointpartners.com>,Renewal FILING receipt — OR/WA (filing date only),Routine,No,No,,<email-754.202308090945@alderpointpartners.com>,Custodians/Human_Resources/EMAIL-754_Renewal_FILING_receipt_OR_WA_filing_date_only.eml
EMAIL-755,Robert Denniston,08/11/2022,10:30:00 PDT,Sarah Nguyen <snguyen@cascadetimber.com>,Derek Holt <dholt@bellhavenadvisory.com>,,Broker vetting note — Bellhaven (pre-engagement),Routine,No,No,,<email-755.202208111030@cascadetimber.com>,Custodians/Robert_Denniston/EMAIL-755_Broker_vetting_note_Bellhaven_pre_engagement.eml
EMAIL-756,Human Resources,08/13/2023,16:25:00 PDT,Derek Holt <dholt@bellhavenadvisory.com>,Priya Shah <pshah@alderpointpartners.com>,,State database check — Bellhaven (process record),Routine,No,No,,<email-756.202308131625@bellhavenadvisory.com>,Custodians/Human_Resources/EMAIL-756_State_database_check_Bellhaven_process_record.eml
EMAIL-757,HR,07/13/2023,08:15:00 PDT,Tom Reyes <treyes@alderpointpartners.com>,Sarah Nguyen <snguyen@cascadetimber.com>,,Renewal ISSUANCE certificate — OR/WA (issuance date only),Routine,No,No,,<email-757.202307130815@alderpointpartners.com>,Custodians/HR/EMAIL-757_Renewal_ISSUANCE_certificate_OR_WA_issuance_date_only.eml
EMAIL-758,Elena Marlowe,06/19/2023,15:35:00 PDT,Derek Holt <dholt@bellhavenadvisory.com>,Tom Reyes <treyes@alderpointpartners.com>,,Renewal ISSUANCE certificate — OR/WA (issuance date only),Routine,No,No,,<email-758.202306191535@bellhavenadvisory.com>,Custodians/Elena_Marlowe/EMAIL-758_Renewal_ISSUANCE_certificate_OR_WA_issuance_date_only.eml
EMAIL-759,Robert Denniston,09/10/2023,08:40:00 PDT,Renee Ford <rford@bellhavenadvisory.com>,Sarah Nguyen <snguyen@cascadetimber.com>,,Placement-date vs authority matrix (join record),Routine,No,Yes,,<email-759.202309100840@bellhavenadvisory.com>,Custodians/Robert_Denniston/EMAIL-759_Placement_date_vs_authority_matrix_join_record.eml
EMAIL-760,Robert Denniston,11/23/2022,11:15:00 PST,Tom Reyes <treyes@alderpointpartners.com>,Nina Alvarez <nalvarez@alderpointpartners.com>,,"Broker renewal status — OR/WA (pending, per 9/15 notice)",Routine,No,No,,<email-760.202211231115@alderpointpartners.com>,Custodians/Robert_Denniston/EMAIL-760_Broker_renewal_status_OR_WA_pending_per_9_15_notice.eml
EMAIL-761,IT Notifications,12/26/2022,11:25:00 PST,Sarah Nguyen <snguyen@cascadetimber.com>,Tom Reyes <treyes@alderpointpartners.com>,,Broker coverage worksheet (issuance unverified),Routine,No,No,,<email-761.202212261125@cascadetimber.com>,Custodians/IT_Notifications/EMAIL-761_Broker_coverage_worksheet_issuance_unverified.eml
EMAIL-762,John Ellery,04/18/2023,16:50:00 PDT,Tom Reyes <treyes@alderpointpartners.com>,Derek Holt <dholt@bellhavenadvisory.com>,,Renewal ISSUANCE certificate — OR/WA (issuance date only),Routine,No,No,,<email-762.202304181650@alderpointpartners.com>,Custodians/John_Ellery/EMAIL-762_Renewal_ISSUANCE_certificate_OR_WA_issuance_date_only.eml
EMAIL-763,Sarah Nguyen,08/24/2023,08:40:00 PDT,Derek Holt <dholt@bellhavenadvisory.com>,Tom Reyes <treyes@alderpointpartners.com>,,Renewal ISSUANCE certificate — OR/WA (issuance date only),Routine,No,No,,<email-763.202308240840@bellhavenadvisory.com>,Custodians/Sarah_Nguyen/EMAIL-763_Renewal_ISSUANCE_certificate_OR_WA_issuance_date_only.eml
EMAIL-764,Brenda Moss,07/04/2022,09:55:00 PDT,Derek Holt <dholt@bellhavenadvisory.com>,Sarah Nguyen <snguyen@cascadetimber.com>,,Broker coverage inquiry (pre-engagement),Routine,No,No,,<email-764.202207040955@bellhavenadvisory.com>,Custodians/Brenda_Moss/EMAIL-764_Broker_coverage_inquiry_pre_engagement.eml
EMAIL-765,IT Notifications,09/29/2023,14:50:00 PDT,Tom Reyes <treyes@alderpointpartners.com>,Priya Shah <pshah@alderpointpartners.com>,,Diligence-refresh file note,Routine,No,No,,<email-765.202309291450@alderpointpartners.com>,Custodians/IT_Notifications/EMAIL-765_Diligence_refresh_file_note.eml
EMAIL-766,Craig Sato,04/29/2023,10:05:00 PDT,Jay Whitfield <jwhitfield@alderpointpartners.com>,Priya Shah <pshah@alderpointpartners.com>,,Placement-date vs authority matrix (join record),Routine,No,No,,<email-766.202304291005@alderpointpartners.com>,Custodians/Craig_Sato/EMAIL-766_Placement_date_vs_authority_matrix_join_record.eml
EMAIL-767,Facilities,09/02/2023,08:30:00 PDT,Tom Reyes <treyes@alderpointpartners.com>,Jay Whitfield <jwhitfield@alderpointpartners.com>,,State database check — Bellhaven (process record),Routine,No,No,,<email-767.202309020830@alderpointpartners.com>,Custodians/Facilities/EMAIL-767_State_database_check_Bellhaven_process_record.eml
EMAIL-768,Sarah Nguyen,02/02/2023,09:15:00 PST,Sarah Nguyen <snguyen@cascadetimber.com>,Jay Whitfield <jwhitfield@alderpointpartners.com>,,Renewal ISSUANCE certificate — OR/WA (issuance date only),Routine,No,No,,<email-768.202302020915@cascadetimber.com>,Custodians/Sarah_Nguyen/EMAIL-768_Renewal_ISSUANCE_certificate_OR_WA_issuance_date_only.eml
EMAIL-769,Priya Shah,06/14/2023,08:55:00 PDT,Tom Reyes <treyes@alderpointpartners.com>,Priya Shah <pshah@alderpointpartners.com>,,Renewal FILING receipt — OR/WA (filing date only),Routine,No,No,,<email-769.202306140855@alderpointpartners.com>,Custodians/Priya_Shah/EMAIL-769_Renewal_FILING_receipt_OR_WA_filing_date_only.eml
EMAIL-770,Grace Lin,06/25/2023,09:05:00 PDT,Nina Alvarez <nalvarez@alderpointpartners.com>,Derek Holt <dholt@bellhavenadvisory.com>,,Placement-date vs authority matrix (join record),Routine,No,No,,<email-770.202306250905@alderpointpartners.com>,Custodians/Grace_Lin/EMAIL-770_Placement_date_vs_authority_matrix_join_record.eml
EMAIL-771,Hannah Cole,06/03/2023,10:35:00 PDT,Sarah Nguyen <snguyen@cascadetimber.com>,Tom Reyes <treyes@alderpointpartners.com>,,Placement-date vs authority matrix (join record),Routine,No,No,,<email-771.202306031035@cascadetimber.com>,Custodians/Hannah_Cole/EMAIL-771_Placement_date_vs_authority_matrix_join_record.eml
EMAIL-772,Facilities,03/31/2023,09:15:00 PDT,Jay Whitfield <jwhitfield@alderpointpartners.com>,Sarah Nguyen <snguyen@cascadetimber.com>,,Renewal FILING receipt — OR/WA (filing date only),Routine,No,No,,<email-772.202303310915@alderpointpartners.com>,Custodians/Facilities/EMAIL-772_Renewal_FILING_receipt_OR_WA_filing_date_only.eml
EMAIL-773,Marcus Webb,04/23/2023,13:10:00 PDT,Nina Alvarez <nalvarez@alderpointpartners.com>,Tom Reyes <treyes@alderpointpartners.com>,,State database check — Bellhaven (process record),Routine,No,No,,<email-773.202304231310@alderpointpartners.com>,Custodians/Marcus_Webb/EMAIL-773_State_database_check_Bellhaven_process_record.eml
EMAIL-774,Dan Osei,12/04/2022,13:25:00 PST,Derek Holt <dholt@bellhavenadvisory.com>,Tom Reyes <treyes@alderpointpartners.com>,,"Broker renewal status — OR/WA (pending, per 9/15 notice)",Routine,No,No,,<email-774.202212041325@bellhavenadvisory.com>,Custodians/Dan_Osei/EMAIL-774_Broker_renewal_status_OR_WA_pending_per_9_15_notice.eml
EMAIL-775,Dana Whitaker,09/25/2022,08:15:00 PDT,Sarah Nguyen <snguyen@cascadetimber.com>,Tom Reyes <treyes@alderpointpartners.com>,,"Broker renewal status — OR/WA (pending, per 9/15 notice)",Routine,No,No,,<email-775.202209250815@cascadetimber.com>,Custodians/Dana_Whitaker/EMAIL-775_Broker_renewal_status_OR_WA_pending_per_9_15_notice.eml
EMAIL-776,Sarah Nguyen,07/13/2023,13:40:00 PDT,Derek Holt <dholt@bellhavenadvisory.com>,Jay Whitfield <jwhitfield@alderpointpartners.com>,,Placement-date vs authority matrix (join record),Routine,No,No,,<email-776.202307131340@bellhavenadvisory.com>,Custodians/Sarah_Nguyen/EMAIL-776_Placement_date_vs_authority_matrix_join_record.eml
EMAIL-777,Derek Holt,07/12/2023,13:10:00 PDT,Derek Holt <dholt@bellhavenadvisory.com>,Tom Reyes <treyes@alderpointpartners.com>,Sarah Nguyen <snguyen@cascadetimber.com>,Renewal FILING receipt — OR/WA (filing date only),Routine,No,No,,<email-777.202307121310@bellhavenadvisory.com>,Custodians/Derek_Holt/EMAIL-777_Renewal_FILING_receipt_OR_WA_filing_date_only.eml
EMAIL-778,IT Notifications,07/14/2022,09:10:00 PDT,Sarah Nguyen <snguyen@cascadetimber.com>,Derek Holt <dholt@bellhavenadvisory.com>,,Diligence file note (pre-engagement),Routine,No,No,,<email-778.202207140910@cascadetimber.com>,Custodians/IT_Notifications/EMAIL-778_Diligence_file_note_pre_engagement.eml
EMAIL-779,Derek Holt,02/13/2023,08:55:00 PST,Nina Alvarez <nalvarez@alderpointpartners.com>,Priya Shah <pshah@alderpointpartners.com>,,Renewal ISSUANCE certificate — OR/WA (issuance date only),Routine,No,No,,<email-779.202302130855@alderpointpartners.com>,Custodians/Derek_Holt/EMAIL-779_Renewal_ISSUANCE_certificate_OR_WA_issuance_date_only.eml
EMAIL-780,Brenda Moss,02/08/2023,08:20:00 PST,Jay Whitfield <jwhitfield@alderpointpartners.com>,Renee Ford <rford@bellhavenadvisory.com>,Priya Shah <pshah@alderpointpartners.com>,Diligence-refresh file note,Routine,No,No,,<email-780.202302080820@alderpointpartners.com>,Custodians/Brenda_Moss/EMAIL-780_Diligence_refresh_file_note.eml
EMAIL-781,Human Resources,05/21/2023,11:50:00 PDT,Renee Ford <rford@bellhavenadvisory.com>,Nina Alvarez <nalvarez@alderpointpartners.com>,,State database check — Bellhaven (process record),Routine,No,No,,<email-781.202305211150@bellhavenadvisory.com>,Custodians/Human_Resources/EMAIL-781_State_database_check_Bellhaven_process_record.eml
EMAIL-782,Wendy Park,05/24/2023,10:05:00 PDT,Renee Ford <rford@bellhavenadvisory.com>,Priya Shah <pshah@alderpointpartners.com>,,Renewal FILING receipt — OR/WA (filing date only),Routine,No,No,,<email-782.202305241005@bellhavenadvisory.com>,Custodians/Wendy_Park/EMAIL-782_Renewal_FILING_receipt_OR_WA_filing_date_only.eml
EMAIL-783,A Patel,08/22/2023,10:10:00 PDT,Priya Shah <pshah@alderpointpartners.com>,Jay Whitfield <jwhitfield@alderpointpartners.com>,,Renewal FILING receipt — OR/WA (filing date only),Routine,No,No,,<email-783.202308221010@alderpointpartners.com>,Custodians/A_Patel/EMAIL-783_Renewal_FILING_receipt_OR_WA_filing_date_only.eml
EMAIL-784,Marcus Webb,12/01/2022,15:10:00 PST,Derek Holt <dholt@bellhavenadvisory.com>,Nina Alvarez <nalvarez@alderpointpartners.com>,,Broker coverage worksheet (issuance unverified),Routine,No,No,,<email-784.202212011510@bellhavenadvisory.com>,Custodians/Marcus_Webb/EMAIL-784_Broker_coverage_worksheet_issuance_unverified.eml
EMAIL-785,Grace Lin,08/01/2022,15:00:00 PDT,Sarah Nguyen <snguyen@cascadetimber.com>,Jay Whitfield <jwhitfield@alderpointpartners.com>,,Broker coverage inquiry (pre-engagement),Routine,No,No,,<email-785.202208011500@cascadetimber.com>,Custodians/Grace_Lin/EMAIL-785_Broker_coverage_inquiry_pre_engagement.eml
EMAIL-786,Craig Sato,07/15/2023,13:15:00 PDT,Sarah Nguyen <snguyen@cascadetimber.com>,Derek Holt <dholt@bellhavenadvisory.com>,,Placement-date vs authority matrix (join record),Routine,No,No,,<email-786.202307151315@cascadetimber.com>,Custodians/Craig_Sato/EMAIL-786_Placement_date_vs_authority_matrix_join_record.eml
EMAIL-787,Dana Whitaker,10/14/2022,15:30:00 PDT,Nina Alvarez <nalvarez@alderpointpartners.com>,Renee Ford <rford@bellhavenadvisory.com>,,Renewal FILING receipt — OR/WA (filing date only),Routine,No,No,,<email-787.202210141530@alderpointpartners.com>,Custodians/Dana_Whitaker/EMAIL-787_Renewal_FILING_receipt_OR_WA_filing_date_only.eml
EMAIL-788,Derek Holt,11/04/2022,14:45:00 PST,Sarah Nguyen <snguyen@cascadetimber.com>,Renee Ford <rford@bellhavenadvisory.com>,,Diligence-refresh file note,Routine,No,No,,<email-788.202211041445@cascadetimber.com>,Custodians/Derek_Holt/EMAIL-788_Diligence_refresh_file_note.eml
EMAIL-789,Human Resources,06/04/2022,15:30:00 PDT,Sarah Nguyen <snguyen@cascadetimber.com>,Renee Ford <rford@bellhavenadvisory.com>,,Broker coverage inquiry (pre-engagement),Routine,No,No,,<email-789.202206041530@cascadetimber.com>,Custodians/Human_Resources/EMAIL-789_Broker_coverage_inquiry_pre_engagement.eml
EMAIL-790,Tom Reyes,06/05/2022,09:10:00 PDT,Tom Reyes <treyes@alderpointpartners.com>,Nina Alvarez <nalvarez@alderpointpartners.com>,,Broker onboarding checklist — registration to verify,Knowledge/Scienter,No,No,,<email-790.202206050910@alderpointpartners.com>,Custodians/Tom_Reyes/EMAIL-790_Broker_onboarding_checklist_registration_to_verify.eml
EMAIL-791,Brenda Moss,07/23/2022,15:05:00 PDT,Sarah Nguyen <snguyen@cascadetimber.com>,Nina Alvarez <nalvarez@alderpointpartners.com>,,Diligence file note (pre-engagement),Routine,No,No,,<email-791.202207231505@cascadetimber.com>,Custodians/Brenda_Moss/EMAIL-791_Diligence_file_note_pre_engagement.eml
EMAIL-792,Derek Holt,09/13/2023,08:25:00 PDT,Derek Holt <dholt@bellhavenadvisory.com>,Tom Reyes <treyes@alderpointpartners.com>,,Renewal FILING receipt — OR/WA (filing date only),Routine,No,No,,<email-792.202309130825@bellhavenadvisory.com>,Custodians/Derek_Holt/EMAIL-792_Renewal_FILING_receipt_OR_WA_filing_date_only.eml
EMAIL-793,Derek Holt,09/08/2022,13:45:00 PDT,Sarah Nguyen <snguyen@cascadetimber.com>,Jay Whitfield <jwhitfield@alderpointpartners.com>,,"Broker renewal status — OR/WA (pending, per 9/15 notice)",Routine,No,No,,<email-793.202209081345@cascadetimber.com>,Custodians/Derek_Holt/EMAIL-793_Broker_renewal_status_OR_WA_pending_per_9_15_notice.eml
EMAIL-794,Craig Sato,10/09/2022,15:20:00 PDT,Derek Holt <dholt@bellhavenadvisory.com>,Sarah Nguyen <snguyen@cascadetimber.com>,,"Broker renewal status — OR/WA (pending, per 9/15 notice)",Routine,No,No,,<email-794.202210091520@bellhavenadvisory.com>,Custodians/Craig_Sato/EMAIL-794_Broker_renewal_status_OR_WA_pending_per_9_15_notice.eml
EMAIL-795,Derek Holt,08/12/2023,10:20:00 PDT,Jay Whitfield <jwhitfield@alderpointpartners.com>,Tom Reyes <treyes@alderpointpartners.com>,,Renewal ISSUANCE certificate — OR/WA (issuance date only),Routine,No,No,,<email-795.202308121020@alderpointpartners.com>,Custodians/Derek_Holt/EMAIL-795_Renewal_ISSUANCE_certificate_OR_WA_issuance_date_only.eml
EMAIL-796,Sarah Nguyen,06/16/2022,09:30:00 PDT,Sarah Nguyen <snguyen@cascadetimber.com>,Derek Holt <dholt@bellhavenadvisory.com>,,Broker coverage inquiry (pre-engagement),Routine,No,No,,<email-796.202206160930@cascadetimber.com>,Custodians/Sarah_Nguyen/EMAIL-796_Broker_coverage_inquiry_pre_engagement.eml
EMAIL-797,Alan Brooks,12/29/2022,08:05:00 PST,Nina Alvarez <nalvarez@alderpointpartners.com>,Tom Reyes <treyes@alderpointpartners.com>,,State database check — Bellhaven (process record),Routine,No,No,,<email-797.202212290805@alderpointpartners.com>,Custodians/Alan_Brooks/EMAIL-797_State_database_check_Bellhaven_process_record.eml
EMAIL-798,Elena Marlowe,01/25/2023,10:30:00 PST,Tom Reyes <treyes@alderpointpartners.com>,Renee Ford <rford@bellhavenadvisory.com>,Sarah Nguyen <snguyen@cascadetimber.com>,Renewal FILING receipt — OR/WA (filing date only),Routine,No,No,,<email-798.202301251030@alderpointpartners.com>,Custodians/Elena_Marlowe/EMAIL-798_Renewal_FILING_receipt_OR_WA_filing_date_only.eml
EMAIL-799,Human Resources,10/06/2022,14:50:00 PDT,Nina Alvarez <nalvarez@alderpointpartners.com>,Derek Holt <dholt@bellhavenadvisory.com>,,Diligence-refresh file note,Routine,No,No,,<email-799.202210061450@alderpointpartners.com>,Custodians/Human_Resources/EMAIL-799_Diligence_refresh_file_note.eml
EMAIL-800,Priya Shah,01/18/2023,14:40:00 PST,Derek Holt <dholt@bellhavenadvisory.com>,Nina Alvarez <nalvarez@alderpointpartners.com>,,Diligence-refresh file note,Routine,No,No,,<email-800.202301181440@bellhavenadvisory.com>,Custodians/Priya_Shah/EMAIL-800_Diligence_refresh_file_note.eml
EMAIL-801,Frank Delgado,08/22/2023,09:50:00 PDT,Renee Ford <rford@bellhavenadvisory.com>,Tom Reyes <treyes@alderpointpartners.com>,,Placement-date vs authority matrix (join record),Routine,No,No,,<email-801.202308220950@bellhavenadvisory.com>,Custodians/Frank_Delgado/EMAIL-801_Placement_date_vs_authority_matrix_join_record.eml
EMAIL-802,IT Notifications,12/23/2022,16:40:00 PST,Renee Ford <rford@bellhavenadvisory.com>,Sarah Nguyen <snguyen@cascadetimber.com>,,Diligence-refresh file note,Routine,No,No,,<email-802.202212231640@bellhavenadvisory.com>,Custodians/IT_Notifications/EMAIL-802_Diligence_refresh_file_note.eml
EMAIL-803,Marcus Webb,03/21/2023,15:30:00 PDT,Nina Alvarez <nalvarez@alderpointpartners.com>,Sarah Nguyen <snguyen@cascadetimber.com>,,Placement-date vs authority matrix (join record),Routine,No,No,,<email-803.202303211530@alderpointpartners.com>,Custodians/Marcus_Webb/EMAIL-803_Placement_date_vs_authority_matrix_join_record.eml
EMAIL-804,Brenda Moss,12/30/2022,11:55:00 PST,Jay Whitfield <jwhitfield@alderpointpartners.com>,Tom Reyes <treyes@alderpointpartners.com>,,Renewal FILING receipt — OR/WA (filing date only),Routine,No,No,,<email-804.202212301155@alderpointpartners.com>,Custodians/Brenda_Moss/EMAIL-804_Renewal_FILING_receipt_OR_WA_filing_date_only.eml
EMAIL-805,Sarah Nguyen,10/13/2022,10:00:00 PDT,Jay Whitfield <jwhitfield@alderpointpartners.com>,Renee Ford <rford@bellhavenadvisory.com>,,Diligence-refresh file note,Routine,No,No,,<email-805.202210131000@alderpointpartners.com>,Custodians/Sarah_Nguyen/EMAIL-805_Diligence_refresh_file_note.eml
EMAIL-806,Wendy Park,11/02/2022,09:50:00 PST,Derek Holt <dholt@bellhavenadvisory.com>,Priya Shah <pshah@alderpointpartners.com>,,Diligence-refresh file note,Routine,No,No,,<email-806.202211020950@bellhavenadvisory.com>,Custodians/Wendy_Park/EMAIL-806_Diligence_refresh_file_note.eml
EMAIL-807,Facilities,02/01/2023,09:35:00 PST,Jay Whitfield <jwhitfield@alderpointpartners.com>,Derek Holt <dholt@bellhavenadvisory.com>,,Placement-date vs authority matrix (join record),Routine,No,No,,<email-807.202302010935@alderpointpartners.com>,Custodians/Facilities/EMAIL-807_Placement_date_vs_authority_matrix_join_record.eml
EMAIL-808,IT Notifications,08/12/2022,11:50:00 PDT,Tom Reyes <treyes@alderpointpartners.com>,Priya Shah <pshah@alderpointpartners.com>,,"Broker coverage worksheet (pre-engagement, no placements)",Routine,No,No,,<email-808.202208121150@alderpointpartners.com>,Custodians/IT_Notifications/EMAIL-808_Broker_coverage_worksheet_pre_engagement_no_placements.eml
EMAIL-809,Facilities,08/27/2023,08:45:00 PDT,Jay Whitfield <jwhitfield@alderpointpartners.com>,Tom Reyes <treyes@alderpointpartners.com>,,Diligence-refresh file note,Routine,No,No,,<email-809.202308270845@alderpointpartners.com>,Custodians/Facilities/EMAIL-809_Diligence_refresh_file_note.eml
EMAIL-810,Tom Reyes,09/27/2023,14:05:00 PDT,Priya Shah <pshah@alderpointpartners.com>,Tom Reyes <treyes@alderpointpartners.com>,,Placement-date vs authority matrix (join record),Routine,No,No,,<email-810.202309271405@alderpointpartners.com>,Custodians/Tom_Reyes/EMAIL-810_Placement_date_vs_authority_matrix_join_record.eml
EMAIL-811,Kevin Tran,02/28/2023,14:50:00 PST,Sarah Nguyen <snguyen@cascadetimber.com>,Priya Shah <pshah@alderpointpartners.com>,,Placement-date vs authority matrix (join record),Routine,No,No,,<email-811.202302281450@cascadetimber.com>,Custodians/Kevin_Tran/EMAIL-811_Placement_date_vs_authority_matrix_join_record.eml
EMAIL-812,Human Resources,07/07/2023,15:15:00 PDT,Jay Whitfield <jwhitfield@alderpointpartners.com>,Sarah Nguyen <snguyen@cascadetimber.com>,,Diligence-refresh file note,Routine,No,No,,<email-812.202307071515@alderpointpartners.com>,Custodians/Human_Resources/EMAIL-812_Diligence_refresh_file_note.eml
EMAIL-813,Frank Delgado,01/24/2023,09:25:00 PST,Sarah Nguyen <snguyen@cascadetimber.com>,Jay Whitfield <jwhitfield@alderpointpartners.com>,,State database check — Bellhaven (process record),Routine,No,No,,<email-813.202301240925@cascadetimber.com>,Custodians/Frank_Delgado/EMAIL-813_State_database_check_Bellhaven_process_record.eml
EMAIL-814,Craig Sato,12/05/2022,16:15:00 PST,Jay Whitfield <jwhitfield@alderpointpartners.com>,Nina Alvarez <nalvarez@alderpointpartners.com>,,Broker coverage worksheet (issuance unverified),Routine,No,No,,<email-814.202212051615@alderpointpartners.com>,Custodians/Craig_Sato/EMAIL-814_Broker_coverage_worksheet_issuance_unverified.eml
EMAIL-815,Human Resources,07/24/2022,14:15:00 PDT,Jay Whitfield <jwhitfield@alderpointpartners.com>,Tom Reyes <treyes@alderpointpartners.com>,,Diligence file note (pre-engagement),Routine,No,No,,<email-815.202207241415@alderpointpartners.com>,Custodians/Human_Resources/EMAIL-815_Diligence_file_note_pre_engagement.eml
EMAIL-816,Human Resources,06/28/2023,15:45:00 PDT,Sarah Nguyen <snguyen@cascadetimber.com>,Nina Alvarez <nalvarez@alderpointpartners.com>,,Diligence-refresh file note,Routine,No,No,,<email-816.202306281545@cascadetimber.com>,Custodians/Human_Resources/EMAIL-816_Diligence_refresh_file_note.eml
EMAIL-817,Hannah Cole,11/23/2022,08:35:00 PST,Derek Holt <dholt@bellhavenadvisory.com>,Sarah Nguyen <snguyen@cascadetimber.com>,,Renewal FILING receipt — OR/WA (filing date only),Routine,No,No,,<email-817.202211230835@bellhavenadvisory.com>,Custodians/Hannah_Cole/EMAIL-817_Renewal_FILING_receipt_OR_WA_filing_date_only.eml
EMAIL-818,Brenda Moss,11/04/2022,08:35:00 PST,Sarah Nguyen <snguyen@cascadetimber.com>,Tom Reyes <treyes@alderpointpartners.com>,,Renewal FILING receipt — OR/WA (filing date only),Routine,No,No,,<email-818.202211040835@cascadetimber.com>,Custodians/Brenda_Moss/EMAIL-818_Renewal_FILING_receipt_OR_WA_filing_date_only.eml
EMAIL-819,Hannah Cole,06/14/2023,17:20:00 PDT,Jay Whitfield <jwhitfield@alderpointpartners.com>,Sarah Nguyen <snguyen@cascadetimber.com>,,State database check — Bellhaven (process record),Routine,No,No,,<email-819.202306141720@alderpointpartners.com>,Custodians/Hannah_Cole/EMAIL-819_State_database_check_Bellhaven_process_record.eml
EMAIL-820,Sarah Nguyen,07/31/2022,08:05:00 PDT,Priya Shah <pshah@alderpointpartners.com>,Derek Holt <dholt@bellhavenadvisory.com>,,Broker vetting note — Bellhaven (pre-engagement),Routine,No,No,,<email-820.202207310805@alderpointpartners.com>,Custodians/Sarah_Nguyen/EMAIL-820_Broker_vetting_note_Bellhaven_pre_engagement.eml
EMAIL-821,Human Resources,12/31/2022,10:45:00 PST,Tom Reyes <treyes@alderpointpartners.com>,Priya Shah <pshah@alderpointpartners.com>,,Renewal FILING receipt — OR/WA (filing date only),Routine,No,No,,<email-821.202212311045@alderpointpartners.com>,Custodians/Human_Resources/EMAIL-821_Renewal_FILING_receipt_OR_WA_filing_date_only.eml
EMAIL-822,Nina Alvarez,07/14/2022,08:55:00 PDT,Jay Whitfield <jwhitfield@alderpointpartners.com>,Nina Alvarez <nalvarez@alderpointpartners.com>,,Diligence file note (pre-engagement),Routine,No,No,,<email-822.202207140855@alderpointpartners.com>,Custodians/Nina_Alvarez/EMAIL-822_Diligence_file_note_pre_engagement.eml
EMAIL-823,Wendy Park,07/24/2022,13:55:00 PDT,Priya Shah <pshah@alderpointpartners.com>,Sarah Nguyen <snguyen@cascadetimber.com>,,Broker vetting note — Bellhaven (pre-engagement),Routine,No,No,,<email-823.202207241355@alderpointpartners.com>,Custodians/Wendy_Park/EMAIL-823_Broker_vetting_note_Bellhaven_pre_engagement.eml
EMAIL-824,Dana Whitaker,10/26/2022,16:25:00 PDT,Nina Alvarez <nalvarez@alderpointpartners.com>,Jay Whitfield <jwhitfield@alderpointpartners.com>,Derek Holt <dholt@bellhavenadvisory.com>,Broker coverage worksheet (issuance unverified),Routine,No,No,,<email-824.202210261625@alderpointpartners.com>,Custodians/Dana_Whitaker/EMAIL-824_Broker_coverage_worksheet_issuance_unverified.eml
EMAIL-825,Dan Osei,09/18/2023,09:45:00 PDT,Derek Holt <dholt@bellhavenadvisory.com>,Priya Shah <pshah@alderpointpartners.com>,,Diligence-refresh file note,Routine,No,No,,<email-825.202309180945@bellhavenadvisory.com>,Custodians/Dan_Osei/EMAIL-825_Diligence_refresh_file_note.eml
EMAIL-826,Robert Denniston,07/01/2022,13:35:00 PDT,Renee Ford <rford@bellhavenadvisory.com>,Derek Holt <dholt@bellhavenadvisory.com>,,Broker registration baseline — states of coverage (pre-engagement),Routine,No,No,,<email-826.202207011335@bellhavenadvisory.com>,Custodians/Robert_Denniston/EMAIL-826_Broker_registration_baseline_states_of_coverage_pre_engageme.eml
EMAIL-827,HR,08/05/2022,09:20:00 PDT,Renee Ford <rford@bellhavenadvisory.com>,Nina Alvarez <nalvarez@alderpointpartners.com>,,"Broker coverage worksheet (pre-engagement, no placements)",Routine,No,No,,<email-827.202208050920@bellhavenadvisory.com>,Custodians/HR/EMAIL-827_Broker_coverage_worksheet_pre_engagement_no_placements.eml
EMAIL-828,HR,08/18/2023,10:05:00 PDT,Priya Shah <pshah@alderpointpartners.com>,Derek Holt <dholt@bellhavenadvisory.com>,,Placement-date vs authority matrix (join record),Routine,No,No,,<email-828.202308181005@alderpointpartners.com>,Custodians/HR/EMAIL-828_Placement_date_vs_authority_matrix_join_record.eml
EMAIL-829,Craig Sato,11/16/2022,14:45:00 PST,Sarah Nguyen <snguyen@cascadetimber.com>,Renee Ford <rford@bellhavenadvisory.com>,,"Broker renewal status — OR/WA (pending, per 9/15 notice)",Routine,No,No,,<email-829.202211161445@cascadetimber.com>,Custodians/Craig_Sato/EMAIL-829_Broker_renewal_status_OR_WA_pending_per_9_15_notice.eml
EMAIL-830,Alan Brooks,06/21/2023,10:00:00 PDT,Derek Holt <dholt@bellhavenadvisory.com>,Priya Shah <pshah@alderpointpartners.com>,,State database check — Bellhaven (process record),Routine,No,No,,<email-830.202306211000@bellhavenadvisory.com>,Custodians/Alan_Brooks/EMAIL-830_State_database_check_Bellhaven_process_record.eml
EMAIL-831,Robert Denniston,12/02/2022,09:25:00 PST,John Ellery <jellery@cascadetimber.com>,Robert Denniston <rdenniston@cascadetimber.com>,,Q4 target memo — pipeline,Privileged Legal Advice,Yes,No,,<email-831.202212020925@cascadetimber.com>,Custodians/Robert_Denniston/EMAIL-831_Q4_target_memo_pipeline.eml
EMAIL-832,John Ellery,07/18/2023,09:25:00 PDT,Elena Marlowe <emarlowe@cascadetimber.com>,Mia Chen <mchen@llassociates.com>,,Representation reliance file — 034/035,Privileged Work Product,Yes,No,,<email-832.202307180925@cascadetimber.com>,Custodians/John_Ellery/EMAIL-832_Representation_reliance_file_034_035.eml
EMAIL-833,Frank Delgado,05/10/2023,10:10:00 PDT,Elena Marlowe <emarlowe@cascadetimber.com>,Grace Lin <glin@llassociates.com>,,Representation reliance file — 034/035,Privileged Work Product,Yes,No,,<email-833.202305101010@cascadetimber.com>,Custodians/Frank_Delgado/EMAIL-833_Representation_reliance_file_034_035.eml
EMAIL-834,Nina Alvarez,03/27/2022,11:45:00 PDT,Elena Marlowe <emarlowe@cascadetimber.com>,Marcus Webb <mwebb@cascadetimber.com>,,Board minutes draft — Q2-2022 (recital discipline),Key Stakeholder Comms,No,No,board_update_draft.txt,<email-834.202203271145@cascadetimber.com>,Custodians/Nina_Alvarez/EMAIL-834_Board_minutes_draft_Q2_2022_recital_discipline.eml
EMAIL-835,Human Resources,10/18/2022,14:40:00 PDT,Marcus Webb <mwebb@cascadetimber.com>,Robert Denniston <rdenniston@cascadetimber.com>,,Board minutes draft — Q2-2023 (recital discipline),Key Stakeholder Comms,No,No,board_update_draft.txt,<email-835.202210181440@cascadetimber.com>,Custodians/Human_Resources/EMAIL-835_Board_minutes_draft_Q2_2023_recital_discipline.eml
EMAIL-836,Marcus Webb,02/25/2022,16:05:00 PST,Elena Marlowe <emarlowe@cascadetimber.com>,Priya Shah <pshah@alderpointpartners.com>,,Board minutes draft — Q2-2022 (recital discipline),Routine,No,No,board_update_draft.txt,<email-836.202202251605@cascadetimber.com>,Custodians/Marcus_Webb/EMAIL-836_Board_minutes_draft_Q2_2022_recital_discipline.eml
EMAIL-837,Derek Holt,06/28/2023,14:00:00 PDT,Marcus Webb <mwebb@cascadetimber.com>,John Ellery <jellery@cascadetimber.com>,,Representation reliance file — 034/035,Privileged Legal Advice,Yes,No,,<email-837.202306281400@cascadetimber.com>,Custodians/Derek_Holt/EMAIL-837_Representation_reliance_file_034_035.eml
EMAIL-838,Mia Chen,01/19/2022,16:50:00 PST,Robert Denniston <rdenniston@cascadetimber.com>,Marcus Webb <mwebb@cascadetimber.com>,,Representation reliance file — 034/035,Key Stakeholder Comms,No,No,,<email-838.202201191650@cascadetimber.com>,Custodians/Mia_Chen/EMAIL-838_Representation_reliance_file_034_035.eml
EMAIL-839,HR,01/23/2023,13:20:00 PST,Robert Denniston <rdenniston@cascadetimber.com>,Priya Shah <pshah@alderpointpartners.com>,,Q4 target memo — pipeline,Routine,No,No,,<email-839.202301231320@cascadetimber.com>,Custodians/HR/EMAIL-839_Q4_target_memo_pipeline.eml
EMAIL-840,Nina Alvarez,06/10/2022,16:30:00 PDT,Robert Denniston <rdenniston@cascadetimber.com>,Priya Shah <pshah@alderpointpartners.com>,,Board pack — Q3-2022,Routine,No,No,board_update_draft.txt,<email-840.202206101630@cascadetimber.com>,Custodians/Nina_Alvarez/EMAIL-840_Board_pack_Q3_2022.eml
EMAIL-841,Tom Reyes,09/01/2022,09:45:00 PDT,Robert Denniston <rdenniston@cascadetimber.com>,Elena Marlowe <emarlowe@cascadetimber.com>,Marcus Webb <mwebb@cascadetimber.com>,Close file — Q2-2022,Key Stakeholder Comms,No,No,,<email-841.202209010945@cascadetimber.com>,Custodians/Tom_Reyes/EMAIL-841_Close_file_Q2_2022.eml
EMAIL-842,Jay Whitfield,05/11/2022,09:50:00 PDT,Elena Marlowe <emarlowe@cascadetimber.com>,John Ellery <jellery@cascadetimber.com>,,Scenario model — pipeline options (early ops),Privileged Legal Advice,Yes,No,,<email-842.202205110950@cascadetimber.com>,Custodians/Jay_Whitfield/EMAIL-842_Scenario_model_pipeline_options_early_ops.eml
EMAIL-843,IT Notifications,08/10/2022,09:45:00 PDT,Elena Marlowe <emarlowe@cascadetimber.com>,Marcus Webb <mwebb@cascadetimber.com>,,Pipeline outlook — placement pacing (early),Key Stakeholder Comms,No,No,,<email-843.202208100945@cascadetimber.com>,Custodians/IT_Notifications/EMAIL-843_Pipeline_outlook_placement_pacing_early.eml
EMAIL-844,HR,07/25/2022,09:35:00 PDT,Marcus Webb <mwebb@cascadetimber.com>,Elena Marlowe <emarlowe@cascadetimber.com>,,Representation reliance file — 034/035,Key Stakeholder Comms,No,No,,<email-844.202207250935@cascadetimber.com>,Custodians/HR/EMAIL-844_Representation_reliance_file_034_035.eml
EMAIL-845,Tom Reyes,11/17/2022,09:50:00 PST,Marcus Webb <mwebb@cascadetimber.com>,John Ellery <jellery@cascadetimber.com>,,Distribution log — forwarding record,Privileged Legal Advice,Yes,No,,<email-845.202211170950@cascadetimber.com>,Custodians/Tom_Reyes/EMAIL-845_Distribution_log_forwarding_record.eml
EMAIL-846,Dana Whitaker,05/31/2023,10:35:00 PDT,Grace Lin <glin@llassociates.com>,John Ellery <jellery@cascadetimber.com>,,Downside-case model — pause,Privileged Work Product,Yes,No,,<email-846.202305311035@llassociates.com>,Custodians/Dana_Whitaker/EMAIL-846_Downside_case_model_pause.eml
EMAIL-847,IT Notifications,12/07/2022,13:50:00 PST,Elena Marlowe <emarlowe@cascadetimber.com>,Marcus Webb <mwebb@cascadetimber.com>,,Board minutes draft — Q4-2022,Key Stakeholder Comms,No,No,board_update_draft.txt,<email-847.202212071350@cascadetimber.com>,Custodians/IT_Notifications/EMAIL-847_Board_minutes_draft_Q4_2022.eml
EMAIL-848,IT Notifications,08/09/2023,10:15:00 PDT,Elena Marlowe <emarlowe@cascadetimber.com>,Robert Denniston <rdenniston@cascadetimber.com>,,Board pack — Q2-2023,Key Stakeholder Comms,No,No,board_update_draft.txt,<email-848.202308091015@cascadetimber.com>,Custodians/IT_Notifications/EMAIL-848_Board_pack_Q2_2023.eml
EMAIL-849,John Ellery,05/06/2023,13:50:00 PDT,Robert Denniston <rdenniston@cascadetimber.com>,Marcus Webb <mwebb@cascadetimber.com>,,Board minutes draft — Q2-2023 (recital discipline),Key Stakeholder Comms,No,No,board_update_draft.txt,<email-849.202305061350@cascadetimber.com>,Custodians/John_Ellery/EMAIL-849_Board_minutes_draft_Q2_2023_recital_discipline.eml
EMAIL-850,Human Resources,09/07/2022,09:55:00 PDT,Robert Denniston <rdenniston@cascadetimber.com>,Marcus Webb <mwebb@cascadetimber.com>,Elena Marlowe <emarlowe@cascadetimber.com>,Pipeline outlook — placement pacing (early),Key Stakeholder Comms,No,No,,<email-850.202209070955@cascadetimber.com>,Custodians/Human_Resources/EMAIL-850_Pipeline_outlook_placement_pacing_early.eml
EMAIL-851,Craig Sato,02/19/2023,10:35:00 PST,John Ellery <jellery@cascadetimber.com>,Marcus Webb <mwebb@cascadetimber.com>,Priya Shah <pshah@alderpointpartners.com>,Representation reliance file — 034/035,Routine,No,No,,<email-851.202302191035@cascadetimber.com>,Custodians/Craig_Sato/EMAIL-851_Representation_reliance_file_034_035.eml
EMAIL-852,Kevin Tran,07/03/2023,11:15:00 PDT,Robert Denniston <rdenniston@cascadetimber.com>,Grace Lin <glin@llassociates.com>,Mia Chen <mchen@llassociates.com>,Board minutes draft — Q2-2023,Privileged Work Product,Yes,No,board_update_draft.txt,<email-852.202307031115@cascadetimber.com>,Custodians/Kevin_Tran/EMAIL-852_Board_minutes_draft_Q2_2023.eml
EMAIL-853,Human Resources,06/12/2023,11:10:00 PDT,Mia Chen <mchen@llassociates.com>,John Ellery <jellery@cascadetimber.com>,,Board minutes draft — Q4-2022 (recital discipline),Privileged Work Product,Yes,No,board_update_draft.txt,<email-853.202306121110@llassociates.com>,Custodians/Human_Resources/EMAIL-853_Board_minutes_draft_Q4_2022_recital_discipline.eml
EMAIL-854,Derek Holt,08/06/2023,13:45:00 PDT,Marcus Webb <mwebb@cascadetimber.com>,Mia Chen <mchen@llassociates.com>,,Downside-case model — pause,Privileged Work Product,Yes,No,,<email-854.202308061345@cascadetimber.com>,Custodians/Derek_Holt/EMAIL-854_Downside_case_model_pause.eml
EMAIL-855,Derek Holt,06/27/2022,08:25:00 PDT,Marcus Webb <mwebb@cascadetimber.com>,Priya Shah <pshah@alderpointpartners.com>,,Scenario model — pipeline options (early ops),Routine,No,No,,<email-855.202206270825@cascadetimber.com>,Custodians/Derek_Holt/EMAIL-855_Scenario_model_pipeline_options_early_ops.eml
EMAIL-856,Jay Whitfield,07/26/2023,08:05:00 PDT,Grace Lin <glin@llassociates.com>,Elena Marlowe <emarlowe@cascadetimber.com>,,Representation reliance file — 034/035,Privileged Work Product,Yes,No,,<email-856.202307260805@llassociates.com>,Custodians/Jay_Whitfield/EMAIL-856_Representation_reliance_file_034_035.eml
EMAIL-857,Tom Reyes,12/16/2022,16:40:00 PST,Robert Denniston <rdenniston@cascadetimber.com>,Priya Shah <pshah@alderpointpartners.com>,,Scenario model — pipeline options (early ops),Routine,No,No,,<email-857.202212161640@cascadetimber.com>,Custodians/Tom_Reyes/EMAIL-857_Scenario_model_pipeline_options_early_ops.eml
EMAIL-858,Frank Delgado,01/11/2023,09:55:00 PST,John Ellery <jellery@cascadetimber.com>,Elena Marlowe <emarlowe@cascadetimber.com>,,Distribution log — forwarding record,Privileged Legal Advice,Yes,No,,<email-858.202301110955@cascadetimber.com>,Custodians/Frank_Delgado/EMAIL-858_Distribution_log_forwarding_record.eml
EMAIL-859,Priya Shah,07/18/2022,10:40:00 PDT,Marcus Webb <mwebb@cascadetimber.com>,Elena Marlowe <emarlowe@cascadetimber.com>,,Representation reliance file — 034/035,Key Stakeholder Comms,No,No,,<email-859.202207181040@cascadetimber.com>,Custodians/Priya_Shah/EMAIL-859_Representation_reliance_file_034_035.eml
EMAIL-860,Nina Alvarez,05/09/2022,10:10:00 PDT,Marcus Webb <mwebb@cascadetimber.com>,John Ellery <jellery@cascadetimber.com>,,Scenario model — pipeline options (early ops),Privileged Legal Advice,Yes,No,,<email-860.202205091010@cascadetimber.com>,Custodians/Nina_Alvarez/EMAIL-860_Scenario_model_pipeline_options_early_ops.eml
EMAIL-861,A Patel,04/09/2023,10:10:00 PDT,Robert Denniston <rdenniston@cascadetimber.com>,Mia Chen <mchen@llassociates.com>,,Downside-case model — pause,Privileged Work Product,Yes,No,,<email-861.202304091010@cascadetimber.com>,Custodians/A_Patel/EMAIL-861_Downside_case_model_pause.eml
EMAIL-862,Craig Sato,08/20/2022,16:30:00 PDT,Marcus Webb <mwebb@cascadetimber.com>,John Ellery <jellery@cascadetimber.com>,,Board pack — Q3-2022 (prep),Privileged Legal Advice,Yes,No,board_update_draft.txt,<email-862.202208201630@cascadetimber.com>,Custodians/Craig_Sato/EMAIL-862_Board_pack_Q3_2022_prep.eml
EMAIL-863,Wendy Park,07/12/2022,14:25:00 PDT,Elena Marlowe <emarlowe@cascadetimber.com>,John Ellery <jellery@cascadetimber.com>,,Pipeline outlook — placement pacing (early),Privileged Legal Advice,Yes,No,,<email-863.202207121425@cascadetimber.com>,Custodians/Wendy_Park/EMAIL-863_Pipeline_outlook_placement_pacing_early.eml
EMAIL-864,John Ellery,02/26/2022,08:00:00 PST,Elena Marlowe <emarlowe@cascadetimber.com>,John Ellery <jellery@cascadetimber.com>,,Board minutes draft — Q2-2022 (recital discipline),Privileged Legal Advice,Yes,No,board_update_draft.txt,<email-864.202202260800@cascadetimber.com>,Custodians/John_Ellery/EMAIL-864_Board_minutes_draft_Q2_2022_recital_discipline.eml
EMAIL-865,Grace Lin,05/26/2023,10:40:00 PDT,Mia Chen <mchen@llassociates.com>,John Ellery <jellery@cascadetimber.com>,,Board minutes draft — Q2-2023,Privileged Work Product,Yes,No,board_update_draft.txt,<email-865.202305261040@llassociates.com>,Custodians/Grace_Lin/EMAIL-865_Board_minutes_draft_Q2_2023.eml
EMAIL-866,Robert Denniston,05/20/2023,11:45:00 PDT,Grace Lin <glin@llassociates.com>,Robert Denniston <rdenniston@cascadetimber.com>,,Representation reliance file — 034/035,Privileged Work Product,Yes,No,,<email-866.202305201145@llassociates.com>,Custodians/Robert_Denniston/EMAIL-866_Representation_reliance_file_034_035.eml
EMAIL-867,Marcus Webb,01/18/2023,09:45:00 PST,John Ellery <jellery@cascadetimber.com>,Priya Shah <pshah@alderpointpartners.com>,,Board minutes draft — Q1-2023 (recital discipline),Routine,No,No,board_update_draft.txt,<email-867.202301180945@cascadetimber.com>,Custodians/Marcus_Webb/EMAIL-867_Board_minutes_draft_Q1_2023_recital_discipline.eml
EMAIL-868,A Patel,04/16/2022,11:25:00 PDT,Robert Denniston <rdenniston@cascadetimber.com>,John Ellery <jellery@cascadetimber.com>,,Pipeline outlook — placement pacing (early),Privileged Legal Advice,Yes,No,,<email-868.202204161125@cascadetimber.com>,Custodians/A_Patel/EMAIL-868_Pipeline_outlook_placement_pacing_early.eml
EMAIL-869,Brenda Moss,07/28/2023,11:40:00 PDT,Elena Marlowe <emarlowe@cascadetimber.com>,Robert Denniston <rdenniston@cascadetimber.com>,,Board pack — Q3-2023,Key Stakeholder Comms,No,No,board_update_draft.txt,<email-869.202307281140@cascadetimber.com>,Custodians/Brenda_Moss/EMAIL-869_Board_pack_Q3_2023.eml
EMAIL-870,HR,06/03/2023,14:35:00 PDT,Marcus Webb <mwebb@cascadetimber.com>,Grace Lin <glin@llassociates.com>,,Downside-case model — pause,Privileged Work Product,Yes,No,,<email-870.202306031435@cascadetimber.com>,Custodians/HR/EMAIL-870_Downside_case_model_pause.eml
EMAIL-871,Marcus Webb,03/31/2023,08:50:00 PDT,Marcus Webb <mwebb@cascadetimber.com>,Grace Lin <glin@llassociates.com>,,Board pack — Q4-2022,Privileged Work Product,Yes,No,board_update_draft.txt,<email-871.202303310850@cascadetimber.com>,Custodians/Marcus_Webb/EMAIL-871_Board_pack_Q4_2022.eml
EMAIL-872,A Patel,02/23/2022,09:15:00 PST,Marcus Webb <mwebb@cascadetimber.com>,Elena Marlowe <emarlowe@cascadetimber.com>,,Representation reliance file — 034/035,Key Stakeholder Comms,No,No,,<email-872.202202230915@cascadetimber.com>,Custodians/A_Patel/EMAIL-872_Representation_reliance_file_034_035.eml
EMAIL-873,Hannah Cole,02/04/2022,09:40:00 PST,John Ellery <jellery@cascadetimber.com>,Marcus Webb <mwebb@cascadetimber.com>,,Scenario planning — placement options (pre-launch/early ops),Privileged Legal Advice,Yes,No,,<email-873.202202040940@cascadetimber.com>,Custodians/Hannah_Cole/EMAIL-873_Scenario_planning_placement_options_pre_launch_early_ops.eml
EMAIL-874,Tom Reyes,06/03/2023,15:45:00 PDT,John Ellery <jellery@cascadetimber.com>,Elena Marlowe <emarlowe@cascadetimber.com>,,Representation reliance file — 034/035,Privileged Legal Advice,Yes,No,,<email-874.202306031545@cascadetimber.com>,Custodians/Tom_Reyes/EMAIL-874_Representation_reliance_file_034_035.eml
EMAIL-875,Craig Sato,07/26/2023,09:55:00 PDT,Elena Marlowe <emarlowe@cascadetimber.com>,Mia Chen <mchen@llassociates.com>,,Board pack — Q2-2023,Privileged Work Product,Yes,No,board_update_draft.txt,<email-875.202307260955@cascadetimber.com>,Custodians/Craig_Sato/EMAIL-875_Board_pack_Q2_2023.eml
EMAIL-876,Robert Denniston,06/15/2023,09:55:00 PDT,Elena Marlowe <emarlowe@cascadetimber.com>,John Ellery <jellery@cascadetimber.com>,,Board pack — Q1-2023,Privileged Legal Advice,Yes,No,board_update_draft.txt,<email-876.202306150955@cascadetimber.com>,Custodians/Robert_Denniston/EMAIL-876_Board_pack_Q1_2023.eml
EMAIL-877,Priya Shah,08/08/2022,15:50:00 PDT,Marcus Webb <mwebb@cascadetimber.com>,Priya Shah <pshah@alderpointpartners.com>,,Board pack — Q2-2022,Routine,No,No,board_update_draft.txt,<email-877.202208081550@cascadetimber.com>,Custodians/Priya_Shah/EMAIL-877_Board_pack_Q2_2022.eml
EMAIL-878,Kevin Tran,03/06/2023,15:45:00 PDT,Mia Chen <mchen@llassociates.com>,Marcus Webb <mwebb@cascadetimber.com>,,Board pack — Q3-2022,Privileged Work Product,Yes,No,board_update_draft.txt,<email-878.202303061545@llassociates.com>,Custodians/Kevin_Tran/EMAIL-878_Board_pack_Q3_2022.eml
EMAIL-879,Kevin Tran,02/25/2023,08:45:00 PST,Grace Lin <glin@llassociates.com>,Robert Denniston <rdenniston@cascadetimber.com>,,Scenario model — pipeline options (early ops),Privileged Work Product,Yes,No,,<email-879.202302250845@llassociates.com>,Custodians/Kevin_Tran/EMAIL-879_Scenario_model_pipeline_options_early_ops.eml
EMAIL-880,Grace Lin,05/31/2023,09:05:00 PDT,Robert Denniston <rdenniston@cascadetimber.com>,Marcus Webb <mwebb@cascadetimber.com>,,Downside-case model — pause,Key Stakeholder Comms,No,No,,<email-880.202305310905@cascadetimber.com>,Custodians/Grace_Lin/EMAIL-880_Downside_case_model_pause.eml
EMAIL-881,IT Notifications,11/15/2022,08:55:00 PST,John Ellery <jellery@cascadetimber.com>,Elena Marlowe <emarlowe@cascadetimber.com>,,Distribution log — forwarding record,Privileged Legal Advice,Yes,No,,<email-881.202211150855@cascadetimber.com>,Custodians/IT_Notifications/EMAIL-881_Distribution_log_forwarding_record.eml
EMAIL-882,Brenda Moss,02/20/2022,09:20:00 PST,John Ellery <jellery@cascadetimber.com>,Robert Denniston <rdenniston@cascadetimber.com>,,Representation reliance file — 034/035,Privileged Legal Advice,Yes,No,,<email-882.202202200920@cascadetimber.com>,Custodians/Brenda_Moss/EMAIL-882_Representation_reliance_file_034_035.eml
EMAIL-883,Tom Reyes,01/30/2022,16:05:00 PST,John Ellery <jellery@cascadetimber.com>,Priya Shah <pshah@alderpointpartners.com>,,Pipeline outlook — placement pacing (early),Routine,No,No,,<email-883.202201301605@cascadetimber.com>,Custodians/Tom_Reyes/EMAIL-883_Pipeline_outlook_placement_pacing_early.eml
EMAIL-884,Grace Lin,02/15/2023,08:25:00 PST,Marcus Webb <mwebb@cascadetimber.com>,Elena Marlowe <emarlowe@cascadetimber.com>,,Q4 target memo — pipeline,Key Stakeholder Comms,No,No,,<email-884.202302150825@cascadetimber.com>,Custodians/Grace_Lin/EMAIL-884_Q4_target_memo_pipeline.eml
EMAIL-885,Derek Holt,04/26/2023,09:25:00 PDT,Marcus Webb <mwebb@cascadetimber.com>,Grace Lin <glin@llassociates.com>,,Downside-case model — pause,Privileged Work Product,Yes,No,,<email-885.202304260925@cascadetimber.com>,Custodians/Derek_Holt/EMAIL-885_Downside_case_model_pause.eml
EMAIL-886,Hannah Cole,04/23/2023,11:05:00 PDT,John Ellery <jellery@cascadetimber.com>,Grace Lin <glin@llassociates.com>,,Downside-case model — pause,Privileged Work Product,Yes,No,,<email-886.202304231105@cascadetimber.com>,Custodians/Hannah_Cole/EMAIL-886_Downside_case_model_pause.eml
EMAIL-887,IT Notifications,07/07/2022,15:05:00 PDT,Elena Marlowe <emarlowe@cascadetimber.com>,Marcus Webb <mwebb@cascadetimber.com>,Priya Shah <pshah@alderpointpartners.com>,Scenario model — pipeline options (early ops),Routine,No,No,,<email-887.202207071505@cascadetimber.com>,Custodians/IT_Notifications/EMAIL-887_Scenario_model_pipeline_options_early_ops.eml
EMAIL-888,Derek Holt,10/26/2022,09:10:00 PDT,John Ellery <jellery@cascadetimber.com>,Priya Shah <pshah@alderpointpartners.com>,,Board minutes draft — Q3-2022 (recital discipline),Routine,No,No,board_update_draft.txt,<email-888.202210260910@cascadetimber.com>,Custodians/Derek_Holt/EMAIL-888_Board_minutes_draft_Q3_2022_recital_discipline.eml
EMAIL-889,Kevin Tran,12/02/2022,13:40:00 PST,Elena Marlowe <emarlowe@cascadetimber.com>,Marcus Webb <mwebb@cascadetimber.com>,,Board minutes draft — Q4-2022,Key Stakeholder Comms,No,No,board_update_draft.txt,<email-889.202212021340@cascadetimber.com>,Custodians/Kevin_Tran/EMAIL-889_Board_minutes_draft_Q4_2022.eml
EMAIL-890,Human Resources,04/16/2023,08:15:00 PDT,Elena Marlowe <emarlowe@cascadetimber.com>,Marcus Webb <mwebb@cascadetimber.com>,,Board pack — Q2-2023,Key Stakeholder Comms,No,No,board_update_draft.txt,<email-890.202304160815@cascadetimber.com>,Custodians/Human_Resources/EMAIL-890_Board_pack_Q2_2023.eml
EMAIL-891,Jay Whitfield,02/14/2022,13:15:00 PST,John Ellery <jellery@cascadetimber.com>,Priya Shah <pshah@alderpointpartners.com>,,Scenario planning — placement options (pre-launch/early ops),Routine,No,No,,<email-891.202202141315@cascadetimber.com>,Custodians/Jay_Whitfield/EMAIL-891_Scenario_planning_placement_options_pre_launch_early_ops.eml
EMAIL-892,Mia Chen,07/06/2022,14:10:00 PDT,Robert Denniston <rdenniston@cascadetimber.com>,Elena Marlowe <emarlowe@cascadetimber.com>,,Distribution log — forwarding record,Key Stakeholder Comms,No,No,,<email-892.202207061410@cascadetimber.com>,Custodians/Mia_Chen/EMAIL-892_Distribution_log_forwarding_record.eml
EMAIL-893,Frank Delgado,08/04/2022,14:15:00 PDT,Marcus Webb <mwebb@cascadetimber.com>,Priya Shah <pshah@alderpointpartners.com>,,Board pack — Q2-2022,Routine,No,No,board_update_draft.txt,<email-893.202208041415@cascadetimber.com>,Custodians/Frank_Delgado/EMAIL-893_Board_pack_Q2_2022.eml
EMAIL-894,Facilities,10/11/2022,15:45:00 PDT,John Ellery <jellery@cascadetimber.com>,Priya Shah <pshah@alderpointpartners.com>,,Representation reliance file — 034/035,Routine,No,No,,<email-894.202210111545@cascadetimber.com>,Custodians/Facilities/EMAIL-894_Representation_reliance_file_034_035.eml
EMAIL-895,Human Resources,05/07/2023,09:50:00 PDT,Mia Chen <mchen@llassociates.com>,Marcus Webb <mwebb@cascadetimber.com>,,Board minutes draft — Q1-2023,Privileged Work Product,Yes,No,board_update_draft.txt,<email-895.202305070950@llassociates.com>,Custodians/Human_Resources/EMAIL-895_Board_minutes_draft_Q1_2023.eml
EMAIL-896,Nina Alvarez,10/31/2022,10:15:00 PDT,Marcus Webb <mwebb@cascadetimber.com>,Priya Shah <pshah@alderpointpartners.com>,,Distribution log — forwarding record,Routine,No,No,,<email-896.202210311015@cascadetimber.com>,Custodians/Nina_Alvarez/EMAIL-896_Distribution_log_forwarding_record.eml
EMAIL-897,Derek Holt,05/21/2022,09:10:00 PDT,Robert Denniston <rdenniston@cascadetimber.com>,Marcus Webb <mwebb@cascadetimber.com>,,Distribution log — forwarding record,Key Stakeholder Comms,No,No,,<email-897.202205210910@cascadetimber.com>,Custodians/Derek_Holt/EMAIL-897_Distribution_log_forwarding_record.eml
EMAIL-898,Facilities,07/10/2023,10:25:00 PDT,John Ellery <jellery@cascadetimber.com>,Robert Denniston <rdenniston@cascadetimber.com>,,Board pack — Q3-2023 (prep),Privileged Legal Advice,Yes,No,board_update_draft.txt,<email-898.202307101025@cascadetimber.com>,Custodians/Facilities/EMAIL-898_Board_pack_Q3_2023_prep.eml
EMAIL-899,Tom Reyes,02/02/2022,10:35:00 PST,John Ellery <jellery@cascadetimber.com>,Elena Marlowe <emarlowe@cascadetimber.com>,,Distribution log — forwarding record,Privileged Legal Advice,Yes,No,,<email-899.202202021035@cascadetimber.com>,Custodians/Tom_Reyes/EMAIL-899_Distribution_log_forwarding_record.eml
EMAIL-900,John Ellery,03/31/2022,16:10:00 PDT,John Ellery <jellery@cascadetimber.com>,Robert Denniston <rdenniston@cascadetimber.com>,,Board minutes draft — Q1-2022,Privileged Legal Advice,Yes,No,board_update_draft.txt,<email-900.202203311610@cascadetimber.com>,Custodians/John_Ellery/EMAIL-900_Board_minutes_draft_Q1_2022.eml
EMAIL-901,Alan Brooks,04/12/2022,10:35:00 PDT,Owen Larsen <olarsen@larsentaxadvisory.com>,Sarah Nguyen <snguyen@cascadetimber.com>,,Tax position note — Larsen (early planning),Routine,No,No,,<email-901.202204121035@larsentaxadvisory.com>,Custodians/Alan_Brooks/EMAIL-901_Tax_position_note_Larsen_early_planning.eml
EMAIL-902,Marcus Webb,10/23/2023,14:15:00 PDT,Brenda Moss <bmoss@mosslane-cpa.com>,Elena Marlowe <emarlowe@cascadetimber.com>,,Remediation workplan — 203 follow-up,Routine,No,No,,<email-902.202310231415@mosslane-cpa.com>,Custodians/Marcus_Webb/EMAIL-902_Remediation_workplan_203_follow_up.eml
EMAIL-903,Facilities,09/26/2023,09:35:00 PDT,Brenda Moss <bmoss@mosslane-cpa.com>,Craig Sato <csato@cascadetimber.com>,,Quarterly pack — compliance section (no entries),Routine,No,No,qpack_compliance.txt,<email-903.202309260935@mosslane-cpa.com>,Custodians/Facilities/EMAIL-903_Quarterly_pack_compliance_section_no_entries.eml
EMAIL-904,Human Resources,09/17/2023,09:20:00 PDT,Brenda Moss <bmoss@mosslane-cpa.com>,T Kim <tkim@mosslane-cpa.com>,,Close file — Q3-2023 (prep),Routine,No,No,,<email-904.202309170920@mosslane-cpa.com>,Custodians/Human_Resources/EMAIL-904_Close_file_Q3_2023_prep.eml
EMAIL-905,Jay Whitfield,05/09/2022,08:55:00 PDT,Sarah Nguyen <snguyen@cascadetimber.com>,Elena Marlowe <emarlowe@cascadetimber.com>,,Compliance action log — framework follow-up,Routine,No,No,,<email-905.202205090855@cascadetimber.com>,Custodians/Jay_Whitfield/EMAIL-905_Compliance_action_log_framework_follow_up.eml
EMAIL-906,Wendy Park,04/24/2022,08:30:00 PDT,Sarah Nguyen <snguyen@cascadetimber.com>,Elena Marlowe <emarlowe@cascadetimber.com>,,"Exposure scoping note (preliminary, no reserve)",Routine,No,No,,<email-906.202204240830@cascadetimber.com>,Custodians/Wendy_Park/EMAIL-906_Exposure_scoping_note_preliminary_no_reserve.eml
EMAIL-907,HR,03/18/2022,17:45:00 PDT,Sarah Nguyen <snguyen@cascadetimber.com>,Elena Marlowe <emarlowe@cascadetimber.com>,,Tax position note — Larsen (early planning),Routine,No,No,,<email-907.202203181745@cascadetimber.com>,Custodians/HR/EMAIL-907_Tax_position_note_Larsen_early_planning.eml
EMAIL-908,HR,07/15/2022,09:00:00 PDT,Robert Denniston <rdenniston@cascadetimber.com>,Elena Marlowe <emarlowe@cascadetimber.com>,,Close file — Q2-2022,Key Stakeholder Comms,No,No,,<email-908.202207150900@cascadetimber.com>,Custodians/HR/EMAIL-908_Close_file_Q2_2022.eml
EMAIL-909,Mia Chen,07/10/2023,14:15:00 PDT,Brenda Moss <bmoss@mosslane-cpa.com>,Elena Marlowe <emarlowe@cascadetimber.com>,,"Exposure scoping note (preliminary, no reserve)",Routine,No,No,,<email-909.202307101415@mosslane-cpa.com>,Custodians/Mia_Chen/EMAIL-909_Exposure_scoping_note_preliminary_no_reserve.eml
EMAIL-910,Alan Brooks,11/30/2023,10:45:00 PST,Elena Marlowe <emarlowe@cascadetimber.com>,T Kim <tkim@mosslane-cpa.com>,,Provision memo — Larsen,Routine,No,No,,<email-910.202311301045@cascadetimber.com>,Custodians/Alan_Brooks/EMAIL-910_Provision_memo_Larsen.eml
EMAIL-911,Alan Brooks,09/29/2022,11:30:00 PDT,Sarah Nguyen <snguyen@cascadetimber.com>,Brenda Moss <bmoss@mosslane-cpa.com>,,Close file — Q1-2022,Routine,No,No,,<email-911.202209291130@cascadetimber.com>,Custodians/Alan_Brooks/EMAIL-911_Close_file_Q1_2022.eml
EMAIL-912,Wendy Park,12/05/2023,15:10:00 PST,Brenda Moss <bmoss@mosslane-cpa.com>,Craig Sato <csato@cascadetimber.com>,Owen Larsen <olarsen@larsentaxadvisory.com>,Provision memo — Larsen,Routine,No,No,,<email-912.202312051510@mosslane-cpa.com>,Custodians/Wendy_Park/EMAIL-912_Provision_memo_Larsen.eml
EMAIL-913,Craig Sato,08/09/2023,09:55:00 PDT,Owen Larsen <olarsen@larsentaxadvisory.com>,T Kim <tkim@mosslane-cpa.com>,,Remediation workplan — 203 follow-up,Routine,No,No,,<email-913.202308090955@larsentaxadvisory.com>,Custodians/Craig_Sato/EMAIL-913_Remediation_workplan_203_follow_up.eml
EMAIL-914,A Patel,01/25/2022,09:45:00 PST,Owen Larsen <olarsen@larsentaxadvisory.com>,Elena Marlowe <emarlowe@cascadetimber.com>,,Tax position note — Larsen (early planning),Routine,No,No,,<email-914.202201250945@larsentaxadvisory.com>,Custodians/A_Patel/EMAIL-914_Tax_position_note_Larsen_early_planning.eml
EMAIL-915,Marcus Webb,01/26/2023,11:15:00 PST,T Kim <tkim@mosslane-cpa.com>,Elena Marlowe <emarlowe@cascadetimber.com>,,Quarterly pack — compliance section (no entries),Routine,No,No,qpack_compliance.txt,<email-915.202301261115@mosslane-cpa.com>,Custodians/Marcus_Webb/EMAIL-915_Quarterly_pack_compliance_section_no_entries.eml
EMAIL-916,Derek Holt,10/24/2023,10:00:00 PDT,Sarah Nguyen <snguyen@cascadetimber.com>,Elena Marlowe <emarlowe@cascadetimber.com>,,Quarterly pack — compliance section (no entries),Routine,No,No,qpack_compliance.txt,<email-916.202310241000@cascadetimber.com>,Custodians/Derek_Holt/EMAIL-916_Quarterly_pack_compliance_section_no_entries.eml
EMAIL-917,John Ellery,03/14/2023,16:50:00 PDT,Brenda Moss <bmoss@mosslane-cpa.com>,T Kim <tkim@mosslane-cpa.com>,,Close file — Q4-2022,Routine,No,No,,<email-917.202303141650@mosslane-cpa.com>,Custodians/John_Ellery/EMAIL-917_Close_file_Q4_2022.eml
EMAIL-918,IT Notifications,11/27/2022,10:25:00 PST,Sarah Nguyen <snguyen@cascadetimber.com>,Brenda Moss <bmoss@mosslane-cpa.com>,,Tax position note — Larsen (early planning),Routine,No,No,,<email-918.202211271025@cascadetimber.com>,Custodians/IT_Notifications/EMAIL-918_Tax_position_note_Larsen_early_planning.eml
EMAIL-919,Derek Holt,11/01/2023,08:20:00 PST,T Kim <tkim@mosslane-cpa.com>,Craig Sato <csato@cascadetimber.com>,,Provision memo — Larsen,Routine,No,No,,<email-919.202311010820@mosslane-cpa.com>,Custodians/Derek_Holt/EMAIL-919_Provision_memo_Larsen.eml
EMAIL-920,Nina Alvarez,08/21/2022,09:25:00 PDT,Craig Sato <csato@cascadetimber.com>,Robert Denniston <rdenniston@cascadetimber.com>,,Quarterly pack — compliance section (no entries),Routine,No,No,qpack_compliance.txt,<email-920.202208210925@cascadetimber.com>,Custodians/Nina_Alvarez/EMAIL-920_Quarterly_pack_compliance_section_no_entries.eml
EMAIL-921,John Ellery,02/22/2023,14:05:00 PST,Owen Larsen <olarsen@larsentaxadvisory.com>,Sarah Nguyen <snguyen@cascadetimber.com>,,Tax position note — Larsen (early planning),Routine,No,No,,<email-921.202302221405@larsentaxadvisory.com>,Custodians/John_Ellery/EMAIL-921_Tax_position_note_Larsen_early_planning.eml
EMAIL-922,Alan Brooks,06/22/2023,09:00:00 PDT,Brenda Moss <bmoss@mosslane-cpa.com>,Craig Sato <csato@cascadetimber.com>,,Tax position note — Larsen (early planning),Routine,No,No,,<email-922.202306220900@mosslane-cpa.com>,Custodians/Alan_Brooks/EMAIL-922_Tax_position_note_Larsen_early_planning.eml
EMAIL-923,Human Resources,06/27/2022,09:00:00 PDT,Craig Sato <csato@cascadetimber.com>,Elena Marlowe <emarlowe@cascadetimber.com>,,Close file — Q2-2022,Routine,No,No,,<email-923.202206270900@cascadetimber.com>,Custodians/Human_Resources/EMAIL-923_Close_file_Q2_2022.eml
EMAIL-924,Robert Denniston,12/04/2023,11:20:00 PST,Robert Denniston <rdenniston@cascadetimber.com>,T Kim <tkim@mosslane-cpa.com>,,Quarterly pack — compliance section (no entries),Routine,No,No,qpack_compliance.txt,<email-924.202312041120@cascadetimber.com>,Custodians/Robert_Denniston/EMAIL-924_Quarterly_pack_compliance_section_no_entries.eml
EMAIL-925,Grace Lin,02/10/2022,08:40:00 PST,Sarah Nguyen <snguyen@cascadetimber.com>,Brenda Moss <bmoss@mosslane-cpa.com>,,Quarterly pack — compliance section (no entries),Routine,No,No,,<email-925.202202100840@cascadetimber.com>,Custodians/Grace_Lin/EMAIL-925_Quarterly_pack_compliance_section_no_entries.eml
EMAIL-926,Alan Brooks,06/13/2023,17:20:00 PDT,Robert Denniston <rdenniston@cascadetimber.com>,Sarah Nguyen <snguyen@cascadetimber.com>,,Spot-check calendar entry (no workpaper),Routine,No,No,,<email-926.202306131720@cascadetimber.com>,Custodians/Alan_Brooks/EMAIL-926_Spot_check_calendar_entry_no_workpaper.eml
EMAIL-927,A Patel,08/06/2023,17:15:00 PDT,Robert Denniston <rdenniston@cascadetimber.com>,Elena Marlowe <emarlowe@cascadetimber.com>,,Provision memo — Larsen,Key Stakeholder Comms,No,No,,<email-927.202308061715@cascadetimber.com>,Custodians/A_Patel/EMAIL-927_Provision_memo_Larsen.eml
EMAIL-928,Derek Holt,06/28/2023,15:15:00 PDT,Craig Sato <csato@cascadetimber.com>,Owen Larsen <olarsen@larsentaxadvisory.com>,,Tax position note — Larsen (early planning),Routine,No,No,,<email-928.202306281515@cascadetimber.com>,Custodians/Derek_Holt/EMAIL-928_Tax_position_note_Larsen_early_planning.eml
EMAIL-929,A Patel,05/24/2023,08:00:00 PDT,Sarah Nguyen <snguyen@cascadetimber.com>,Owen Larsen <olarsen@larsentaxadvisory.com>,,Spot-check calendar entry (no workpaper),Routine,No,No,,<email-929.202305240800@cascadetimber.com>,Custodians/A_Patel/EMAIL-929_Spot_check_calendar_entry_no_workpaper.eml
EMAIL-930,Tom Reyes,06/05/2023,13:35:00 PDT,Craig Sato <csato@cascadetimber.com>,Sarah Nguyen <snguyen@cascadetimber.com>,,Compliance action log — framework follow-up,Routine,No,No,,<email-930.202306051335@cascadetimber.com>,Custodians/Tom_Reyes/EMAIL-930_Compliance_action_log_framework_follow_up.eml
EMAIL-931,HR,04/06/2022,11:15:00 PDT,Owen Larsen <olarsen@larsentaxadvisory.com>,Craig Sato <csato@cascadetimber.com>,,Tax position note — Larsen (early planning),Routine,No,No,,<email-931.202204061115@larsentaxadvisory.com>,Custodians/HR/EMAIL-931_Tax_position_note_Larsen_early_planning.eml
EMAIL-932,Tom Reyes,08/11/2023,10:55:00 PDT,Brenda Moss <bmoss@mosslane-cpa.com>,Sarah Nguyen <snguyen@cascadetimber.com>,,Remediation workplan — 203 follow-up,Routine,No,No,,<email-932.202308111055@mosslane-cpa.com>,Custodians/Tom_Reyes/EMAIL-932_Remediation_workplan_203_follow_up.eml
EMAIL-933,Alan Brooks,06/09/2023,19:20:00 PDT,Craig Sato <csato@cascadetimber.com>,Brenda Moss <bmoss@mosslane-cpa.com>,,"Exposure scoping note (preliminary, no reserve)",Routine,No,No,,<email-933.202306091920@cascadetimber.com>,Custodians/Alan_Brooks/EMAIL-933_Exposure_scoping_note_preliminary_no_reserve.eml
EMAIL-934,A Patel,03/08/2023,11:05:00 PDT,Elena Marlowe <emarlowe@cascadetimber.com>,Owen Larsen <olarsen@larsentaxadvisory.com>,,Spot-check calendar entry (no workpaper),Routine,No,No,,<email-934.202303081105@cascadetimber.com>,Custodians/A_Patel/EMAIL-934_Spot_check_calendar_entry_no_workpaper.eml
EMAIL-935,Nina Alvarez,11/05/2022,08:55:00 PST,Elena Marlowe <emarlowe@cascadetimber.com>,Brenda Moss <bmoss@mosslane-cpa.com>,,Close file — Q4-2022,Routine,No,No,,<email-935.202211050855@cascadetimber.com>,Custodians/Nina_Alvarez/EMAIL-935_Close_file_Q4_2022.eml
EMAIL-936,John Ellery,08/20/2023,11:05:00 PDT,Craig Sato <csato@cascadetimber.com>,Brenda Moss <bmoss@mosslane-cpa.com>,,Remediation workplan — 203 follow-up,Routine,No,No,,<email-936.202308201105@cascadetimber.com>,Custodians/John_Ellery/EMAIL-936_Remediation_workplan_203_follow_up.eml
EMAIL-937,Grace Lin,07/14/2022,16:45:00 PDT,Sarah Nguyen <snguyen@cascadetimber.com>,Owen Larsen <olarsen@larsentaxadvisory.com>,,Tax position note — Larsen (early planning),Routine,No,No,,<email-937.202207141645@cascadetimber.com>,Custodians/Grace_Lin/EMAIL-937_Tax_position_note_Larsen_early_planning.eml
EMAIL-938,Craig Sato,04/09/2023,09:40:00 PDT,Craig Sato <csato@cascadetimber.com>,Brenda Moss <bmoss@mosslane-cpa.com>,Elena Marlowe <emarlowe@cascadetimber.com>,Spot-check calendar entry (no workpaper),Routine,No,No,,<email-938.202304090940@cascadetimber.com>,Custodians/Craig_Sato/EMAIL-938_Spot_check_calendar_entry_no_workpaper.eml
EMAIL-939,Human Resources,08/06/2023,15:55:00 PDT,Craig Sato <csato@cascadetimber.com>,Brenda Moss <bmoss@mosslane-cpa.com>,,Close file — Q2-2023,Routine,No,No,,<email-939.202308061555@cascadetimber.com>,Custodians/Human_Resources/EMAIL-939_Close_file_Q2_2023.eml
EMAIL-940,Human Resources,12/02/2022,09:20:00 PST,Owen Larsen <olarsen@larsentaxadvisory.com>,T Kim <tkim@mosslane-cpa.com>,,"Exposure scoping note (preliminary, no reserve)",Routine,No,No,,<email-940.202212020920@larsentaxadvisory.com>,Custodians/Human_Resources/EMAIL-940_Exposure_scoping_note_preliminary_no_reserve.eml
EMAIL-941,Derek Holt,01/11/2023,09:00:00 PST,Owen Larsen <olarsen@larsentaxadvisory.com>,Elena Marlowe <emarlowe@cascadetimber.com>,,Tax position note — Larsen (early planning),Routine,No,No,,<email-941.202301110900@larsentaxadvisory.com>,Custodians/Derek_Holt/EMAIL-941_Tax_position_note_Larsen_early_planning.eml
EMAIL-942,A Patel,11/07/2023,09:25:00 PST,Robert Denniston <rdenniston@cascadetimber.com>,Brenda Moss <bmoss@mosslane-cpa.com>,,Quarterly pack — compliance section (no entries),Routine,No,No,qpack_compliance.txt,<email-942.202311070925@cascadetimber.com>,Custodians/A_Patel/EMAIL-942_Quarterly_pack_compliance_section_no_entries.eml
EMAIL-943,IT Notifications,07/26/2023,10:25:00 PDT,Craig Sato <csato@cascadetimber.com>,Sarah Nguyen <snguyen@cascadetimber.com>,,Close file — Q2-2023,Routine,No,No,,<email-943.202307261025@cascadetimber.com>,Custodians/IT_Notifications/EMAIL-943_Close_file_Q2_2023.eml
EMAIL-944,Brenda Moss,03/12/2023,13:35:00 PDT,Brenda Moss <bmoss@mosslane-cpa.com>,Robert Denniston <rdenniston@cascadetimber.com>,,Tax position note — Larsen (early planning),Routine,No,No,,<email-944.202303121335@mosslane-cpa.com>,Custodians/Brenda_Moss/EMAIL-944_Tax_position_note_Larsen_early_planning.eml
EMAIL-945,Sarah Nguyen,04/09/2023,08:00:00 PDT,Sarah Nguyen <snguyen@cascadetimber.com>,T Kim <tkim@mosslane-cpa.com>,,Tax position note — Larsen (early planning),Routine,No,No,,<email-945.202304090800@cascadetimber.com>,Custodians/Sarah_Nguyen/EMAIL-945_Tax_position_note_Larsen_early_planning.eml
EMAIL-946,HR,07/22/2023,09:05:00 PDT,Brenda Moss <bmoss@mosslane-cpa.com>,Robert Denniston <rdenniston@cascadetimber.com>,,Close file — Q1-2023,Routine,No,No,,<email-946.202307220905@mosslane-cpa.com>,Custodians/HR/EMAIL-946_Close_file_Q1_2023.eml
EMAIL-947,Dan Osei,06/14/2023,09:55:00 PDT,T Kim <tkim@mosslane-cpa.com>,Brenda Moss <bmoss@mosslane-cpa.com>,,Compliance action log — framework follow-up,Routine,No,No,,<email-947.202306140955@mosslane-cpa.com>,Custodians/Dan_Osei/EMAIL-947_Compliance_action_log_framework_follow_up.eml
EMAIL-948,Craig Sato,05/18/2022,17:00:00 PDT,Craig Sato <csato@cascadetimber.com>,T Kim <tkim@mosslane-cpa.com>,,Spot-check calendar entry (no workpaper),Routine,No,No,,<email-948.202205181700@cascadetimber.com>,Custodians/Craig_Sato/EMAIL-948_Spot_check_calendar_entry_no_workpaper.eml
EMAIL-949,Elena Marlowe,08/27/2023,09:10:00 PDT,Robert Denniston <rdenniston@cascadetimber.com>,Owen Larsen <olarsen@larsentaxadvisory.com>,,Provision memo — Larsen,Routine,No,No,,<email-949.202308270910@cascadetimber.com>,Custodians/Elena_Marlowe/EMAIL-949_Provision_memo_Larsen.eml
EMAIL-950,Hannah Cole,12/02/2023,14:05:00 PST,Robert Denniston <rdenniston@cascadetimber.com>,Sarah Nguyen <snguyen@cascadetimber.com>,,Close file — Q4-2023 (prep),Routine,No,No,,<email-950.202312021405@cascadetimber.com>,Custodians/Hannah_Cole/EMAIL-950_Close_file_Q4_2023_prep.eml
EMAIL-951,Elena Marlowe,11/08/2022,14:50:00 PST,Owen Larsen <olarsen@larsentaxadvisory.com>,Elena Marlowe <emarlowe@cascadetimber.com>,,Quarterly pack — compliance section (no entries),Routine,No,No,qpack_compliance.txt,<email-951.202211081450@larsentaxadvisory.com>,Custodians/Elena_Marlowe/EMAIL-951_Quarterly_pack_compliance_section_no_entries.eml
EMAIL-952,Dana Whitaker,07/31/2022,14:30:00 PDT,Elena Marlowe <emarlowe@cascadetimber.com>,Craig Sato <csato@cascadetimber.com>,Robert Denniston <rdenniston@cascadetimber.com>,Tax position note — Larsen (early planning),Routine,No,No,,<email-952.202207311430@cascadetimber.com>,Custodians/Dana_Whitaker/EMAIL-952_Tax_position_note_Larsen_early_planning.eml
EMAIL-953,Hannah Cole,03/02/2022,09:05:00 PDT,Robert Denniston <rdenniston@cascadetimber.com>,Brenda Moss <bmoss@mosslane-cpa.com>,,Tax position note — Larsen (early planning),Routine,No,No,,<email-953.202203020905@cascadetimber.com>,Custodians/Hannah_Cole/EMAIL-953_Tax_position_note_Larsen_early_planning.eml
EMAIL-954,Brenda Moss,09/29/2023,15:55:00 PDT,Robert Denniston <rdenniston@cascadetimber.com>,T Kim <tkim@mosslane-cpa.com>,,Quarterly pack — compliance section (no entries),Routine,No,No,qpack_compliance.txt,<email-954.202309291555@cascadetimber.com>,Custodians/Brenda_Moss/EMAIL-954_Quarterly_pack_compliance_section_no_entries.eml
EMAIL-955,Alan Brooks,10/24/2023,09:40:00 PDT,Owen Larsen <olarsen@larsentaxadvisory.com>,Robert Denniston <rdenniston@cascadetimber.com>,Brenda Moss <bmoss@mosslane-cpa.com>,Provision memo — Larsen,Routine,No,No,,<email-955.202310240940@larsentaxadvisory.com>,Custodians/Alan_Brooks/EMAIL-955_Provision_memo_Larsen.eml
EMAIL-956,Jay Whitfield,06/17/2022,15:35:00 PDT,Craig Sato <csato@cascadetimber.com>,T Kim <tkim@mosslane-cpa.com>,,Close file — Q2-2022,Routine,No,No,,<email-956.202206171535@cascadetimber.com>,Custodians/Jay_Whitfield/EMAIL-956_Close_file_Q2_2022.eml
EMAIL-957,Frank Delgado,03/05/2023,10:10:00 PDT,Robert Denniston <rdenniston@cascadetimber.com>,Craig Sato <csato@cascadetimber.com>,,Compliance action log — framework follow-up,Routine,No,No,,<email-957.202303051010@cascadetimber.com>,Custodians/Frank_Delgado/EMAIL-957_Compliance_action_log_framework_follow_up.eml
EMAIL-958,Elena Marlowe,11/16/2022,11:10:00 PST,Brenda Moss <bmoss@mosslane-cpa.com>,Owen Larsen <olarsen@larsentaxadvisory.com>,,Compliance action log — framework follow-up,Routine,No,No,,<email-958.202211161110@mosslane-cpa.com>,Custodians/Elena_Marlowe/EMAIL-958_Compliance_action_log_framework_follow_up.eml
EMAIL-959,Dana Whitaker,12/02/2023,19:50:00 PST,Elena Marlowe <emarlowe@cascadetimber.com>,Craig Sato <csato@cascadetimber.com>,,Close file — Q4-2023,Routine,No,No,,<email-959.202312021950@cascadetimber.com>,Custodians/Dana_Whitaker/EMAIL-959_Close_file_Q4_2023.eml
EMAIL-960,Dan Osei,07/20/2023,16:30:00 PDT,Brenda Moss <bmoss@mosslane-cpa.com>,Owen Larsen <olarsen@larsentaxadvisory.com>,,Spot-check calendar entry (no workpaper),Routine,No,No,,<email-960.202307201630@mosslane-cpa.com>,Custodians/Dan_Osei/EMAIL-960_Spot_check_calendar_entry_no_workpaper.eml
EMAIL-961,Brenda Moss,12/18/2022,13:40:00 PST,Craig Sato <csato@cascadetimber.com>,Brenda Moss <bmoss@mosslane-cpa.com>,,Close file — Q4-2022,Routine,No,No,,<email-961.202212181340@cascadetimber.com>,Custodians/Brenda_Moss/EMAIL-961_Close_file_Q4_2022.eml
EMAIL-962,Brenda Moss,04/05/2022,10:10:00 PDT,Elena Marlowe <emarlowe@cascadetimber.com>,Craig Sato <csato@cascadetimber.com>,T Kim <tkim@mosslane-cpa.com>,Tax position note — Larsen (early planning),Routine,No,No,,<email-962.202204051010@cascadetimber.com>,Custodians/Brenda_Moss/EMAIL-962_Tax_position_note_Larsen_early_planning.eml
EMAIL-963,Human Resources,08/12/2023,11:05:00 PDT,T Kim <tkim@mosslane-cpa.com>,Robert Denniston <rdenniston@cascadetimber.com>,,Remediation workplan — 203 follow-up,Routine,No,No,,<email-963.202308121105@mosslane-cpa.com>,Custodians/Human_Resources/EMAIL-963_Remediation_workplan_203_follow_up.eml
EMAIL-964,Derek Holt,08/26/2023,13:45:00 PDT,Owen Larsen <olarsen@larsentaxadvisory.com>,Craig Sato <csato@cascadetimber.com>,,Quarterly pack — compliance section (no entries),Routine,No,No,qpack_compliance.txt,<email-964.202308261345@larsentaxadvisory.com>,Custodians/Derek_Holt/EMAIL-964_Quarterly_pack_compliance_section_no_entries.eml
EMAIL-965,HR,01/29/2022,10:10:00 PST,Robert Denniston <rdenniston@cascadetimber.com>,Sarah Nguyen <snguyen@cascadetimber.com>,,Compliance action log — framework follow-up,Routine,No,No,,<email-965.202201291010@cascadetimber.com>,Custodians/HR/EMAIL-965_Compliance_action_log_framework_follow_up.eml
EMAIL-966,Dan Osei,06/21/2023,10:55:00 PDT,T Kim <tkim@mosslane-cpa.com>,Robert Denniston <rdenniston@cascadetimber.com>,,Tax position note — Larsen (early planning),Routine,No,No,,<email-966.202306211055@mosslane-cpa.com>,Custodians/Dan_Osei/EMAIL-966_Tax_position_note_Larsen_early_planning.eml
EMAIL-967,John Ellery,05/31/2022,14:50:00 PDT,Owen Larsen <olarsen@larsentaxadvisory.com>,Sarah Nguyen <snguyen@cascadetimber.com>,,"Exposure scoping note (preliminary, no reserve)",Routine,No,No,,<email-967.202205311450@larsentaxadvisory.com>,Custodians/John_Ellery/EMAIL-967_Exposure_scoping_note_preliminary_no_reserve.eml
EMAIL-968,Craig Sato,03/27/2022,08:05:00 PDT,Sarah Nguyen <snguyen@cascadetimber.com>,Elena Marlowe <emarlowe@cascadetimber.com>,Robert Denniston <rdenniston@cascadetimber.com>,Spot-check calendar entry (no workpaper),Routine,No,No,,<email-968.202203270805@cascadetimber.com>,Custodians/Craig_Sato/EMAIL-968_Spot_check_calendar_entry_no_workpaper.eml
EMAIL-969,Dan Osei,10/27/2022,09:15:00 PDT,Sarah Nguyen <snguyen@cascadetimber.com>,Brenda Moss <bmoss@mosslane-cpa.com>,,Close file — Q3-2022,Routine,No,No,,<email-969.202210270915@cascadetimber.com>,Custodians/Dan_Osei/EMAIL-969_Close_file_Q3_2022.eml
EMAIL-970,Frank Delgado,05/24/2022,10:40:00 PDT,Sarah Nguyen <snguyen@cascadetimber.com>,Elena Marlowe <emarlowe@cascadetimber.com>,,Quarterly pack — compliance section (no entries),Routine,No,No,qpack_compliance.txt,<email-970.202205241040@cascadetimber.com>,Custodians/Frank_Delgado/EMAIL-970_Quarterly_pack_compliance_section_no_entries.eml
EMAIL-971,IT Notifications,04/23/2022,13:05:00 PDT,Craig Sato <csato@cascadetimber.com>,Elena Marlowe <emarlowe@cascadetimber.com>,,Compliance action log — framework follow-up,Routine,No,No,,<email-971.202204231305@cascadetimber.com>,Custodians/IT_Notifications/EMAIL-971_Compliance_action_log_framework_follow_up.eml
EMAIL-972,John Ellery,08/27/2023,11:00:00 PDT,Craig Sato <csato@cascadetimber.com>,Elena Marlowe <emarlowe@cascadetimber.com>,,Quarterly pack — compliance section (no entries),Routine,No,No,qpack_compliance.txt,<email-972.202308271100@cascadetimber.com>,Custodians/John_Ellery/EMAIL-972_Quarterly_pack_compliance_section_no_entries.eml
EMAIL-973,John Ellery,01/01/2023,14:25:00 PST,Elena Marlowe <emarlowe@cascadetimber.com>,Sarah Nguyen <snguyen@cascadetimber.com>,,"Exposure scoping note (preliminary, no reserve)",Routine,No,No,,<email-973.202301011425@cascadetimber.com>,Custodians/John_Ellery/EMAIL-973_Exposure_scoping_note_preliminary_no_reserve.eml
EMAIL-974,Kevin Tran,03/17/2023,14:20:00 PDT,Elena Marlowe <emarlowe@cascadetimber.com>,Robert Denniston <rdenniston@cascadetimber.com>,,Tax position note — Larsen (early planning),Key Stakeholder Comms,No,No,,<email-974.202303171420@cascadetimber.com>,Custodians/Kevin_Tran/EMAIL-974_Tax_position_note_Larsen_early_planning.eml
EMAIL-975,Priya Shah,10/25/2023,11:10:00 PDT,Sarah Nguyen <snguyen@cascadetimber.com>,Craig Sato <csato@cascadetimber.com>,,Remediation workplan — 203 follow-up,Routine,No,No,,<email-975.202310251110@cascadetimber.com>,Custodians/Priya_Shah/EMAIL-975_Remediation_workplan_203_follow_up.eml
EMAIL-976,Frank Delgado,04/30/2023,16:35:00 PDT,Craig Sato <csato@cascadetimber.com>,Elena Marlowe <emarlowe@cascadetimber.com>,,Quarterly pack — compliance section (no entries),Routine,No,No,qpack_compliance.txt,<email-976.202304301635@cascadetimber.com>,Custodians/Frank_Delgado/EMAIL-976_Quarterly_pack_compliance_section_no_entries.eml
EMAIL-977,Grace Lin,04/07/2023,10:55:00 PDT,Sarah Nguyen <snguyen@cascadetimber.com>,Robert Denniston <rdenniston@cascadetimber.com>,,Quarterly pack — compliance section (no entries),Routine,No,No,qpack_compliance.txt,<email-977.202304071055@cascadetimber.com>,Custodians/Grace_Lin/EMAIL-977_Quarterly_pack_compliance_section_no_entries.eml
EMAIL-978,Sarah Nguyen,03/11/2023,10:30:00 PDT,Craig Sato <csato@cascadetimber.com>,Brenda Moss <bmoss@mosslane-cpa.com>,,Tax position note — Larsen (early planning),Routine,No,No,,<email-978.202303111030@cascadetimber.com>,Custodians/Sarah_Nguyen/EMAIL-978_Tax_position_note_Larsen_early_planning.eml
EMAIL-979,Jay Whitfield,10/09/2022,11:25:00 PDT,Robert Denniston <rdenniston@cascadetimber.com>,Brenda Moss <bmoss@mosslane-cpa.com>,,Compliance action log — framework follow-up,Routine,No,No,,<email-979.202210091125@cascadetimber.com>,Custodians/Jay_Whitfield/EMAIL-979_Compliance_action_log_framework_follow_up.eml
EMAIL-980,Dan Osei,10/11/2022,10:25:00 PDT,Elena Marlowe <emarlowe@cascadetimber.com>,Craig Sato <csato@cascadetimber.com>,,Spot-check calendar entry (no workpaper),Routine,No,No,,<email-980.202210111025@cascadetimber.com>,Custodians/Dan_Osei/EMAIL-980_Spot_check_calendar_entry_no_workpaper.eml
EMAIL-981,Wendy Park,05/02/2022,11:40:00 PDT,Sarah Nguyen <snguyen@cascadetimber.com>,T Kim <tkim@mosslane-cpa.com>,,Spot-check calendar entry (no workpaper),Routine,No,No,,<email-981.202205021140@cascadetimber.com>,Custodians/Wendy_Park/EMAIL-981_Spot_check_calendar_entry_no_workpaper.eml
EMAIL-982,Elena Marlowe,07/23/2022,11:40:00 PDT,Elena Marlowe <emarlowe@cascadetimber.com>,Robert Denniston <rdenniston@cascadetimber.com>,,Close file — Q3-2022 (prep),Key Stakeholder Comms,No,No,,<email-982.202207231140@cascadetimber.com>,Custodians/Elena_Marlowe/EMAIL-982_Close_file_Q3_2022_prep.eml
EMAIL-983,Tom Reyes,09/29/2023,13:20:00 PDT,Sarah Nguyen <snguyen@cascadetimber.com>,Elena Marlowe <emarlowe@cascadetimber.com>,,Spot-check calendar entry (no workpaper),Routine,No,No,,<email-983.202309291320@cascadetimber.com>,Custodians/Tom_Reyes/EMAIL-983_Spot_check_calendar_entry_no_workpaper.eml
EMAIL-984,Brenda Moss,07/19/2023,09:15:00 PDT,Sarah Nguyen <snguyen@cascadetimber.com>,Craig Sato <csato@cascadetimber.com>,,Tax position note — Larsen (exam planning),Routine,No,No,,<email-984.202307190915@cascadetimber.com>,Custodians/Brenda_Moss/EMAIL-984_Tax_position_note_Larsen_exam_planning.eml
EMAIL-985,Dan Osei,01/13/2023,14:10:00 PST,Craig Sato <csato@cascadetimber.com>,Robert Denniston <rdenniston@cascadetimber.com>,,"Exposure scoping note (preliminary, no reserve)",Routine,No,No,,<email-985.202301131410@cascadetimber.com>,Custodians/Dan_Osei/EMAIL-985_Exposure_scoping_note_preliminary_no_reserve.eml
EMAIL-986,Kevin Tran,08/21/2022,13:15:00 PDT,Robert Denniston <rdenniston@cascadetimber.com>,Brenda Moss <bmoss@mosslane-cpa.com>,,Close file — Q1-2022,Routine,No,No,,<email-986.202208211315@cascadetimber.com>,Custodians/Kevin_Tran/EMAIL-986_Close_file_Q1_2022.eml
EMAIL-987,HR,05/03/2023,13:25:00 PDT,Owen Larsen <olarsen@larsentaxadvisory.com>,Robert Denniston <rdenniston@cascadetimber.com>,,Close file — Q1-2023,Routine,No,No,,<email-987.202305031325@larsentaxadvisory.com>,Custodians/HR/EMAIL-987_Close_file_Q1_2023.eml
EMAIL-988,Marcus Webb,08/31/2023,10:50:00 PDT,Owen Larsen <olarsen@larsentaxadvisory.com>,Sarah Nguyen <snguyen@cascadetimber.com>,,Spot-check calendar entry (no workpaper),Routine,No,No,,<email-988.202308311050@larsentaxadvisory.com>,Custodians/Marcus_Webb/EMAIL-988_Spot_check_calendar_entry_no_workpaper.eml
EMAIL-989,Derek Holt,02/20/2022,09:50:00 PST,Sarah Nguyen <snguyen@cascadetimber.com>,Owen Larsen <olarsen@larsentaxadvisory.com>,,Close file — Q4-2023,Routine,No,No,,<email-989.202202200950@cascadetimber.com>,Custodians/Derek_Holt/EMAIL-989_Close_file_Q4_2023.eml
EMAIL-990,Human Resources,08/04/2023,09:15:00 PDT,T Kim <tkim@mosslane-cpa.com>,Brenda Moss <bmoss@mosslane-cpa.com>,,Close file — Q2-2023,Routine,No,No,,<email-990.202308040915@mosslane-cpa.com>,Custodians/Human_Resources/EMAIL-990_Close_file_Q2_2023.eml
EMAIL-991,Priya Shah,09/03/2022,10:00:00 PDT,Sarah Nguyen <snguyen@cascadetimber.com>,Craig Sato <csato@cascadetimber.com>,,Quarterly pack — compliance section (no entries),Routine,No,No,qpack_compliance.txt,<email-991.202209031000@cascadetimber.com>,Custodians/Priya_Shah/EMAIL-991_Quarterly_pack_compliance_section_no_entries.eml
EMAIL-992,Mia Chen,11/07/2022,13:25:00 PST,T Kim <tkim@mosslane-cpa.com>,Owen Larsen <olarsen@larsentaxadvisory.com>,Robert Denniston <rdenniston@cascadetimber.com>,Tax position note — Larsen (early planning),Routine,No,No,,<email-992.202211071325@mosslane-cpa.com>,Custodians/Mia_Chen/EMAIL-992_Tax_position_note_Larsen_early_planning.eml
EMAIL-993,Jay Whitfield,07/07/2023,08:05:00 PDT,Elena Marlowe <emarlowe@cascadetimber.com>,Brenda Moss <bmoss@mosslane-cpa.com>,,Tax position note — Larsen (exam planning),Routine,No,No,,<email-993.202307070805@cascadetimber.com>,Custodians/Jay_Whitfield/EMAIL-993_Tax_position_note_Larsen_exam_planning.eml
EMAIL-994,Mia Chen,12/15/2023,16:45:00 PST,Owen Larsen <olarsen@larsentaxadvisory.com>,Craig Sato <csato@cascadetimber.com>,,Reserve analysis — scenario,Routine,No,No,,<email-994.202312151645@larsentaxadvisory.com>,Custodians/Mia_Chen/EMAIL-994_Reserve_analysis_scenario.eml
EMAIL-995,Jay Whitfield,03/12/2023,09:20:00 PDT,Sarah Nguyen <snguyen@cascadetimber.com>,Elena Marlowe <emarlowe@cascadetimber.com>,,Tax position note — Larsen (early planning),Routine,No,No,,<email-995.202303120920@cascadetimber.com>,Custodians/Jay_Whitfield/EMAIL-995_Tax_position_note_Larsen_early_planning.eml
EMAIL-996,Marcus Webb,07/01/2022,11:50:00 PDT,Robert Denniston <rdenniston@cascadetimber.com>,Owen Larsen <olarsen@larsentaxadvisory.com>,,Tax position note — Larsen (early planning),Routine,No,No,,<email-996.202207011150@cascadetimber.com>,Custodians/Marcus_Webb/EMAIL-996_Tax_position_note_Larsen_early_planning.eml
EMAIL-997,Facilities,05/07/2023,14:00:00 PDT,Sarah Nguyen <snguyen@cascadetimber.com>,Robert Denniston <rdenniston@cascadetimber.com>,,Tax position note — Larsen (early planning),Routine,No,No,,<email-997.202305071400@cascadetimber.com>,Custodians/Facilities/EMAIL-997_Tax_position_note_Larsen_early_planning.eml
EMAIL-998,Brenda Moss,09/14/2023,10:10:00 PDT,Brenda Moss <bmoss@mosslane-cpa.com>,Robert Denniston <rdenniston@cascadetimber.com>,,Provision memo — Larsen,Routine,No,No,,<email-998.202309141010@mosslane-cpa.com>,Custodians/Brenda_Moss/EMAIL-998_Provision_memo_Larsen.eml
EMAIL-999,Elena Marlowe,12/12/2022,10:35:00 PST,Brenda Moss <bmoss@mosslane-cpa.com>,Craig Sato <csato@cascadetimber.com>,,Tax position note — Larsen (early planning),Routine,No,No,,<email-999.202212121035@mosslane-cpa.com>,Custodians/Elena_Marlowe/EMAIL-999_Tax_position_note_Larsen_early_planning.eml
EMAIL-1000,John Ellery,10/08/2022,13:55:00 PDT,Robert Denniston <rdenniston@cascadetimber.com>,Craig Sato <csato@cascadetimber.com>,,Close file — Q3-2022,Routine,No,No,,<email-1000.202210081355@cascadetimber.com>,Custodians/John_Ellery/EMAIL-1000_Close_file_Q3_2022.eml
EMAIL-1001,HR,09/06/2022,14:40:00 PDT,Robert Denniston <rdenniston@cascadetimber.com>,Elena Marlowe <emarlowe@cascadetimber.com>,,Spot-check calendar entry (no workpaper),Key Stakeholder Comms,No,No,,<email-1001.202209061440@cascadetimber.com>,Custodians/HR/EMAIL-1001_Spot_check_calendar_entry_no_workpaper.eml
EMAIL-1002,Priya Shah,06/05/2022,14:45:00 PDT,Sarah Nguyen <snguyen@cascadetimber.com>,Brenda Moss <bmoss@mosslane-cpa.com>,,"Exposure scoping note (preliminary, no reserve)",Routine,No,No,,<email-1002.202206051445@cascadetimber.com>,Custodians/Priya_Shah/EMAIL-1002_Exposure_scoping_note_preliminary_no_reserve.eml
EMAIL-1003,Kevin Tran,06/10/2022,13:10:00 PDT,Owen Larsen <olarsen@larsentaxadvisory.com>,Brenda Moss <bmoss@mosslane-cpa.com>,,Quarterly pack — compliance section (no entries),Routine,No,No,qpack_compliance.txt,<email-1003.202206101310@larsentaxadvisory.com>,Custodians/Kevin_Tran/EMAIL-1003_Quarterly_pack_compliance_section_no_entries.eml
EMAIL-1004,Derek Holt,08/04/2022,13:40:00 PDT,Owen Larsen <olarsen@larsentaxadvisory.com>,Sarah Nguyen <snguyen@cascadetimber.com>,Craig Sato <csato@cascadetimber.com>,Compliance action log — framework follow-up,Routine,No,No,,<email-1004.202208041340@larsentaxadvisory.com>,Custodians/Derek_Holt/EMAIL-1004_Compliance_action_log_framework_follow_up.eml
EMAIL-1005,IT Notifications,10/15/2022,16:00:00 PDT,Craig Sato <csato@cascadetimber.com>,Robert Denniston <rdenniston@cascadetimber.com>,,Close file — Q3-2022,Routine,No,No,,<email-1005.202210151600@cascadetimber.com>,Custodians/IT_Notifications/EMAIL-1005_Close_file_Q3_2022.eml
EMAIL-1006,Elena Marlowe,03/09/2023,16:15:00 PDT,Craig Sato <csato@cascadetimber.com>,Sarah Nguyen <snguyen@cascadetimber.com>,,Quarterly pack — compliance section (no entries),Routine,No,No,qpack_compliance.txt,<email-1006.202303091615@cascadetimber.com>,Custodians/Elena_Marlowe/EMAIL-1006_Quarterly_pack_compliance_section_no_entries.eml
EMAIL-1007,Kevin Tran,05/04/2023,09:40:00 PDT,Sarah Nguyen <snguyen@cascadetimber.com>,Craig Sato <csato@cascadetimber.com>,,Spot-check calendar entry (no workpaper),Routine,No,No,,<email-1007.202305040940@cascadetimber.com>,Custodians/Kevin_Tran/EMAIL-1007_Spot_check_calendar_entry_no_workpaper.eml
EMAIL-1008,Facilities,06/27/2023,09:45:00 PDT,Craig Sato <csato@cascadetimber.com>,Owen Larsen <olarsen@larsentaxadvisory.com>,,Quarterly pack — compliance section (no entries),Routine,No,No,qpack_compliance.txt,<email-1008.202306270945@cascadetimber.com>,Custodians/Facilities/EMAIL-1008_Quarterly_pack_compliance_section_no_entries.eml
EMAIL-1009,Elena Marlowe,05/14/2023,11:05:00 PDT,T Kim <tkim@mosslane-cpa.com>,Brenda Moss <bmoss@mosslane-cpa.com>,,"Exposure scoping note (preliminary, no reserve)",Routine,No,No,,<email-1009.202305141105@mosslane-cpa.com>,Custodians/Elena_Marlowe/EMAIL-1009_Exposure_scoping_note_preliminary_no_reserve.eml
EMAIL-1010,Alan Brooks,01/06/2023,09:40:00 PST,Elena Marlowe <emarlowe@cascadetimber.com>,T Kim <tkim@mosslane-cpa.com>,Sarah Nguyen <snguyen@cascadetimber.com>,Tax position note — Larsen (early planning),Routine,No,No,,<email-1010.202301060940@cascadetimber.com>,Custodians/Alan_Brooks/EMAIL-1010_Tax_position_note_Larsen_early_planning.eml
EMAIL-1011,Dana Whitaker,11/18/2023,09:35:00 PST,Grace Lin <glin@llassociates.com>,Sarah Nguyen <snguyen@cascadetimber.com>,,Complainant counsel correspondence (minimal),Not Responsive,Yes,No,,<email-1011.202311180935@llassociates.com>,Custodians/Dana_Whitaker/EMAIL-1011_Complainant_counsel_correspondence_minimal.eml
EMAIL-1012,Sarah Nguyen,03/26/2023,08:15:00 PDT,Grace Lin <glin@llassociates.com>,Alan Brooks <abrooks@llassociates.com>,,Intake notes — call (no ID conclusion),Not Responsive,Yes,No,,<email-1012.202303260815@llassociates.com>,Custodians/Sarah_Nguyen/EMAIL-1012_Intake_notes_call_no_ID_conclusion.eml
EMAIL-1013,Marcus Webb,06/04/2023,15:30:00 PDT,Alan Brooks <abrooks@llassociates.com>,Sarah Nguyen <snguyen@cascadetimber.com>,,Complainant counsel correspondence (minimal),Not Responsive,Yes,No,,<email-1013.202306041530@llassociates.com>,Custodians/Marcus_Webb/EMAIL-1013_Complainant_counsel_correspondence_minimal.eml
EMAIL-1014,Wendy Park,11/24/2023,08:25:00 PST,John Ellery <jellery@cascadetimber.com>,Sarah Nguyen <snguyen@cascadetimber.com>,,Intake notes — call (no ID conclusion),Not Responsive,Yes,No,,<email-1014.202311240825@cascadetimber.com>,Custodians/Wendy_Park/EMAIL-1014_Intake_notes_call_no_ID_conclusion.eml
EMAIL-1015,Mia Chen,04/11/2023,11:30:00 PDT,Grace Lin <glin@llassociates.com>,Sarah Nguyen <snguyen@cascadetimber.com>,,File-access log — parcel files (multi-candidate),Privileged Work Product,Yes,No,file_access_log.csv,<email-1015.202304111130@llassociates.com>,Custodians/Mia_Chen/EMAIL-1015_File_access_log_parcel_files_multi_candidate.eml
EMAIL-1016,Alan Brooks,08/03/2023,09:20:00 PDT,John Ellery <jellery@cascadetimber.com>,Alan Brooks <abrooks@llassociates.com>,,Pool analysis — work product (3 live; retaliation flag),Not Responsive,Yes,No,,<email-1016.202308030920@cascadetimber.com>,Custodians/Alan_Brooks/EMAIL-1016_Pool_analysis_work_product_3_live_retaliation_flag.eml
EMAIL-1017,Derek Holt,02/23/2023,10:55:00 PST,John Ellery <jellery@cascadetimber.com>,Sarah Nguyen <snguyen@cascadetimber.com>,,Review interview planning — witness scheduling (internal),Privileged Legal Advice,Yes,No,,<email-1017.202302231055@cascadetimber.com>,Custodians/Derek_Holt/EMAIL-1017_Review_interview_planning_witness_scheduling_internal.eml
EMAIL-1018,Derek Holt,03/30/2023,15:35:00 PDT,John Ellery <jellery@cascadetimber.com>,Grace Lin <glin@llassociates.com>,,Complainant counsel correspondence (minimal),Not Responsive,Yes,No,,<email-1018.202303301535@cascadetimber.com>,Custodians/Derek_Holt/EMAIL-1018_Complainant_counsel_correspondence_minimal.eml
EMAIL-1019,Dana Whitaker,10/26/2023,10:25:00 PDT,John Ellery <jellery@cascadetimber.com>,Alan Brooks <abrooks@llassociates.com>,,Mar-10 interview record,Privileged Work Product,Yes,No,,<email-1019.202310261025@cascadetimber.com>,Custodians/Dana_Whitaker/EMAIL-1019_Mar_10_interview_record.eml
EMAIL-1020,Robert Denniston,04/07/2023,10:05:00 PDT,Alan Brooks <abrooks@llassociates.com>,John Ellery <jellery@cascadetimber.com>,,Witness background note — parcel-file access (no conclusions),Not Responsive,Yes,No,,<email-1020.202304071005@llassociates.com>,Custodians/Robert_Denniston/EMAIL-1020_Witness_background_note_parcel_file_access_no_conclusions.eml
EMAIL-1021,Tom Reyes,09/20/2023,09:50:00 PDT,John Ellery <jellery@cascadetimber.com>,Grace Lin <glin@llassociates.com>,,Complainant counsel correspondence (minimal),Not Responsive,Yes,No,,<email-1021.202309200950@cascadetimber.com>,Custodians/Tom_Reyes/EMAIL-1021_Complainant_counsel_correspondence_minimal.eml
EMAIL-1022,Priya Shah,11/05/2023,09:40:00 PST,John Ellery <jellery@cascadetimber.com>,Alan Brooks <abrooks@llassociates.com>,,Pool analysis — work product (3 live; retaliation flag),Not Responsive,Yes,No,,<email-1022.202311050940@cascadetimber.com>,Custodians/Priya_Shah/EMAIL-1022_Pool_analysis_work_product_3_live_retaliation_flag.eml
EMAIL-1023,Robert Denniston,09/14/2023,13:55:00 PDT,Grace Lin <glin@llassociates.com>,Alan Brooks <abrooks@llassociates.com>,,File-access log — parcel files (multi-candidate),Privileged Work Product,Yes,No,file_access_log.csv,<email-1023.202309141355@llassociates.com>,Custodians/Robert_Denniston/EMAIL-1023_File_access_log_parcel_files_multi_candidate.eml
EMAIL-1024,A Patel,04/23/2023,09:05:00 PDT,Grace Lin <glin@llassociates.com>,Alan Brooks <abrooks@llassociates.com>,Sarah Nguyen <snguyen@cascadetimber.com>,File-access log — parcel files (multi-candidate),Privileged Work Product,Yes,No,file_access_log.csv,<email-1024.202304230905@llassociates.com>,Custodians/A_Patel/EMAIL-1024_File_access_log_parcel_files_multi_candidate.eml
EMAIL-1025,Facilities,08/12/2023,11:50:00 PDT,Sarah Nguyen <snguyen@cascadetimber.com>,John Ellery <jellery@cascadetimber.com>,,Intake notes — call (no ID conclusion),Not Responsive,Yes,No,,<email-1025.202308121150@cascadetimber.com>,Custodians/Facilities/EMAIL-1025_Intake_notes_call_no_ID_conclusion.eml
EMAIL-1026,Frank Delgado,09/19/2023,09:20:00 PDT,Grace Lin <glin@llassociates.com>,Sarah Nguyen <snguyen@cascadetimber.com>,,Pool analysis — work product (3 live; retaliation flag),Not Responsive,Yes,No,,<email-1026.202309190920@llassociates.com>,Custodians/Frank_Delgado/EMAIL-1026_Pool_analysis_work_product_3_live_retaliation_flag.eml
EMAIL-1027,Kevin Tran,11/20/2023,09:20:00 PST,Alan Brooks <abrooks@llassociates.com>,Grace Lin <glin@llassociates.com>,,Intake notes — call (no ID conclusion),Not Responsive,Yes,No,,<email-1027.202311200920@llassociates.com>,Custodians/Kevin_Tran/EMAIL-1027_Intake_notes_call_no_ID_conclusion.eml
EMAIL-1028,A Patel,10/02/2023,09:15:00 PDT,Grace Lin <glin@llassociates.com>,Alan Brooks <abrooks@llassociates.com>,,Intake notes — call (no ID conclusion),Not Responsive,Yes,No,,<email-1028.202310020915@llassociates.com>,Custodians/A_Patel/EMAIL-1028_Intake_notes_call_no_ID_conclusion.eml
EMAIL-1029,Wendy Park,06/21/2023,16:25:00 PDT,Alan Brooks <abrooks@llassociates.com>,Grace Lin <glin@llassociates.com>,,Mar-10 interview record,Privileged Work Product,Yes,No,,<email-1029.202306211625@llassociates.com>,Custodians/Wendy_Park/EMAIL-1029_Mar_10_interview_record.eml
EMAIL-1030,John Ellery,04/15/2023,14:25:00 PDT,Alan Brooks <abrooks@llassociates.com>,Sarah Nguyen <snguyen@cascadetimber.com>,,File-access log — parcel files (multi-candidate),Privileged Work Product,Yes,No,file_access_log.csv,<email-1030.202304151425@llassociates.com>,Custodians/John_Ellery/EMAIL-1030_File_access_log_parcel_files_multi_candidate.eml
EMAIL-1031,John Ellery,10/30/2023,09:20:00 PDT,Alan Brooks <abrooks@llassociates.com>,Grace Lin <glin@llassociates.com>,,File-access log — parcel files (multi-candidate),Privileged Work Product,Yes,No,file_access_log.csv,<email-1031.202310300920@llassociates.com>,Custodians/John_Ellery/EMAIL-1031_File_access_log_parcel_files_multi_candidate.eml
EMAIL-1032,Marcus Webb,06/18/2023,09:45:00 PDT,Grace Lin <glin@llassociates.com>,John Ellery <jellery@cascadetimber.com>,,Complainant counsel correspondence (minimal),Not Responsive,Yes,No,,<email-1032.202306180945@llassociates.com>,Custodians/Marcus_Webb/EMAIL-1032_Complainant_counsel_correspondence_minimal.eml
EMAIL-1033,Hannah Cole,11/18/2023,09:10:00 PST,Grace Lin <glin@llassociates.com>,Alan Brooks <abrooks@llassociates.com>,,Complainant counsel correspondence (minimal),Not Responsive,Yes,No,,<email-1033.202311180910@llassociates.com>,Custodians/Hannah_Cole/EMAIL-1033_Complainant_counsel_correspondence_minimal.eml
EMAIL-1034,Craig Sato,11/14/2023,09:55:00 PST,Sarah Nguyen <snguyen@cascadetimber.com>,Alan Brooks <abrooks@llassociates.com>,,File-access log — parcel files (multi-candidate),Privileged Work Product,Yes,No,file_access_log.csv,<email-1034.202311140955@cascadetimber.com>,Custodians/Craig_Sato/EMAIL-1034_File_access_log_parcel_files_multi_candidate.eml
EMAIL-1035,Human Resources,09/23/2023,11:25:00 PDT,Alan Brooks <abrooks@llassociates.com>,Sarah Nguyen <snguyen@cascadetimber.com>,,Mar-10 interview record,Privileged Work Product,Yes,No,,<email-1035.202309231125@llassociates.com>,Custodians/Human_Resources/EMAIL-1035_Mar_10_interview_record.eml
EMAIL-1036,Tom Reyes,09/15/2023,13:10:00 PDT,Sarah Nguyen <snguyen@cascadetimber.com>,Alan Brooks <abrooks@llassociates.com>,,File-access log — parcel files (multi-candidate),Privileged Work Product,Yes,No,file_access_log.csv,<email-1036.202309151310@cascadetimber.com>,Custodians/Tom_Reyes/EMAIL-1036_File_access_log_parcel_files_multi_candidate.eml
EMAIL-1037,Elena Marlowe,09/12/2023,15:10:00 PDT,John Ellery <jellery@cascadetimber.com>,Sarah Nguyen <snguyen@cascadetimber.com>,,Complainant counsel correspondence (minimal),Not Responsive,Yes,No,,<email-1037.202309121510@cascadetimber.com>,Custodians/Elena_Marlowe/EMAIL-1037_Complainant_counsel_correspondence_minimal.eml
EMAIL-1038,John Ellery,11/14/2023,09:20:00 PST,Grace Lin <glin@llassociates.com>,Alan Brooks <abrooks@llassociates.com>,,Mar-10 interview record,Privileged Work Product,Yes,No,,<email-1038.202311140920@llassociates.com>,Custodians/John_Ellery/EMAIL-1038_Mar_10_interview_record.eml
EMAIL-1039,Alan Brooks,06/22/2023,11:05:00 PDT,John Ellery <jellery@cascadetimber.com>,Alan Brooks <abrooks@llassociates.com>,,Complainant counsel correspondence (minimal),Not Responsive,Yes,No,,<email-1039.202306221105@cascadetimber.com>,Custodians/Alan_Brooks/EMAIL-1039_Complainant_counsel_correspondence_minimal.eml
EMAIL-1040,Sarah Nguyen,05/25/2023,08:35:00 PDT,Grace Lin <glin@llassociates.com>,Sarah Nguyen <snguyen@cascadetimber.com>,,Witness background note — parcel-file access (no conclusions),Not Responsive,Yes,No,,<email-1040.202305250835@llassociates.com>,Custodians/Sarah_Nguyen/EMAIL-1040_Witness_background_note_parcel_file_access_no_conclusions.eml
EMAIL-1041,Mia Chen,10/04/2023,14:05:00 PDT,Alan Brooks <abrooks@llassociates.com>,Sarah Nguyen <snguyen@cascadetimber.com>,,Mar-10 interview record,Privileged Work Product,Yes,No,,<email-1041.202310041405@llassociates.com>,Custodians/Mia_Chen/EMAIL-1041_Mar_10_interview_record.eml
EMAIL-1042,Wendy Park,04/20/2023,14:10:00 PDT,Sarah Nguyen <snguyen@cascadetimber.com>,John Ellery <jellery@cascadetimber.com>,,Mar-10 interview record,Privileged Legal Advice,Yes,No,,<email-1042.202304201410@cascadetimber.com>,Custodians/Wendy_Park/EMAIL-1042_Mar_10_interview_record.eml
EMAIL-1043,Mia Chen,06/14/2023,09:00:00 PDT,Alan Brooks <abrooks@llassociates.com>,John Ellery <jellery@cascadetimber.com>,,File-access log — parcel files (multi-candidate),Privileged Work Product,Yes,No,file_access_log.csv,<email-1043.202306140900@llassociates.com>,Custodians/Mia_Chen/EMAIL-1043_File_access_log_parcel_files_multi_candidate.eml
EMAIL-1044,Robert Denniston,05/17/2023,08:10:00 PDT,Alan Brooks <abrooks@llassociates.com>,Grace Lin <glin@llassociates.com>,,Intake notes — call (no ID conclusion),Not Responsive,Yes,No,,<email-1044.202305170810@llassociates.com>,Custodians/Robert_Denniston/EMAIL-1044_Intake_notes_call_no_ID_conclusion.eml
EMAIL-1045,Tom Reyes,03/12/2023,09:15:00 PDT,Grace Lin <glin@llassociates.com>,John Ellery <jellery@cascadetimber.com>,Alan Brooks <abrooks@llassociates.com>,Complainant counsel correspondence (minimal),Not Responsive,Yes,No,,<email-1045.202303120915@llassociates.com>,Custodians/Tom_Reyes/EMAIL-1045_Complainant_counsel_correspondence_minimal.eml
EMAIL-1046,John Ellery,07/26/2023,09:25:00 PDT,Sarah Nguyen <snguyen@cascadetimber.com>,John Ellery <jellery@cascadetimber.com>,,Mar-10 interview record,Privileged Legal Advice,Yes,No,,<email-1046.202307260925@cascadetimber.com>,Custodians/John_Ellery/EMAIL-1046_Mar_10_interview_record.eml
EMAIL-1047,Derek Holt,07/09/2023,15:35:00 PDT,Alan Brooks <abrooks@llassociates.com>,John Ellery <jellery@cascadetimber.com>,,Witness background note — parcel-file access (no conclusions),Not Responsive,Yes,No,,<email-1047.202307091535@llassociates.com>,Custodians/Derek_Holt/EMAIL-1047_Witness_background_note_parcel_file_access_no_conclusions.eml
EMAIL-1048,Robert Denniston,07/14/2023,14:15:00 PDT,Sarah Nguyen <snguyen@cascadetimber.com>,Grace Lin <glin@llassociates.com>,,Mar-10 interview record,Privileged Work Product,Yes,No,,<email-1048.202307141415@cascadetimber.com>,Custodians/Robert_Denniston/EMAIL-1048_Mar_10_interview_record.eml
EMAIL-1049,Nina Alvarez,09/30/2023,08:25:00 PDT,Grace Lin <glin@llassociates.com>,Alan Brooks <abrooks@llassociates.com>,,Intake notes — call (no ID conclusion),Not Responsive,Yes,No,,<email-1049.202309300825@llassociates.com>,Custodians/Nina_Alvarez/EMAIL-1049_Intake_notes_call_no_ID_conclusion.eml
EMAIL-1050,Priya Shah,07/07/2023,16:55:00 PDT,Alan Brooks <abrooks@llassociates.com>,Grace Lin <glin@llassociates.com>,John Ellery <jellery@cascadetimber.com>,Witness background note — parcel-file access (no conclusions),Not Responsive,Yes,No,,<email-1050.202307071655@llassociates.com>,Custodians/Priya_Shah/EMAIL-1050_Witness_background_note_parcel_file_access_no_conclusions.eml
EMAIL-1051,John Ellery,11/27/2023,14:50:00 PST,Kevin Tran <kevin.tran@irs.gov>,John Ellery <jellery@cascadetimber.com>,,Privilege-log discussion — batch 5 (examination),Routine,No,No,,<email-1051.202311271450@irs.gov>,Custodians/John_Ellery/EMAIL-1051_Privilege_log_discussion_batch_5_examination.eml
EMAIL-1052,John Ellery,08/08/2023,11:45:00 PDT,Kevin Tran <kevin.tran@irs.gov>,John Ellery <jellery@cascadetimber.com>,,Production receipt — batch 1 (examination),Not Responsive,No,No,,<email-1052.202308081145@irs.gov>,Custodians/John_Ellery/EMAIL-1052_Production_receipt_batch_1_examination.eml
EMAIL-1053,Priya Shah,04/03/2023,16:25:00 PDT,Mia Chen <mchen@llassociates.com>,John Ellery <jellery@cascadetimber.com>,,Review collection cover (internal) — batch 4,Not Responsive,Yes,No,,<email-1053.202304031625@llassociates.com>,Custodians/Priya_Shah/EMAIL-1053_Review_collection_cover_internal_batch_4.eml
EMAIL-1054,Jay Whitfield,04/07/2023,13:10:00 PDT,John Ellery <jellery@cascadetimber.com>,Grace Lin <glin@llassociates.com>,,Collection scope note,Not Responsive,Yes,No,export_manifest.txt,<email-1054.202304071310@cascadetimber.com>,Custodians/Jay_Whitfield/EMAIL-1054_Collection_scope_note.eml
EMAIL-1055,Human Resources,09/29/2023,10:50:00 PDT,Wendy Park <wpark@cascadetimber.com>,Mia Chen <mchen@llassociates.com>,,Mailbox export — Robert Denniston,Not Responsive,Yes,No,export_manifest.txt,<email-1055.202309291050@cascadetimber.com>,Custodians/Human_Resources/EMAIL-1055_Mailbox_export_Robert_Denniston.eml
EMAIL-1056,Elena Marlowe,03/28/2023,13:15:00 PDT,Mia Chen <mchen@llassociates.com>,Dan Osei <dosei@cascadetimber.com>,,File coordination note — Bellhaven (routine) — Bellhaven (070 link),Privileged Work Product,Yes,No,,<email-1056.202303281315@llassociates.com>,Custodians/Elena_Marlowe/EMAIL-1056_File_coordination_note_Bellhaven_routine_Bellhaven_070_link.eml
EMAIL-1057,Dana Whitaker,03/26/2023,09:30:00 PDT,Wendy Park <wpark@cascadetimber.com>,Dan Osei <dosei@cascadetimber.com>,John Ellery <jellery@cascadetimber.com>,Collection acknowledgment — review (internal),Not Responsive,Yes,No,,<email-1057.202303260930@cascadetimber.com>,Custodians/Dana_Whitaker/EMAIL-1057_Collection_acknowledgment_review_internal.eml
EMAIL-1058,Priya Shah,11/19/2023,08:50:00 PST,Mia Chen <mchen@llassociates.com>,Wendy Park <wpark@cascadetimber.com>,,Privilege log entry — batch 6,Not Responsive,Yes,No,,<email-1058.202311190850@llassociates.com>,Custodians/Priya_Shah/EMAIL-1058_Privilege_log_entry_batch_6.eml
EMAIL-1059,Jay Whitfield,12/05/2023,19:25:00 PST,Mia Chen <mchen@llassociates.com>,John Ellery <jellery@cascadetimber.com>,Dan Osei <dosei@cascadetimber.com>,Hold attestation — Robert Denniston,Not Responsive,Yes,No,,<email-1059.202312051925@llassociates.com>,Custodians/Jay_Whitfield/EMAIL-1059_Hold_attestation_Robert_Denniston.eml
EMAIL-1060,Robert Denniston,05/05/2023,09:30:00 PDT,Alan Brooks <abrooks@llassociates.com>,Grace Lin <glin@llassociates.com>,,Collection scope note,Not Responsive,Yes,No,export_manifest.txt,<email-1060.202305050930@llassociates.com>,Custodians/Robert_Denniston/EMAIL-1060_Collection_scope_note.eml
EMAIL-1061,A Patel,07/20/2023,09:25:00 PDT,Dan Osei <dosei@cascadetimber.com>,Grace Lin <glin@llassociates.com>,,Mailbox export — Brenda Moss,Not Responsive,Yes,No,export_manifest.txt,<email-1061.202307200925@cascadetimber.com>,Custodians/A_Patel/EMAIL-1061_Mailbox_export_Brenda_Moss.eml
EMAIL-1062,Nina Alvarez,08/04/2023,09:50:00 PDT,John Ellery <jellery@cascadetimber.com>,Dan Osei <dosei@cascadetimber.com>,Mia Chen <mchen@llassociates.com>,Mailbox export — Marcus Webb,Not Responsive,Yes,No,export_manifest.txt,<email-1062.202308040950@cascadetimber.com>,Custodians/Nina_Alvarez/EMAIL-1062_Mailbox_export_Marcus_Webb.eml
EMAIL-1063,Wendy Park,06/06/2023,14:35:00 PDT,Dan Osei <dosei@cascadetimber.com>,Mia Chen <mchen@llassociates.com>,,Collection scope note,Not Responsive,Yes,No,export_manifest.txt,<email-1063.202306061435@cascadetimber.com>,Custodians/Wendy_Park/EMAIL-1063_Collection_scope_note.eml
EMAIL-1064,Craig Sato,07/06/2023,08:10:00 PDT,Grace Lin <glin@llassociates.com>,Wendy Park <wpark@cascadetimber.com>,,Mailbox export — Frank Delgado,Not Responsive,Yes,No,export_manifest.txt,<email-1064.202307060810@llassociates.com>,Custodians/Craig_Sato/EMAIL-1064_Mailbox_export_Frank_Delgado.eml
EMAIL-1065,John Ellery,09/23/2023,15:50:00 PDT,Kevin Tran <kevin.tran@irs.gov>,John Ellery <jellery@cascadetimber.com>,,Examination status note — open items,Routine,No,No,,<email-1065.202309231550@irs.gov>,Custodians/John_Ellery/EMAIL-1065_Examination_status_note_open_items.eml
EMAIL-1066,Sarah Nguyen,11/09/2023,15:50:00 PST,Dan Osei <dosei@cascadetimber.com>,John Ellery <jellery@cascadetimber.com>,Grace Lin <glin@llassociates.com>,Third-party hold gap note — Bellhaven (070 link),Privileged Work Product,Yes,No,,<email-1066.202311091550@cascadetimber.com>,Custodians/Sarah_Nguyen/EMAIL-1066_Third_party_hold_gap_note_Bellhaven_070_link.eml
EMAIL-1067,Kevin Tran,08/22/2023,08:15:00 PDT,Alan Brooks <abrooks@llassociates.com>,Dan Osei <dosei@cascadetimber.com>,,Mailbox export — Frank Delgado,Not Responsive,Yes,No,export_manifest.txt,<email-1067.202308220815@llassociates.com>,Custodians/Kevin_Tran/EMAIL-1067_Mailbox_export_Frank_Delgado.eml
EMAIL-1068,Priya Shah,08/14/2023,08:55:00 PDT,Alan Brooks <abrooks@llassociates.com>,Grace Lin <glin@llassociates.com>,,Mailbox export — Robert Denniston,Not Responsive,Yes,No,export_manifest.txt,<email-1068.202308140855@llassociates.com>,Custodians/Priya_Shah/EMAIL-1068_Mailbox_export_Robert_Denniston.eml
EMAIL-1069,Nina Alvarez,03/30/2023,11:35:00 PDT,Alan Brooks <abrooks@llassociates.com>,Mia Chen <mchen@llassociates.com>,Grace Lin <glin@llassociates.com>,Privilege screen note — review batch (internal) — batch 5,Not Responsive,Yes,No,,<email-1069.202303301135@llassociates.com>,Custodians/Nina_Alvarez/EMAIL-1069_Privilege_screen_note_review_batch_internal_batch_5.eml
EMAIL-1070,Human Resources,07/23/2023,17:00:00 PDT,Wendy Park <wpark@cascadetimber.com>,Kevin Tran <kevin.tran@irs.gov>,,Collection scope note,Not Responsive,No,No,export_manifest.txt,<email-1070.202307231700@cascadetimber.com>,Custodians/Human_Resources/EMAIL-1070_Collection_scope_note.eml
EMAIL-1071,Facilities,06/06/2023,09:45:00 PDT,Wendy Park <wpark@cascadetimber.com>,Dan Osei <dosei@cascadetimber.com>,,Third-party hold gap note — Bellhaven (070 link),Routine,No,No,,<email-1071.202306060945@cascadetimber.com>,Custodians/Facilities/EMAIL-1071_Third_party_hold_gap_note_Bellhaven_070_link.eml
EMAIL-1072,Grace Lin,08/26/2023,09:00:00 PDT,Mia Chen <mchen@llassociates.com>,Grace Lin <glin@llassociates.com>,,Privilege log entry — batch 3,Not Responsive,Yes,No,,<email-1072.202308260900@llassociates.com>,Custodians/Grace_Lin/EMAIL-1072_Privilege_log_entry_batch_3.eml
EMAIL-1073,Alan Brooks,07/09/2023,08:00:00 PDT,Dan Osei <dosei@cascadetimber.com>,Grace Lin <glin@llassociates.com>,,Mailbox export — Robert Denniston,Not Responsive,Yes,No,export_manifest.txt,<email-1073.202307090800@cascadetimber.com>,Custodians/Alan_Brooks/EMAIL-1073_Mailbox_export_Robert_Denniston.eml
EMAIL-1074,Dana Whitaker,05/14/2023,16:40:00 PDT,Grace Lin <glin@llassociates.com>,John Ellery <jellery@cascadetimber.com>,,Review collection cover (internal) — batch 6,Not Responsive,Yes,No,,<email-1074.202305141640@llassociates.com>,Custodians/Dana_Whitaker/EMAIL-1074_Review_collection_cover_internal_batch_6.eml
EMAIL-1075,Derek Holt,05/22/2023,15:40:00 PDT,Dan Osei <dosei@cascadetimber.com>,John Ellery <jellery@cascadetimber.com>,,Review timeline note (internal) — extension chain (dated),Not Responsive,Yes,No,,<email-1075.202305221540@cascadetimber.com>,Custodians/Derek_Holt/EMAIL-1075_Review_timeline_note_internal_extension_chain_dated.eml
EMAIL-1076,Human Resources,12/01/2023,16:20:00 PST,Dan Osei <dosei@cascadetimber.com>,Grace Lin <glin@llassociates.com>,,Third-party hold gap note — Bellhaven (070 link),Privileged Work Product,Yes,No,,<email-1076.202312011620@cascadetimber.com>,Custodians/Human_Resources/EMAIL-1076_Third_party_hold_gap_note_Bellhaven_070_link.eml
EMAIL-1077,IT Notifications,05/05/2023,08:30:00 PDT,Dan Osei <dosei@cascadetimber.com>,Wendy Park <wpark@cascadetimber.com>,,Collection acknowledgment — review (internal) — Robert Denniston,Not Responsive,Yes,No,,<email-1077.202305050830@cascadetimber.com>,Custodians/IT_Notifications/EMAIL-1077_Collection_acknowledgment_review_internal_Robert_Denniston.eml
EMAIL-1078,Frank Delgado,05/21/2023,09:35:00 PDT,Dan Osei <dosei@cascadetimber.com>,John Ellery <jellery@cascadetimber.com>,,Collection scope note,Not Responsive,Yes,No,export_manifest.txt,<email-1078.202305210935@cascadetimber.com>,Custodians/Frank_Delgado/EMAIL-1078_Collection_scope_note.eml
EMAIL-1079,Dana Whitaker,03/06/2023,08:35:00 PDT,Alan Brooks <abrooks@llassociates.com>,Wendy Park <wpark@cascadetimber.com>,,Privilege screen note — review batch (internal) — batch 6,Not Responsive,Yes,No,,<email-1079.202303060835@llassociates.com>,Custodians/Dana_Whitaker/EMAIL-1079_Privilege_screen_note_review_batch_internal_batch_6.eml
EMAIL-1080,Elena Marlowe,03/11/2023,10:40:00 PDT,Dan Osei <dosei@cascadetimber.com>,Mia Chen <mchen@llassociates.com>,,File coordination note — Bellhaven (routine) — Bellhaven (070 link),Privileged Work Product,Yes,No,,<email-1080.202303111040@cascadetimber.com>,Custodians/Elena_Marlowe/EMAIL-1080_File_coordination_note_Bellhaven_routine_Bellhaven_070_link.eml
EMAIL-1081,Sarah Nguyen,05/01/2023,13:25:00 PDT,Wendy Park <wpark@cascadetimber.com>,John Ellery <jellery@cascadetimber.com>,,Privilege screen note — review batch (internal) — batch 1,Not Responsive,Yes,No,,<email-1081.202305011325@cascadetimber.com>,Custodians/Sarah_Nguyen/EMAIL-1081_Privilege_screen_note_review_batch_internal_batch_1.eml
EMAIL-1082,IT Notifications,05/15/2023,10:30:00 PDT,Mia Chen <mchen@llassociates.com>,John Ellery <jellery@cascadetimber.com>,,Review collection cover (internal) — batch 1,Not Responsive,Yes,No,,<email-1082.202305151030@llassociates.com>,Custodians/IT_Notifications/EMAIL-1082_Review_collection_cover_internal_batch_1.eml
EMAIL-1083,Kevin Tran,10/31/2023,17:15:00 PDT,Wendy Park <wpark@cascadetimber.com>,Alan Brooks <abrooks@llassociates.com>,,Hold attestation — Kevin Tran,Not Responsive,Yes,No,,<email-1083.202310311715@cascadetimber.com>,Custodians/Kevin_Tran/EMAIL-1083_Hold_attestation_Kevin_Tran.eml
EMAIL-1084,A Patel,07/07/2023,09:40:00 PDT,Grace Lin <glin@llassociates.com>,Dan Osei <dosei@cascadetimber.com>,,Hold attestation — Hannah Cole,Not Responsive,Yes,No,,<email-1084.202307070940@llassociates.com>,Custodians/A_Patel/EMAIL-1084_Hold_attestation_Hannah_Cole.eml
EMAIL-1085,Craig Sato,12/18/2023,08:05:00 PST,Alan Brooks <abrooks@llassociates.com>,Mia Chen <mchen@llassociates.com>,,Collection scope note,Not Responsive,Yes,No,export_manifest.txt,<email-1085.202312180805@llassociates.com>,Custodians/Craig_Sato/EMAIL-1085_Collection_scope_note.eml
EMAIL-1086,Sarah Nguyen,11/09/2023,15:35:00 PST,Dan Osei <dosei@cascadetimber.com>,Wendy Park <wpark@cascadetimber.com>,,Hold attestation — Derek Holt,Not Responsive,No,No,,<email-1086.202311091535@cascadetimber.com>,Custodians/Sarah_Nguyen/EMAIL-1086_Hold_attestation_Derek_Holt.eml
EMAIL-1087,IT Notifications,02/24/2023,09:15:00 PST,Wendy Park <wpark@cascadetimber.com>,Dan Osei <dosei@cascadetimber.com>,,Review timeline note (internal) — extension chain (dated),Not Responsive,Yes,No,,<email-1087.202302240915@cascadetimber.com>,Custodians/IT_Notifications/EMAIL-1087_Review_timeline_note_internal_extension_chain_dated.eml
EMAIL-1088,IT Notifications,11/18/2023,09:35:00 PST,Mia Chen <mchen@llassociates.com>,John Ellery <jellery@cascadetimber.com>,,Hold attestation — Craig Sato,Not Responsive,Yes,No,,<email-1088.202311180935@llassociates.com>,Custodians/IT_Notifications/EMAIL-1088_Hold_attestation_Craig_Sato.eml
EMAIL-1089,HR,08/18/2023,08:55:00 PDT,Wendy Park <wpark@cascadetimber.com>,Dan Osei <dosei@cascadetimber.com>,,Privilege log entry — batch 1,Not Responsive,No,No,,<email-1089.202308180855@cascadetimber.com>,Custodians/HR/EMAIL-1089_Privilege_log_entry_batch_1.eml
EMAIL-1090,Human Resources,06/06/2023,14:40:00 PDT,Grace Lin <glin@llassociates.com>,Dan Osei <dosei@cascadetimber.com>,,Mailbox export — Facilities,Not Responsive,Yes,No,export_manifest.txt,<email-1090.202306061440@llassociates.com>,Custodians/Human_Resources/EMAIL-1090_Mailbox_export_Facilities.eml
EMAIL-1091,John Ellery,04/24/2023,15:00:00 PDT,Wendy Park <wpark@cascadetimber.com>,Dan Osei <dosei@cascadetimber.com>,,Review timeline note (internal) — extension chain (dated),Not Responsive,Yes,No,,<email-1091.202304241500@cascadetimber.com>,Custodians/John_Ellery/EMAIL-1091_Review_timeline_note_internal_extension_chain_dated.eml
EMAIL-1092,Brenda Moss,08/29/2023,09:45:00 PDT,Mia Chen <mchen@llassociates.com>,Wendy Park <wpark@cascadetimber.com>,,Third-party hold gap note — Bellhaven (070 link),Privileged Work Product,Yes,No,,<email-1092.202308290945@llassociates.com>,Custodians/Brenda_Moss/EMAIL-1092_Third_party_hold_gap_note_Bellhaven_070_link.eml
EMAIL-1093,John Ellery,11/08/2023,11:00:00 PST,Grace Lin <glin@llassociates.com>,Dan Osei <dosei@cascadetimber.com>,,Examination status note — open items,Routine,No,No,,<email-1093.202311081100@llassociates.com>,Custodians/John_Ellery/EMAIL-1093_Examination_status_note_open_items.eml
EMAIL-1094,Dan Osei,09/29/2023,17:25:00 PDT,Grace Lin <glin@llassociates.com>,Alan Brooks <abrooks@llassociates.com>,,Rolling production cover — batch 5,Not Responsive,Yes,No,production_cover_batch.txt,<email-1094.202309291725@llassociates.com>,Custodians/Dan_Osei/EMAIL-1094_Rolling_production_cover_batch_5.eml
EMAIL-1095,Derek Holt,07/14/2023,11:55:00 PDT,Grace Lin <glin@llassociates.com>,Alan Brooks <abrooks@llassociates.com>,Mia Chen <mchen@llassociates.com>,Privilege log entry — batch 5,Not Responsive,Yes,No,,<email-1095.202307141155@llassociates.com>,Custodians/Derek_Holt/EMAIL-1095_Privilege_log_entry_batch_5.eml
EMAIL-1096,Craig Sato,07/11/2023,08:50:00 PDT,Wendy Park <wpark@cascadetimber.com>,Dan Osei <dosei@cascadetimber.com>,,Mailbox export — Nina Alvarez,Not Responsive,No,No,export_manifest.txt,<email-1096.202307110850@cascadetimber.com>,Custodians/Craig_Sato/EMAIL-1096_Mailbox_export_Nina_Alvarez.eml
EMAIL-1097,Jay Whitfield,05/04/2023,16:25:00 PDT,Wendy Park <wpark@cascadetimber.com>,Alan Brooks <abrooks@llassociates.com>,,Mailbox export — Jay Whitfield,Not Responsive,Yes,No,export_manifest.txt,<email-1097.202305041625@cascadetimber.com>,Custodians/Jay_Whitfield/EMAIL-1097_Mailbox_export_Jay_Whitfield.eml
EMAIL-1098,Alan Brooks,11/04/2023,14:45:00 PST,Wendy Park <wpark@cascadetimber.com>,Mia Chen <mchen@llassociates.com>,Dan Osei <dosei@cascadetimber.com>,Rolling production cover — batch 4,Not Responsive,Yes,No,production_cover_batch.txt,<email-1098.202311041445@cascadetimber.com>,Custodians/Alan_Brooks/EMAIL-1098_Rolling_production_cover_batch_4.eml
EMAIL-1099,Robert Denniston,11/15/2023,13:50:00 PST,Alan Brooks <abrooks@llassociates.com>,Mia Chen <mchen@llassociates.com>,,Examination status note — open items,Routine,No,No,,<email-1099.202311151350@llassociates.com>,Custodians/Robert_Denniston/EMAIL-1099_Examination_status_note_open_items.eml
EMAIL-1100,Wendy Park,06/11/2023,16:50:00 PDT,Wendy Park <wpark@cascadetimber.com>,Alan Brooks <abrooks@llassociates.com>,,Collection acknowledgment — review (internal) — A Patel,Not Responsive,Yes,No,,<email-1100.202306111650@cascadetimber.com>,Custodians/Wendy_Park/EMAIL-1100_Collection_acknowledgment_review_internal_A_Patel.eml
EMAIL-1101,Dan Osei,02/27/2023,08:45:00 PST,Alan Brooks <abrooks@llassociates.com>,Mia Chen <mchen@llassociates.com>,,File coordination note — Bellhaven (routine) — Bellhaven (070 link),Privileged Work Product,Yes,No,,<email-1101.202302270845@llassociates.com>,Custodians/Dan_Osei/EMAIL-1101_File_coordination_note_Bellhaven_routine_Bellhaven_070_link.eml
EMAIL-1102,Grace Lin,12/04/2023,13:00:00 PST,Grace Lin <glin@llassociates.com>,Kevin Tran <kevin.tran@irs.gov>,,Collection scope note,Not Responsive,No,No,export_manifest.txt,<email-1102.202312041300@llassociates.com>,Custodians/Grace_Lin/EMAIL-1102_Collection_scope_note.eml
EMAIL-1103,Dan Osei,08/15/2023,09:15:00 PDT,John Ellery <jellery@cascadetimber.com>,Dan Osei <dosei@cascadetimber.com>,,Rolling production cover — batch 3,Not Responsive,Yes,No,production_cover_batch.txt,<email-1103.202308150915@cascadetimber.com>,Custodians/Dan_Osei/EMAIL-1103_Rolling_production_cover_batch_3.eml
EMAIL-1104,Human Resources,06/28/2023,08:50:00 PDT,Wendy Park <wpark@cascadetimber.com>,Mia Chen <mchen@llassociates.com>,,Mailbox export — Priya Shah,Not Responsive,Yes,No,export_manifest.txt,<email-1104.202306280850@cascadetimber.com>,Custodians/Human_Resources/EMAIL-1104_Mailbox_export_Priya_Shah.eml
EMAIL-1105,Elena Marlowe,10/03/2023,13:50:00 PDT,John Ellery <jellery@cascadetimber.com>,Wendy Park <wpark@cascadetimber.com>,Grace Lin <glin@llassociates.com>,Hold attestation — Robert Denniston,Not Responsive,Yes,No,,<email-1105.202310031350@cascadetimber.com>,Custodians/Elena_Marlowe/EMAIL-1105_Hold_attestation_Robert_Denniston.eml
EMAIL-1106,IT Notifications,11/24/2023,15:45:00 PST,Dan Osei <dosei@cascadetimber.com>,Alan Brooks <abrooks@llassociates.com>,,Privilege log entry — batch 6,Not Responsive,Yes,No,,<email-1106.202311241545@cascadetimber.com>,Custodians/IT_Notifications/EMAIL-1106_Privilege_log_entry_batch_6.eml
EMAIL-1107,Nina Alvarez,09/20/2023,09:50:00 PDT,Wendy Park <wpark@cascadetimber.com>,Kevin Tran <kevin.tran@irs.gov>,,Hold attestation — Dan Osei,Not Responsive,No,No,,<email-1107.202309200950@cascadetimber.com>,Custodians/Nina_Alvarez/EMAIL-1107_Hold_attestation_Dan_Osei.eml
EMAIL-1108,Mia Chen,06/21/2023,10:25:00 PDT,Mia Chen <mchen@llassociates.com>,Grace Lin <glin@llassociates.com>,,Hold attestation — Tom Reyes,Not Responsive,Yes,No,,<email-1108.202306211025@llassociates.com>,Custodians/Mia_Chen/EMAIL-1108_Hold_attestation_Tom_Reyes.eml
EMAIL-1109,Frank Delgado,04/26/2023,14:40:00 PDT,Mia Chen <mchen@llassociates.com>,Dan Osei <dosei@cascadetimber.com>,,Collection acknowledgment — review (internal) — IT Notifications,Not Responsive,Yes,No,,<email-1109.202304261440@llassociates.com>,Custodians/Frank_Delgado/EMAIL-1109_Collection_acknowledgment_review_internal_IT_Notifications.eml
EMAIL-1110,Marcus Webb,03/02/2023,15:40:00 PDT,Mia Chen <mchen@llassociates.com>,Grace Lin <glin@llassociates.com>,,Review collection cover (internal) — batch 1,Not Responsive,Yes,No,,<email-1110.202303021540@llassociates.com>,Custodians/Marcus_Webb/EMAIL-1110_Review_collection_cover_internal_batch_1.eml
EMAIL-1111,Mia Chen,07/29/2023,09:30:00 PDT,John Ellery <jellery@cascadetimber.com>,Kevin Tran <kevin.tran@irs.gov>,,Rolling production cover — batch 4,Not Responsive,No,No,production_cover_batch.txt,<email-1111.202307290930@cascadetimber.com>,Custodians/Mia_Chen/EMAIL-1111_Rolling_production_cover_batch_4.eml
EMAIL-1112,Kevin Tran,12/15/2023,10:00:00 PST,Mia Chen <mchen@llassociates.com>,Dan Osei <dosei@cascadetimber.com>,,Rolling production cover — batch 1,Not Responsive,Yes,No,production_cover_batch.txt,<email-1112.202312151000@llassociates.com>,Custodians/Kevin_Tran/EMAIL-1112_Rolling_production_cover_batch_1.eml
EMAIL-1113,HR,04/23/2023,10:00:00 PDT,Dan Osei <dosei@cascadetimber.com>,Alan Brooks <abrooks@llassociates.com>,,Review collection cover (internal) — batch 6,Not Responsive,Yes,No,,<email-1113.202304231000@cascadetimber.com>,Custodians/HR/EMAIL-1113_Review_collection_cover_internal_batch_6.eml
EMAIL-1114,Jay Whitfield,05/15/2023,09:35:00 PDT,Wendy Park <wpark@cascadetimber.com>,Dan Osei <dosei@cascadetimber.com>,,Review timeline note (internal) — extension chain (dated),Not Responsive,Yes,No,,<email-1114.202305150935@cascadetimber.com>,Custodians/Jay_Whitfield/EMAIL-1114_Review_timeline_note_internal_extension_chain_dated.eml
EMAIL-1115,Marcus Webb,05/22/2023,15:55:00 PDT,Wendy Park <wpark@cascadetimber.com>,Dan Osei <dosei@cascadetimber.com>,,Collection acknowledgment — review (internal) — Jay Whitfield,Not Responsive,Yes,No,,<email-1115.202305221555@cascadetimber.com>,Custodians/Marcus_Webb/EMAIL-1115_Collection_acknowledgment_review_internal_Jay_Whitfield.eml
EMAIL-1116,Kevin Tran,11/14/2023,13:30:00 PST,Alan Brooks <abrooks@llassociates.com>,Grace Lin <glin@llassociates.com>,,Hold attestation — Kevin Tran,Not Responsive,Yes,No,,<email-1116.202311141330@llassociates.com>,Custodians/Kevin_Tran/EMAIL-1116_Hold_attestation_Kevin_Tran.eml
EMAIL-1117,Mia Chen,08/10/2023,08:45:00 PDT,Wendy Park <wpark@cascadetimber.com>,Alan Brooks <abrooks@llassociates.com>,,Third-party hold gap note — Bellhaven (070 link),Privileged Work Product,Yes,No,,<email-1117.202308100845@cascadetimber.com>,Custodians/Mia_Chen/EMAIL-1117_Third_party_hold_gap_note_Bellhaven_070_link.eml
EMAIL-1118,Craig Sato,04/29/2023,14:45:00 PDT,Wendy Park <wpark@cascadetimber.com>,Mia Chen <mchen@llassociates.com>,,Collection scope note,Not Responsive,Yes,No,export_manifest.txt,<email-1118.202304291445@cascadetimber.com>,Custodians/Craig_Sato/EMAIL-1118_Collection_scope_note.eml
EMAIL-1119,Elena Marlowe,11/11/2023,13:30:00 PST,Alan Brooks <abrooks@llassociates.com>,Kevin Tran <kevin.tran@irs.gov>,Wendy Park <wpark@cascadetimber.com>,Mailbox export — Marcus Webb,Not Responsive,No,No,export_manifest.txt,<email-1119.202311111330@llassociates.com>,Custodians/Elena_Marlowe/EMAIL-1119_Mailbox_export_Marcus_Webb.eml
EMAIL-1120,Tom Reyes,04/24/2023,13:40:00 PDT,Mia Chen <mchen@llassociates.com>,Alan Brooks <abrooks@llassociates.com>,,Review collection cover (internal) — batch 3,Not Responsive,Yes,No,,<email-1120.202304241340@llassociates.com>,Custodians/Tom_Reyes/EMAIL-1120_Review_collection_cover_internal_batch_3.eml
EMAIL-1121,Human Resources,08/05/2023,17:45:00 PDT,Wendy Park <wpark@cascadetimber.com>,Mia Chen <mchen@llassociates.com>,,Hold attestation — Nina Alvarez,Not Responsive,Yes,No,,<email-1121.202308051745@cascadetimber.com>,Custodians/Human_Resources/EMAIL-1121_Hold_attestation_Nina_Alvarez.eml
EMAIL-1122,Grace Lin,11/25/2023,11:00:00 PST,Mia Chen <mchen@llassociates.com>,Alan Brooks <abrooks@llassociates.com>,,Collection scope note,Not Responsive,Yes,No,export_manifest.txt,<email-1122.202311251100@llassociates.com>,Custodians/Grace_Lin/EMAIL-1122_Collection_scope_note.eml
EMAIL-1123,Marcus Webb,03/21/2023,11:10:00 PDT,Alan Brooks <abrooks@llassociates.com>,Mia Chen <mchen@llassociates.com>,,Review collection cover (internal) — batch 2,Not Responsive,Yes,No,,<email-1123.202303211110@llassociates.com>,Custodians/Marcus_Webb/EMAIL-1123_Review_collection_cover_internal_batch_2.eml
EMAIL-1124,A Patel,05/23/2023,14:00:00 PDT,Dan Osei <dosei@cascadetimber.com>,Kevin Tran <kevin.tran@irs.gov>,,Mailbox export — Nina Alvarez,Not Responsive,No,No,export_manifest.txt,<email-1124.202305231400@cascadetimber.com>,Custodians/A_Patel/EMAIL-1124_Mailbox_export_Nina_Alvarez.eml
EMAIL-1125,John Ellery,06/19/2023,11:40:00 PDT,Kevin Tran <kevin.tran@irs.gov>,John Ellery <jellery@cascadetimber.com>,,Examination follow-up requests — records (first set),Routine,No,No,,<email-1125.202306191140@irs.gov>,Custodians/John_Ellery/EMAIL-1125_Examination_follow_up_requests_records_first_set.eml
EMAIL-1126,IT Notifications,06/13/2023,08:30:00 PDT,Dan Osei <dosei@cascadetimber.com>,Kevin Tran <kevin.tran@irs.gov>,,Hold attestation — Craig Sato,Not Responsive,No,No,,<email-1126.202306130830@cascadetimber.com>,Custodians/IT_Notifications/EMAIL-1126_Hold_attestation_Craig_Sato.eml
EMAIL-1127,Wendy Park,07/10/2023,08:15:00 PDT,John Ellery <jellery@cascadetimber.com>,Wendy Park <wpark@cascadetimber.com>,,Privilege log entry — batch 4,Not Responsive,Yes,No,,<email-1127.202307100815@cascadetimber.com>,Custodians/Wendy_Park/EMAIL-1127_Privilege_log_entry_batch_4.eml
EMAIL-1128,Elena Marlowe,09/06/2023,10:45:00 PDT,Dan Osei <dosei@cascadetimber.com>,Alan Brooks <abrooks@llassociates.com>,,Hold attestation — Priya Shah,Not Responsive,Yes,No,,<email-1128.202309061045@cascadetimber.com>,Custodians/Elena_Marlowe/EMAIL-1128_Hold_attestation_Priya_Shah.eml
EMAIL-1129,Marcus Webb,05/12/2023,15:15:00 PDT,Dan Osei <dosei@cascadetimber.com>,John Ellery <jellery@cascadetimber.com>,,Collection acknowledgment — review (internal) — IT Notifications,Not Responsive,Yes,No,,<email-1129.202305121515@cascadetimber.com>,Custodians/Marcus_Webb/EMAIL-1129_Collection_acknowledgment_review_internal_IT_Notifications.eml
EMAIL-1130,Brenda Moss,08/20/2023,11:00:00 PDT,Grace Lin <glin@llassociates.com>,Kevin Tran <kevin.tran@irs.gov>,Mia Chen <mchen@llassociates.com>,Mailbox export — Craig Sato,Not Responsive,No,No,export_manifest.txt,<email-1130.202308201100@llassociates.com>,Custodians/Brenda_Moss/EMAIL-1130_Mailbox_export_Craig_Sato.eml
EMAIL-1131,Robert Denniston,04/09/2023,09:55:00 PDT,Dan Osei <dosei@cascadetimber.com>,Grace Lin <glin@llassociates.com>,,Review collection cover (internal) — batch 3,Not Responsive,Yes,No,,<email-1131.202304090955@cascadetimber.com>,Custodians/Robert_Denniston/EMAIL-1131_Review_collection_cover_internal_batch_3.eml
EMAIL-1132,HR,05/08/2023,14:10:00 PDT,Wendy Park <wpark@cascadetimber.com>,Dan Osei <dosei@cascadetimber.com>,,File coordination note — Bellhaven (routine) — Bellhaven (070 link),Routine,No,No,,<email-1132.202305081410@cascadetimber.com>,Custodians/HR/EMAIL-1132_File_coordination_note_Bellhaven_routine_Bellhaven_070_link.eml
EMAIL-1133,Tom Reyes,05/05/2023,10:50:00 PDT,Mia Chen <mchen@llassociates.com>,Wendy Park <wpark@cascadetimber.com>,,File coordination note — Bellhaven (routine) — Bellhaven (070 link),Privileged Work Product,Yes,No,,<email-1133.202305051050@llassociates.com>,Custodians/Tom_Reyes/EMAIL-1133_File_coordination_note_Bellhaven_routine_Bellhaven_070_link.eml
EMAIL-1134,Brenda Moss,05/26/2023,15:35:00 PDT,Wendy Park <wpark@cascadetimber.com>,Alan Brooks <abrooks@llassociates.com>,,Rolling production cover — batch 5,Not Responsive,Yes,No,production_cover_batch.txt,<email-1134.202305261535@cascadetimber.com>,Custodians/Brenda_Moss/EMAIL-1134_Rolling_production_cover_batch_5.eml
EMAIL-1135,John Ellery,12/01/2023,14:15:00 PST,Kevin Tran <kevin.tran@irs.gov>,John Ellery <jellery@cascadetimber.com>,,Production receipt — batch 3 (examination),Not Responsive,No,No,,<email-1135.202312011415@irs.gov>,Custodians/John_Ellery/EMAIL-1135_Production_receipt_batch_3_examination.eml
EMAIL-1136,Marcus Webb,05/02/2023,13:45:00 PDT,Dan Osei <dosei@cascadetimber.com>,Wendy Park <wpark@cascadetimber.com>,,Mailbox export — Facilities,Not Responsive,No,No,export_manifest.txt,<email-1136.202305021345@cascadetimber.com>,Custodians/Marcus_Webb/EMAIL-1136_Mailbox_export_Facilities.eml
EMAIL-1137,Human Resources,03/20/2023,11:00:00 PDT,Grace Lin <glin@llassociates.com>,Dan Osei <dosei@cascadetimber.com>,,Collection acknowledgment — review (internal) — Sarah Nguyen,Not Responsive,Yes,No,,<email-1137.202303201100@llassociates.com>,Custodians/Human_Resources/EMAIL-1137_Collection_acknowledgment_review_internal_Sarah_Nguyen.eml
EMAIL-1138,A Patel,07/31/2023,14:50:00 PDT,Grace Lin <glin@llassociates.com>,Wendy Park <wpark@cascadetimber.com>,,Interim bridge memo — extension chain (dated),Not Responsive,Yes,No,,<email-1138.202307311450@llassociates.com>,Custodians/A_Patel/EMAIL-1138_Interim_bridge_memo_extension_chain_dated.eml
EMAIL-1139,Human Resources,03/01/2023,15:05:00 PDT,Grace Lin <glin@llassociates.com>,Mia Chen <mchen@llassociates.com>,,Collection scope note,Not Responsive,Yes,No,export_manifest.txt,<email-1139.202303011505@llassociates.com>,Custodians/Human_Resources/EMAIL-1139_Collection_scope_note.eml
EMAIL-1140,A Patel,04/16/2023,10:10:00 PDT,Alan Brooks <abrooks@llassociates.com>,Mia Chen <mchen@llassociates.com>,,File coordination note — Bellhaven (routine) — Bellhaven (070 link),Privileged Work Product,Yes,No,,<email-1140.202304161010@llassociates.com>,Custodians/A_Patel/EMAIL-1140_File_coordination_note_Bellhaven_routine_Bellhaven_070_link.eml
EMAIL-1141,Priya Shah,12/27/2022,11:05:00 PST,John Ellery <jellery@cascadetimber.com>,Tom Reyes <treyes@alderpointpartners.com>,,Inter-company roles note (routine),Routine,No,No,,<email-1141.202212271105@cascadetimber.com>,Custodians/Priya_Shah/EMAIL-1141_Inter_company_roles_note_routine.eml
EMAIL-1142,Grace Lin,06/26/2023,08:50:00 PDT,Tom Reyes <treyes@alderpointpartners.com>,John Ellery <jellery@cascadetimber.com>,,Nina mailbox admin record — cross-company,Routine,No,No,,<email-1142.202306260850@alderpointpartners.com>,Custodians/Grace_Lin/EMAIL-1142_Nina_mailbox_admin_record_cross_company.eml
EMAIL-1143,Human Resources,11/12/2022,09:20:00 PST,Dan Osei <dosei@cascadetimber.com>,John Ellery <jellery@cascadetimber.com>,,Inter-company roles note (routine),Privileged Legal Advice,Yes,No,,<email-1143.202211120920@cascadetimber.com>,Custodians/Human_Resources/EMAIL-1143_Inter_company_roles_note_routine.eml
EMAIL-1144,Wendy Park,06/18/2022,10:05:00 PDT,Tom Reyes <treyes@alderpointpartners.com>,Priya Shah <pshah@alderpointpartners.com>,,Inter-company file coordination — Alder (routine),Routine,No,No,,<email-1144.202206181005@alderpointpartners.com>,Custodians/Wendy_Park/EMAIL-1144_Inter_company_file_coordination_Alder_routine.eml
EMAIL-1145,Kevin Tran,09/25/2022,10:20:00 PDT,Dan Osei <dosei@cascadetimber.com>,John Ellery <jellery@cascadetimber.com>,,File access note — Alder coordination (routine),Privileged Legal Advice,Yes,No,,<email-1145.202209251020@cascadetimber.com>,Custodians/Kevin_Tran/EMAIL-1145_File_access_note_Alder_coordination_routine.eml
EMAIL-1146,John Ellery,07/23/2022,08:30:00 PDT,Tom Reyes <treyes@alderpointpartners.com>,Dan Osei <dosei@cascadetimber.com>,,Inter-company roles note (routine),Routine,No,No,,<email-1146.202207230830@alderpointpartners.com>,Custodians/John_Ellery/EMAIL-1146_Inter_company_roles_note_routine.eml
EMAIL-1147,Alan Brooks,08/08/2023,09:30:00 PDT,Tom Reyes <treyes@alderpointpartners.com>,John Ellery <jellery@cascadetimber.com>,,Nina mailbox admin record — cross-company,Routine,No,No,,<email-1147.202308080930@alderpointpartners.com>,Custodians/Alan_Brooks/EMAIL-1147_Nina_mailbox_admin_record_cross_company.eml
EMAIL-1148,Nina Alvarez,11/28/2022,09:40:00 PST,Tom Reyes <treyes@alderpointpartners.com>,Dan Osei <dosei@cascadetimber.com>,,Inter-company file coordination — Alder (routine),Routine,No,No,,<email-1148.202211280940@alderpointpartners.com>,Custodians/Nina_Alvarez/EMAIL-1148_Inter_company_file_coordination_Alder_routine.eml
EMAIL-1149,Craig Sato,11/27/2022,19:55:00 PST,Tom Reyes <treyes@alderpointpartners.com>,Priya Shah <pshah@alderpointpartners.com>,John Ellery <jellery@cascadetimber.com>,Inter-company file coordination — Alder (routine),Routine,No,No,,<email-1149.202211271955@alderpointpartners.com>,Custodians/Craig_Sato/EMAIL-1149_Inter_company_file_coordination_Alder_routine.eml
EMAIL-1150,Facilities,07/07/2022,09:15:00 PDT,Priya Shah <pshah@alderpointpartners.com>,Dan Osei <dosei@cascadetimber.com>,,Inter-company file coordination — Alder (routine),Routine,No,No,,<email-1150.202207070915@alderpointpartners.com>,Custodians/Facilities/EMAIL-1150_Inter_company_file_coordination_Alder_routine.eml
EMAIL-1151,Grace Lin,08/16/2022,13:20:00 PDT,Tom Reyes <treyes@alderpointpartners.com>,Priya Shah <pshah@alderpointpartners.com>,,File access note — Alder coordination (routine),Routine,No,No,,<email-1151.202208161320@alderpointpartners.com>,Custodians/Grace_Lin/EMAIL-1151_File_access_note_Alder_coordination_routine.eml
EMAIL-1152,Jay Whitfield,08/23/2022,09:30:00 PDT,Priya Shah <pshah@alderpointpartners.com>,John Ellery <jellery@cascadetimber.com>,,Inter-company file coordination — Alder (routine),Routine,No,No,,<email-1152.202208230930@alderpointpartners.com>,Custodians/Jay_Whitfield/EMAIL-1152_Inter_company_file_coordination_Alder_routine.eml
EMAIL-1153,Jay Whitfield,09/29/2023,15:00:00 PDT,John Ellery <jellery@cascadetimber.com>,Priya Shah <pshah@alderpointpartners.com>,Dan Osei <dosei@cascadetimber.com>,Inter-company hold coordination — Alder,Not Responsive,No,No,,<email-1153.202309291500@cascadetimber.com>,Custodians/Jay_Whitfield/EMAIL-1153_Inter_company_hold_coordination_Alder.eml
EMAIL-1154,Sarah Nguyen,06/02/2023,09:10:00 PDT,Priya Shah <pshah@alderpointpartners.com>,Tom Reyes <treyes@alderpointpartners.com>,,Nina mailbox admin record — cross-company,Routine,No,No,,<email-1154.202306020910@alderpointpartners.com>,Custodians/Sarah_Nguyen/EMAIL-1154_Nina_mailbox_admin_record_cross_company.eml
EMAIL-1155,Alan Brooks,07/25/2023,09:30:00 PDT,John Ellery <jellery@cascadetimber.com>,Dan Osei <dosei@cascadetimber.com>,,Nina mailbox admin record — cross-company,Privileged Legal Advice,Yes,No,,<email-1155.202307250930@cascadetimber.com>,Custodians/Alan_Brooks/EMAIL-1155_Nina_mailbox_admin_record_cross_company.eml
EMAIL-1156,Sarah Nguyen,12/31/2022,16:35:00 PST,John Ellery <jellery@cascadetimber.com>,Priya Shah <pshah@alderpointpartners.com>,,File access note — Alder coordination (routine),Routine,No,No,,<email-1156.202212311635@cascadetimber.com>,Custodians/Sarah_Nguyen/EMAIL-1156_File_access_note_Alder_coordination_routine.eml
EMAIL-1157,Elena Marlowe,05/24/2023,14:45:00 PDT,John Ellery <jellery@cascadetimber.com>,Dan Osei <dosei@cascadetimber.com>,,Inter-company file coordination — Alder (routine),Privileged Legal Advice,Yes,No,,<email-1157.202305241445@cascadetimber.com>,Custodians/Elena_Marlowe/EMAIL-1157_Inter_company_file_coordination_Alder_routine.eml
EMAIL-1158,Grace Lin,01/04/2023,09:00:00 PST,Priya Shah <pshah@alderpointpartners.com>,Dan Osei <dosei@cascadetimber.com>,,Inter-company roles note (routine),Routine,No,No,,<email-1158.202301040900@alderpointpartners.com>,Custodians/Grace_Lin/EMAIL-1158_Inter_company_roles_note_routine.eml
EMAIL-1159,Dan Osei,02/22/2023,09:20:00 PST,Priya Shah <pshah@alderpointpartners.com>,Dan Osei <dosei@cascadetimber.com>,,File access note — Alder coordination (routine),Routine,No,No,,<email-1159.202302220920@alderpointpartners.com>,Custodians/Dan_Osei/EMAIL-1159_File_access_note_Alder_coordination_routine.eml
EMAIL-1160,Elena Marlowe,01/26/2023,14:40:00 PST,Priya Shah <pshah@alderpointpartners.com>,Dan Osei <dosei@cascadetimber.com>,,Inter-company file coordination — Alder (routine),Routine,No,No,,<email-1160.202301261440@alderpointpartners.com>,Custodians/Elena_Marlowe/EMAIL-1160_Inter_company_file_coordination_Alder_routine.eml
EMAIL-1161,Dana Whitaker,06/16/2023,14:55:00 PDT,Dan Osei <dosei@cascadetimber.com>,Tom Reyes <treyes@alderpointpartners.com>,,Inter-company hold coordination — Alder,Not Responsive,No,No,,<email-1161.202306161455@cascadetimber.com>,Custodians/Dana_Whitaker/EMAIL-1161_Inter_company_hold_coordination_Alder.eml
EMAIL-1162,Kevin Tran,12/01/2023,08:35:00 PST,Tom Reyes <treyes@alderpointpartners.com>,John Ellery <jellery@cascadetimber.com>,,Inter-company hold coordination — Alder,Not Responsive,No,No,,<email-1162.202312010835@alderpointpartners.com>,Custodians/Kevin_Tran/EMAIL-1162_Inter_company_hold_coordination_Alder.eml
EMAIL-1163,HR,05/20/2023,16:10:00 PDT,John Ellery <jellery@cascadetimber.com>,Priya Shah <pshah@alderpointpartners.com>,,Inter-company roles note (routine),Routine,No,No,,<email-1163.202305201610@cascadetimber.com>,Custodians/HR/EMAIL-1163_Inter_company_roles_note_routine.eml
EMAIL-1164,Hannah Cole,08/26/2022,10:35:00 PDT,Priya Shah <pshah@alderpointpartners.com>,Dan Osei <dosei@cascadetimber.com>,,Inter-company file coordination — Alder (routine),Routine,No,No,,<email-1164.202208261035@alderpointpartners.com>,Custodians/Hannah_Cole/EMAIL-1164_Inter_company_file_coordination_Alder_routine.eml
EMAIL-1165,Hannah Cole,03/04/2023,09:00:00 PDT,John Ellery <jellery@cascadetimber.com>,Dan Osei <dosei@cascadetimber.com>,,Inter-company file coordination — Alder (routine),Privileged Legal Advice,Yes,No,,<email-1165.202303040900@cascadetimber.com>,Custodians/Hannah_Cole/EMAIL-1165_Inter_company_file_coordination_Alder_routine.eml
EMAIL-1166,Nina Alvarez,09/10/2023,10:35:00 PDT,Tom Reyes <treyes@alderpointpartners.com>,John Ellery <jellery@cascadetimber.com>,,Inter-company roles note — Alder (review-era),Routine,No,No,,<email-1166.202309101035@alderpointpartners.com>,Custodians/Nina_Alvarez/EMAIL-1166_Inter_company_roles_note_Alder_review_era.eml
EMAIL-1167,Robert Denniston,02/25/2023,15:40:00 PST,John Ellery <jellery@cascadetimber.com>,Priya Shah <pshah@alderpointpartners.com>,,File access note — Alder coordination (routine),Routine,No,No,,<email-1167.202302251540@cascadetimber.com>,Custodians/Robert_Denniston/EMAIL-1167_File_access_note_Alder_coordination_routine.eml
EMAIL-1168,John Ellery,09/12/2023,08:15:00 PDT,Tom Reyes <treyes@alderpointpartners.com>,John Ellery <jellery@cascadetimber.com>,,Nina mailbox admin record — cross-company,Routine,No,No,,<email-1168.202309120815@alderpointpartners.com>,Custodians/John_Ellery/EMAIL-1168_Nina_mailbox_admin_record_cross_company.eml
EMAIL-1169,Wendy Park,06/03/2023,11:35:00 PDT,Tom Reyes <treyes@alderpointpartners.com>,Dan Osei <dosei@cascadetimber.com>,,Inter-company file coordination — Alder (routine),Routine,No,No,,<email-1169.202306031135@alderpointpartners.com>,Custodians/Wendy_Park/EMAIL-1169_Inter_company_file_coordination_Alder_routine.eml
EMAIL-1170,Priya Shah,04/09/2023,14:10:00 PDT,John Ellery <jellery@cascadetimber.com>,Tom Reyes <treyes@alderpointpartners.com>,,File access note — Alder coordination (routine),Routine,No,No,,<email-1170.202304091410@cascadetimber.com>,Custodians/Priya_Shah/EMAIL-1170_File_access_note_Alder_coordination_routine.eml
EMAIL-1171,Wendy Park,10/11/2023,11:15:00 PDT,John Ellery <jellery@cascadetimber.com>,Dan Osei <dosei@cascadetimber.com>,,Inter-company hold coordination — Alder,Not Responsive,Yes,No,,<email-1171.202310111115@cascadetimber.com>,Custodians/Wendy_Park/EMAIL-1171_Inter_company_hold_coordination_Alder.eml
EMAIL-1172,Grace Lin,11/03/2022,08:25:00 PST,Tom Reyes <treyes@alderpointpartners.com>,Priya Shah <pshah@alderpointpartners.com>,,Inter-company roles note (routine),Routine,No,No,,<email-1172.202211030825@alderpointpartners.com>,Custodians/Grace_Lin/EMAIL-1172_Inter_company_roles_note_routine.eml
EMAIL-1173,Priya Shah,08/21/2023,09:10:00 PDT,Dan Osei <dosei@cascadetimber.com>,Tom Reyes <treyes@alderpointpartners.com>,,Nina mailbox admin record — cross-company,Routine,No,No,,<email-1173.202308210910@cascadetimber.com>,Custodians/Priya_Shah/EMAIL-1173_Nina_mailbox_admin_record_cross_company.eml
EMAIL-1174,Frank Delgado,02/06/2023,17:50:00 PST,John Ellery <jellery@cascadetimber.com>,Priya Shah <pshah@alderpointpartners.com>,,File access note — Alder coordination (routine),Routine,No,No,,<email-1174.202302061750@cascadetimber.com>,Custodians/Frank_Delgado/EMAIL-1174_File_access_note_Alder_coordination_routine.eml
EMAIL-1175,John Ellery,12/04/2023,14:25:00 PST,John Ellery <jellery@cascadetimber.com>,Tom Reyes <treyes@alderpointpartners.com>,,Inter-company roles note — Alder (review-era),Routine,No,No,,<email-1175.202312041425@cascadetimber.com>,Custodians/John_Ellery/EMAIL-1175_Inter_company_roles_note_Alder_review_era.eml
EMAIL-1176,Facilities,04/21/2023,09:15:00 PDT,Tom Reyes <treyes@alderpointpartners.com>,John Ellery <jellery@cascadetimber.com>,,Inter-company file coordination — Alder (routine),Routine,No,No,,<email-1176.202304210915@alderpointpartners.com>,Custodians/Facilities/EMAIL-1176_Inter_company_file_coordination_Alder_routine.eml
EMAIL-1177,Hannah Cole,04/13/2023,09:15:00 PDT,Dan Osei <dosei@cascadetimber.com>,Tom Reyes <treyes@alderpointpartners.com>,,Inter-company roles note (routine),Routine,No,No,,<email-1177.202304130915@cascadetimber.com>,Custodians/Hannah_Cole/EMAIL-1177_Inter_company_roles_note_routine.eml
EMAIL-1178,Alan Brooks,06/12/2022,16:50:00 PDT,Dan Osei <dosei@cascadetimber.com>,John Ellery <jellery@cascadetimber.com>,,File access note — Alder coordination (routine),Privileged Legal Advice,Yes,No,,<email-1178.202206121650@cascadetimber.com>,Custodians/Alan_Brooks/EMAIL-1178_File_access_note_Alder_coordination_routine.eml
EMAIL-1179,Robert Denniston,10/04/2023,13:00:00 PDT,Dan Osei <dosei@cascadetimber.com>,John Ellery <jellery@cascadetimber.com>,,Inter-company hold coordination — Alder,Not Responsive,Yes,No,,<email-1179.202310041300@cascadetimber.com>,Custodians/Robert_Denniston/EMAIL-1179_Inter_company_hold_coordination_Alder.eml
EMAIL-1180,A Patel,05/11/2023,10:05:00 PDT,John Ellery <jellery@cascadetimber.com>,Priya Shah <pshah@alderpointpartners.com>,,Inter-company file coordination — Alder (routine),Routine,No,No,,<email-1180.202305111005@cascadetimber.com>,Custodians/A_Patel/EMAIL-1180_Inter_company_file_coordination_Alder_routine.eml
EMAIL-1181,Craig Sato,07/20/2023,08:15:00 PDT,Jay Whitfield <jwhitfield@alderpointpartners.com>,Tom Reyes <treyes@alderpointpartners.com>,,Mountain Ridge parcel list — RM-2 (distinct IDs),Not Responsive,No,No,,<email-1181.202307200815@alderpointpartners.com>,Custodians/Craig_Sato/EMAIL-1181_Mountain_Ridge_parcel_list_RM_2_distinct_IDs.eml
EMAIL-1182,IT Notifications,06/16/2022,09:00:00 PDT,Jay Whitfield <jwhitfield@alderpointpartners.com>,Nina Alvarez <nalvarez@alderpointpartners.com>,,Mountain Ridge county correction — RM parcel only,Not Responsive,No,No,,<email-1182.202206160900@alderpointpartners.com>,Custodians/IT_Notifications/EMAIL-1182_Mountain_Ridge_county_correction_RM_parcel_only.eml
EMAIL-1183,HR,06/07/2023,14:20:00 PDT,Tom Reyes <treyes@alderpointpartners.com>,Jay Whitfield <jwhitfield@alderpointpartners.com>,,Mountain Ridge survey — RM-1,Not Responsive,No,No,,<email-1183.202306071420@alderpointpartners.com>,Custodians/HR/EMAIL-1183_Mountain_Ridge_survey_RM_1.eml
EMAIL-1184,Marcus Webb,06/28/2022,11:05:00 PDT,Jay Whitfield <jwhitfield@alderpointpartners.com>,Tom Reyes <treyes@alderpointpartners.com>,Priya Shah <pshah@alderpointpartners.com>,Mountain Ridge parcel list — RM-5 (distinct IDs),Not Responsive,No,No,,<email-1184.202206281105@alderpointpartners.com>,Custodians/Marcus_Webb/EMAIL-1184_Mountain_Ridge_parcel_list_RM_5_distinct_IDs.eml
EMAIL-1185,Dana Whitaker,04/23/2023,16:50:00 PDT,Nina Alvarez <nalvarez@alderpointpartners.com>,Priya Shah <pshah@alderpointpartners.com>,,Mountain Ridge county correction — RM parcel only,Not Responsive,No,No,,<email-1185.202304231650@alderpointpartners.com>,Custodians/Dana_Whitaker/EMAIL-1185_Mountain_Ridge_county_correction_RM_parcel_only.eml
EMAIL-1186,Mia Chen,01/10/2023,11:50:00 PST,Tom Reyes <treyes@alderpointpartners.com>,Nina Alvarez <nalvarez@alderpointpartners.com>,,Mountain Ridge parcel list — RM-4 (distinct IDs),Not Responsive,No,No,,<email-1186.202301101150@alderpointpartners.com>,Custodians/Mia_Chen/EMAIL-1186_Mountain_Ridge_parcel_list_RM_4_distinct_IDs.eml
EMAIL-1187,Derek Holt,12/27/2021,16:30:00 PST,Nina Alvarez <nalvarez@alderpointpartners.com>,Jay Whitfield <jwhitfield@alderpointpartners.com>,Tom Reyes <treyes@alderpointpartners.com>,Mountain Ridge survey — RM-6,Not Responsive,No,No,,<email-1187.202112271630@alderpointpartners.com>,Custodians/Derek_Holt/EMAIL-1187_Mountain_Ridge_survey_RM_6.eml
EMAIL-1188,Sarah Nguyen,06/19/2022,10:55:00 PDT,Tom Reyes <treyes@alderpointpartners.com>,Jay Whitfield <jwhitfield@alderpointpartners.com>,,Mountain Ridge survey — RM-4,Not Responsive,No,No,,<email-1188.202206191055@alderpointpartners.com>,Custodians/Sarah_Nguyen/EMAIL-1188_Mountain_Ridge_survey_RM_4.eml
EMAIL-1189,Sarah Nguyen,09/11/2022,16:40:00 PDT,Jay Whitfield <jwhitfield@alderpointpartners.com>,Tom Reyes <treyes@alderpointpartners.com>,Nina Alvarez <nalvarez@alderpointpartners.com>,Mountain Ridge survey — RM-5,Not Responsive,No,No,,<email-1189.202209111640@alderpointpartners.com>,Custodians/Sarah_Nguyen/EMAIL-1189_Mountain_Ridge_survey_RM_5.eml
EMAIL-1190,Brenda Moss,11/27/2022,14:50:00 PST,Jay Whitfield <jwhitfield@alderpointpartners.com>,Nina Alvarez <nalvarez@alderpointpartners.com>,,Mountain Ridge survey — RM-4,Not Responsive,No,No,,<email-1190.202211271450@alderpointpartners.com>,Custodians/Brenda_Moss/EMAIL-1190_Mountain_Ridge_survey_RM_4.eml
EMAIL-1191,Frank Delgado,02/20/2022,16:20:00 PST,Tom Reyes <treyes@alderpointpartners.com>,Nina Alvarez <nalvarez@alderpointpartners.com>,Priya Shah <pshah@alderpointpartners.com>,Mountain Ridge broker note,Not Responsive,No,No,,<email-1191.202202201620@alderpointpartners.com>,Custodians/Frank_Delgado/EMAIL-1191_Mountain_Ridge_broker_note.eml
EMAIL-1192,Tom Reyes,08/05/2022,10:00:00 PDT,Nina Alvarez <nalvarez@alderpointpartners.com>,Jay Whitfield <jwhitfield@alderpointpartners.com>,,Mountain Ridge parcel list — RM-1 (distinct IDs),Not Responsive,No,No,,<email-1192.202208051000@alderpointpartners.com>,Custodians/Tom_Reyes/EMAIL-1192_Mountain_Ridge_parcel_list_RM_1_distinct_IDs.eml
EMAIL-1193,IT Notifications,04/03/2022,09:40:00 PDT,Tom Reyes <treyes@alderpointpartners.com>,Jay Whitfield <jwhitfield@alderpointpartners.com>,,Mountain Ridge parcel list — RM-6 (distinct IDs),Not Responsive,No,No,,<email-1193.202204030940@alderpointpartners.com>,Custodians/IT_Notifications/EMAIL-1193_Mountain_Ridge_parcel_list_RM_6_distinct_IDs.eml
EMAIL-1194,Nina Alvarez,01/03/2022,10:40:00 PST,Jay Whitfield <jwhitfield@alderpointpartners.com>,Tom Reyes <treyes@alderpointpartners.com>,,Mountain Ridge county correction — RM parcel only,Not Responsive,No,No,,<email-1194.202201031040@alderpointpartners.com>,Custodians/Nina_Alvarez/EMAIL-1194_Mountain_Ridge_county_correction_RM_parcel_only.eml
EMAIL-1195,Tom Reyes,11/14/2023,11:55:00 PST,Tom Reyes <treyes@alderpointpartners.com>,Priya Shah <pshah@alderpointpartners.com>,,Mountain Ridge survey — RM-6,Not Responsive,No,No,,<email-1195.202311141155@alderpointpartners.com>,Custodians/Tom_Reyes/EMAIL-1195_Mountain_Ridge_survey_RM_6.eml
EMAIL-1196,Facilities,07/19/2022,15:10:00 PDT,Tom Reyes <treyes@alderpointpartners.com>,Priya Shah <pshah@alderpointpartners.com>,,Mountain Ridge parcel list — RM-2 (distinct IDs),Not Responsive,No,No,,<email-1196.202207191510@alderpointpartners.com>,Custodians/Facilities/EMAIL-1196_Mountain_Ridge_parcel_list_RM_2_distinct_IDs.eml
EMAIL-1197,Hannah Cole,06/20/2022,14:45:00 PDT,Jay Whitfield <jwhitfield@alderpointpartners.com>,Nina Alvarez <nalvarez@alderpointpartners.com>,,Mountain Ridge broker note,Not Responsive,No,No,,<email-1197.202206201445@alderpointpartners.com>,Custodians/Hannah_Cole/EMAIL-1197_Mountain_Ridge_broker_note.eml
EMAIL-1198,Nina Alvarez,12/12/2022,15:10:00 PST,Tom Reyes <treyes@alderpointpartners.com>,Jay Whitfield <jwhitfield@alderpointpartners.com>,,Mountain Ridge county correction — RM parcel only,Not Responsive,No,No,,<email-1198.202212121510@alderpointpartners.com>,Custodians/Nina_Alvarez/EMAIL-1198_Mountain_Ridge_county_correction_RM_parcel_only.eml
EMAIL-1199,John Ellery,02/28/2022,14:55:00 PST,Tom Reyes <treyes@alderpointpartners.com>,Jay Whitfield <jwhitfield@alderpointpartners.com>,,Mountain Ridge county correction — RM parcel only,Not Responsive,No,No,,<email-1199.202202281455@alderpointpartners.com>,Custodians/John_Ellery/EMAIL-1199_Mountain_Ridge_county_correction_RM_parcel_only.eml
EMAIL-1200,Hannah Cole,12/12/2023,17:55:00 PST,Jay Whitfield <jwhitfield@alderpointpartners.com>,Priya Shah <pshah@alderpointpartners.com>,,Mountain Ridge broker note,Not Responsive,No,No,,<email-1200.202312121755@alderpointpartners.com>,Custodians/Hannah_Cole/EMAIL-1200_Mountain_Ridge_broker_note.eml
EMAIL-1201,Mia Chen,02/17/2022,09:50:00 PST,Priya Shah <pshah@alderpointpartners.com>,Tom Reyes <treyes@alderpointpartners.com>,,Mountain Ridge county correction — RM parcel only,Not Responsive,No,No,,<email-1201.202202170950@alderpointpartners.com>,Custodians/Mia_Chen/EMAIL-1201_Mountain_Ridge_county_correction_RM_parcel_only.eml
EMAIL-1202,John Ellery,12/30/2021,14:40:00 PST,Nina Alvarez <nalvarez@alderpointpartners.com>,Priya Shah <pshah@alderpointpartners.com>,Tom Reyes <treyes@alderpointpartners.com>,Mountain Ridge parcel list — RM-5 (distinct IDs),Not Responsive,No,No,,<email-1202.202112301440@alderpointpartners.com>,Custodians/John_Ellery/EMAIL-1202_Mountain_Ridge_parcel_list_RM_5_distinct_IDs.eml
EMAIL-1203,Frank Delgado,09/29/2023,08:05:00 PDT,Jay Whitfield <jwhitfield@alderpointpartners.com>,Tom Reyes <treyes@alderpointpartners.com>,,Mountain Ridge broker note,Not Responsive,No,No,,<email-1203.202309290805@alderpointpartners.com>,Custodians/Frank_Delgado/EMAIL-1203_Mountain_Ridge_broker_note.eml
EMAIL-1204,Alan Brooks,12/21/2021,14:00:00 PST,Priya Shah <pshah@alderpointpartners.com>,Tom Reyes <treyes@alderpointpartners.com>,,Mountain Ridge survey — RM-5,Not Responsive,No,No,,<email-1204.202112211400@alderpointpartners.com>,Custodians/Alan_Brooks/EMAIL-1204_Mountain_Ridge_survey_RM_5.eml
EMAIL-1205,Dan Osei,05/10/2022,09:35:00 PDT,Tom Reyes <treyes@alderpointpartners.com>,Jay Whitfield <jwhitfield@alderpointpartners.com>,,Mountain Ridge survey — RM-5,Not Responsive,No,No,,<email-1205.202205100935@alderpointpartners.com>,Custodians/Dan_Osei/EMAIL-1205_Mountain_Ridge_survey_RM_5.eml
EMAIL-1206,Kevin Tran,07/23/2023,11:05:00 PDT,Jay Whitfield <jwhitfield@alderpointpartners.com>,Tom Reyes <treyes@alderpointpartners.com>,,Mountain Ridge broker note,Not Responsive,No,No,,<email-1206.202307231105@alderpointpartners.com>,Custodians/Kevin_Tran/EMAIL-1206_Mountain_Ridge_broker_note.eml
EMAIL-1207,Human Resources,09/01/2023,09:20:00 PDT,Priya Shah <pshah@alderpointpartners.com>,Tom Reyes <treyes@alderpointpartners.com>,,Mountain Ridge county correction — RM parcel only,Not Responsive,No,No,,<email-1207.202309010920@alderpointpartners.com>,Custodians/Human_Resources/EMAIL-1207_Mountain_Ridge_county_correction_RM_parcel_only.eml
EMAIL-1208,Robert Denniston,11/16/2021,15:35:00 PST,Jay Whitfield <jwhitfield@alderpointpartners.com>,Nina Alvarez <nalvarez@alderpointpartners.com>,,Mountain Ridge county correction — RM parcel only,Not Responsive,No,No,,<email-1208.202111161535@alderpointpartners.com>,Custodians/Robert_Denniston/EMAIL-1208_Mountain_Ridge_county_correction_RM_parcel_only.eml
EMAIL-1209,Derek Holt,07/05/2022,13:45:00 PDT,Nina Alvarez <nalvarez@alderpointpartners.com>,Jay Whitfield <jwhitfield@alderpointpartners.com>,,Mountain Ridge county correction — RM parcel only,Not Responsive,No,No,,<email-1209.202207051345@alderpointpartners.com>,Custodians/Derek_Holt/EMAIL-1209_Mountain_Ridge_county_correction_RM_parcel_only.eml
EMAIL-1210,Grace Lin,12/09/2022,10:10:00 PST,Priya Shah <pshah@alderpointpartners.com>,Jay Whitfield <jwhitfield@alderpointpartners.com>,,Mountain Ridge county correction — RM parcel only,Not Responsive,No,No,,<email-1210.202212091010@alderpointpartners.com>,Custodians/Grace_Lin/EMAIL-1210_Mountain_Ridge_county_correction_RM_parcel_only.eml
EMAIL-1211,Mia Chen,08/18/2023,10:55:00 PDT,Tom Reyes <treyes@alderpointpartners.com>,Priya Shah <pshah@alderpointpartners.com>,,Mountain Ridge parcel list — RM-6 (distinct IDs),Not Responsive,No,No,,<email-1211.202308181055@alderpointpartners.com>,Custodians/Mia_Chen/EMAIL-1211_Mountain_Ridge_parcel_list_RM_6_distinct_IDs.eml
EMAIL-1212,Grace Lin,06/20/2023,11:45:00 PDT,Tom Reyes <treyes@alderpointpartners.com>,Jay Whitfield <jwhitfield@alderpointpartners.com>,,Mountain Ridge survey — RM-3,Not Responsive,No,No,,<email-1212.202306201145@alderpointpartners.com>,Custodians/Grace_Lin/EMAIL-1212_Mountain_Ridge_survey_RM_3.eml
EMAIL-1213,Sarah Nguyen,04/07/2023,09:30:00 PDT,Jay Whitfield <jwhitfield@alderpointpartners.com>,Nina Alvarez <nalvarez@alderpointpartners.com>,,Mountain Ridge parcel list — RM-4 (distinct IDs),Not Responsive,No,No,,<email-1213.202304070930@alderpointpartners.com>,Custodians/Sarah_Nguyen/EMAIL-1213_Mountain_Ridge_parcel_list_RM_4_distinct_IDs.eml
EMAIL-1214,Nina Alvarez,02/08/2022,08:45:00 PST,Jay Whitfield <jwhitfield@alderpointpartners.com>,Tom Reyes <treyes@alderpointpartners.com>,Priya Shah <pshah@alderpointpartners.com>,Mountain Ridge broker note,Not Responsive,No,No,,<email-1214.202202080845@alderpointpartners.com>,Custodians/Nina_Alvarez/EMAIL-1214_Mountain_Ridge_broker_note.eml
EMAIL-1215,Human Resources,11/20/2022,09:10:00 PST,Jay Whitfield <jwhitfield@alderpointpartners.com>,Nina Alvarez <nalvarez@alderpointpartners.com>,,Mountain Ridge county correction — RM parcel only,Not Responsive,No,No,,<email-1215.202211200910@alderpointpartners.com>,Custodians/Human_Resources/EMAIL-1215_Mountain_Ridge_county_correction_RM_parcel_only.eml
EMAIL-1216,Wendy Park,12/15/2022,09:45:00 PST,Jay Whitfield <jwhitfield@alderpointpartners.com>,Tom Reyes <treyes@alderpointpartners.com>,,Mountain Ridge broker note,Not Responsive,No,No,,<email-1216.202212150945@alderpointpartners.com>,Custodians/Wendy_Park/EMAIL-1216_Mountain_Ridge_broker_note.eml
EMAIL-1217,Tom Reyes,06/28/2023,11:45:00 PDT,Jay Whitfield <jwhitfield@alderpointpartners.com>,Tom Reyes <treyes@alderpointpartners.com>,,Mountain Ridge parcel list — RM-6 (distinct IDs),Not Responsive,No,No,,<email-1217.202306281145@alderpointpartners.com>,Custodians/Tom_Reyes/EMAIL-1217_Mountain_Ridge_parcel_list_RM_6_distinct_IDs.eml
EMAIL-1218,A Patel,04/11/2022,15:05:00 PDT,Tom Reyes <treyes@alderpointpartners.com>,Priya Shah <pshah@alderpointpartners.com>,,Mountain Ridge broker note,Not Responsive,No,No,,<email-1218.202204111505@alderpointpartners.com>,Custodians/A_Patel/EMAIL-1218_Mountain_Ridge_broker_note.eml
EMAIL-1219,Dana Whitaker,03/06/2023,11:55:00 PDT,Jay Whitfield <jwhitfield@alderpointpartners.com>,Tom Reyes <treyes@alderpointpartners.com>,,Mountain Ridge survey — RM-3,Not Responsive,No,No,,<email-1219.202303061155@alderpointpartners.com>,Custodians/Dana_Whitaker/EMAIL-1219_Mountain_Ridge_survey_RM_3.eml
EMAIL-1220,Hannah Cole,12/25/2021,09:05:00 PST,Nina Alvarez <nalvarez@alderpointpartners.com>,Priya Shah <pshah@alderpointpartners.com>,,Mountain Ridge county correction — RM parcel only,Not Responsive,No,No,,<email-1220.202112250905@alderpointpartners.com>,Custodians/Hannah_Cole/EMAIL-1220_Mountain_Ridge_county_correction_RM_parcel_only.eml
EMAIL-1221,Priya Shah,11/23/2023,14:45:00 PST,Jay Whitfield <jwhitfield@alderpointpartners.com>,Tom Reyes <treyes@alderpointpartners.com>,,Mountain Ridge survey — RM-4,Not Responsive,No,No,,<email-1221.202311231445@alderpointpartners.com>,Custodians/Priya_Shah/EMAIL-1221_Mountain_Ridge_survey_RM_4.eml
EMAIL-1222,Robert Denniston,08/09/2023,16:05:00 PDT,Tom Reyes <treyes@alderpointpartners.com>,Jay Whitfield <jwhitfield@alderpointpartners.com>,,Mountain Ridge county correction — RM parcel only,Not Responsive,No,No,,<email-1222.202308091605@alderpointpartners.com>,Custodians/Robert_Denniston/EMAIL-1222_Mountain_Ridge_county_correction_RM_parcel_only.eml
EMAIL-1223,Alan Brooks,08/28/2023,08:40:00 PDT,Jay Whitfield <jwhitfield@alderpointpartners.com>,Tom Reyes <treyes@alderpointpartners.com>,,Mountain Ridge survey — RM-6,Not Responsive,No,No,,<email-1223.202308280840@alderpointpartners.com>,Custodians/Alan_Brooks/EMAIL-1223_Mountain_Ridge_survey_RM_6.eml
EMAIL-1224,Dan Osei,09/12/2022,10:40:00 PDT,Nina Alvarez <nalvarez@alderpointpartners.com>,Priya Shah <pshah@alderpointpartners.com>,,Mountain Ridge broker note,Not Responsive,No,No,,<email-1224.202209121040@alderpointpartners.com>,Custodians/Dan_Osei/EMAIL-1224_Mountain_Ridge_broker_note.eml
EMAIL-1225,Sarah Nguyen,12/10/2022,16:40:00 PST,Jay Whitfield <jwhitfield@alderpointpartners.com>,Tom Reyes <treyes@alderpointpartners.com>,,Mountain Ridge broker note,Not Responsive,No,No,,<email-1225.202212101640@alderpointpartners.com>,Custodians/Sarah_Nguyen/EMAIL-1225_Mountain_Ridge_broker_note.eml
EMAIL-1226,Dan Osei,12/02/2022,10:10:00 PST,Jay Whitfield <jwhitfield@alderpointpartners.com>,Tom Reyes <treyes@alderpointpartners.com>,,Mountain Ridge county correction — RM parcel only,Not Responsive,No,No,,<email-1226.202212021010@alderpointpartners.com>,Custodians/Dan_Osei/EMAIL-1226_Mountain_Ridge_county_correction_RM_parcel_only.eml
EMAIL-1227,Hannah Cole,05/26/2023,13:15:00 PDT,Tom Reyes <treyes@alderpointpartners.com>,Jay Whitfield <jwhitfield@alderpointpartners.com>,,Mountain Ridge parcel list — RM-4 (distinct IDs),Not Responsive,No,No,,<email-1227.202305261315@alderpointpartners.com>,Custodians/Hannah_Cole/EMAIL-1227_Mountain_Ridge_parcel_list_RM_4_distinct_IDs.eml
EMAIL-1228,Sarah Nguyen,12/18/2021,14:30:00 PST,Priya Shah <pshah@alderpointpartners.com>,Tom Reyes <treyes@alderpointpartners.com>,,Mountain Ridge county correction — RM parcel only,Not Responsive,No,No,,<email-1228.202112181430@alderpointpartners.com>,Custodians/Sarah_Nguyen/EMAIL-1228_Mountain_Ridge_county_correction_RM_parcel_only.eml
EMAIL-1229,John Ellery,10/05/2022,16:40:00 PDT,Tom Reyes <treyes@alderpointpartners.com>,Nina Alvarez <nalvarez@alderpointpartners.com>,,Mountain Ridge parcel list — RM-4 (distinct IDs),Not Responsive,No,No,,<email-1229.202210051640@alderpointpartners.com>,Custodians/John_Ellery/EMAIL-1229_Mountain_Ridge_parcel_list_RM_4_distinct_IDs.eml
EMAIL-1230,Wendy Park,10/26/2023,11:05:00 PDT,Jay Whitfield <jwhitfield@alderpointpartners.com>,Tom Reyes <treyes@alderpointpartners.com>,,Mountain Ridge survey — RM-3,Not Responsive,No,No,,<email-1230.202310261105@alderpointpartners.com>,Custodians/Wendy_Park/EMAIL-1230_Mountain_Ridge_survey_RM_3.eml
EMAIL-1231,Tom Reyes,12/01/2023,09:50:00 PST,Jay Whitfield <jwhitfield@alderpointpartners.com>,Tom Reyes <treyes@alderpointpartners.com>,,Mountain Ridge parcel list — RM-5 (distinct IDs),Not Responsive,No,No,,<email-1231.202312010950@alderpointpartners.com>,Custodians/Tom_Reyes/EMAIL-1231_Mountain_Ridge_parcel_list_RM_5_distinct_IDs.eml
EMAIL-1232,Priya Shah,07/14/2023,15:20:00 PDT,Tom Reyes <treyes@alderpointpartners.com>,Jay Whitfield <jwhitfield@alderpointpartners.com>,,Mountain Ridge county correction — RM parcel only,Not Responsive,No,No,,<email-1232.202307141520@alderpointpartners.com>,Custodians/Priya_Shah/EMAIL-1232_Mountain_Ridge_county_correction_RM_parcel_only.eml
EMAIL-1233,Facilities,10/19/2022,08:00:00 PDT,Jay Whitfield <jwhitfield@alderpointpartners.com>,Tom Reyes <treyes@alderpointpartners.com>,,Mountain Ridge parcel list — RM-1 (distinct IDs),Not Responsive,No,No,,<email-1233.202210190800@alderpointpartners.com>,Custodians/Facilities/EMAIL-1233_Mountain_Ridge_parcel_list_RM_1_distinct_IDs.eml
EMAIL-1234,Elena Marlowe,11/29/2022,10:50:00 PST,Jay Whitfield <jwhitfield@alderpointpartners.com>,Tom Reyes <treyes@alderpointpartners.com>,,Mountain Ridge broker note,Not Responsive,No,No,,<email-1234.202211291050@alderpointpartners.com>,Custodians/Elena_Marlowe/EMAIL-1234_Mountain_Ridge_broker_note.eml
EMAIL-1235,Grace Lin,12/30/2021,13:20:00 PST,Tom Reyes <treyes@alderpointpartners.com>,Nina Alvarez <nalvarez@alderpointpartners.com>,,Mountain Ridge parcel list — RM-2 (distinct IDs),Not Responsive,No,No,,<email-1235.202112301320@alderpointpartners.com>,Custodians/Grace_Lin/EMAIL-1235_Mountain_Ridge_parcel_list_RM_2_distinct_IDs.eml
EMAIL-1236,Sarah Nguyen,11/08/2022,10:55:00 PST,Nina Alvarez <nalvarez@alderpointpartners.com>,Tom Reyes <treyes@alderpointpartners.com>,,Mountain Ridge broker note,Not Responsive,No,No,,<email-1236.202211081055@alderpointpartners.com>,Custodians/Sarah_Nguyen/EMAIL-1236_Mountain_Ridge_broker_note.eml
EMAIL-1237,Hannah Cole,01/03/2023,09:50:00 PST,Jay Whitfield <jwhitfield@alderpointpartners.com>,Tom Reyes <treyes@alderpointpartners.com>,,Mountain Ridge county correction — RM parcel only,Not Responsive,No,No,,<email-1237.202301030950@alderpointpartners.com>,Custodians/Hannah_Cole/EMAIL-1237_Mountain_Ridge_county_correction_RM_parcel_only.eml
EMAIL-1238,HR,06/03/2023,15:30:00 PDT,Nina Alvarez <nalvarez@alderpointpartners.com>,Jay Whitfield <jwhitfield@alderpointpartners.com>,,Mountain Ridge survey — RM-4,Not Responsive,No,No,,<email-1238.202306031530@alderpointpartners.com>,Custodians/HR/EMAIL-1238_Mountain_Ridge_survey_RM_4.eml
EMAIL-1239,Facilities,02/23/2023,10:30:00 PST,Tom Reyes <treyes@alderpointpartners.com>,Priya Shah <pshah@alderpointpartners.com>,Nina Alvarez <nalvarez@alderpointpartners.com>,Mountain Ridge broker note,Not Responsive,No,No,,<email-1239.202302231030@alderpointpartners.com>,Custodians/Facilities/EMAIL-1239_Mountain_Ridge_broker_note.eml
EMAIL-1240,Sarah Nguyen,12/18/2021,08:10:00 PST,Priya Shah <pshah@alderpointpartners.com>,Tom Reyes <treyes@alderpointpartners.com>,,Mountain Ridge broker note,Not Responsive,No,No,,<email-1240.202112180810@alderpointpartners.com>,Custodians/Sarah_Nguyen/EMAIL-1240_Mountain_Ridge_broker_note.eml
EMAIL-1241,Facilities,03/06/2023,17:10:00 PDT,Jay Whitfield <jwhitfield@alderpointpartners.com>,Tom Reyes <treyes@alderpointpartners.com>,,Mountain Ridge county correction — RM parcel only,Not Responsive,No,No,,<email-1241.202303061710@alderpointpartners.com>,Custodians/Facilities/EMAIL-1241_Mountain_Ridge_county_correction_RM_parcel_only.eml
EMAIL-1242,Kevin Tran,11/30/2021,08:30:00 PST,Priya Shah <pshah@alderpointpartners.com>,Tom Reyes <treyes@alderpointpartners.com>,,Mountain Ridge survey — RM-5,Not Responsive,No,No,,<email-1242.202111300830@alderpointpartners.com>,Custodians/Kevin_Tran/EMAIL-1242_Mountain_Ridge_survey_RM_5.eml
EMAIL-1243,Priya Shah,03/06/2022,08:45:00 PDT,Tom Reyes <treyes@alderpointpartners.com>,Nina Alvarez <nalvarez@alderpointpartners.com>,,Mountain Ridge parcel list — RM-1 (distinct IDs),Not Responsive,No,No,,<email-1243.202203060845@alderpointpartners.com>,Custodians/Priya_Shah/EMAIL-1243_Mountain_Ridge_parcel_list_RM_1_distinct_IDs.eml
EMAIL-1244,Nina Alvarez,12/14/2022,10:40:00 PST,Tom Reyes <treyes@alderpointpartners.com>,Jay Whitfield <jwhitfield@alderpointpartners.com>,,Mountain Ridge parcel list — RM-4 (distinct IDs),Not Responsive,No,No,,<email-1244.202212141040@alderpointpartners.com>,Custodians/Nina_Alvarez/EMAIL-1244_Mountain_Ridge_parcel_list_RM_4_distinct_IDs.eml
EMAIL-1245,Marcus Webb,01/03/2023,09:40:00 PST,Jay Whitfield <jwhitfield@alderpointpartners.com>,Nina Alvarez <nalvarez@alderpointpartners.com>,,Mountain Ridge parcel list — RM-6 (distinct IDs),Not Responsive,No,No,,<email-1245.202301030940@alderpointpartners.com>,Custodians/Marcus_Webb/EMAIL-1245_Mountain_Ridge_parcel_list_RM_6_distinct_IDs.eml
EMAIL-1246,Priya Shah,07/03/2023,08:30:00 PDT,Marcus Webb <mwebb@cascadetimber.com>,Sarah Nguyen <snguyen@cascadetimber.com>,,Calendar invite,Not Responsive,No,No,,<email-1246.202307030830@cascadetimber.com>,Custodians/Priya_Shah/EMAIL-1246_Calendar_invite.eml
EMAIL-1247,Tom Reyes,05/06/2022,14:05:00 PDT,Craig Sato <csato@cascadetimber.com>,Tom Reyes <treyes@alderpointpartners.com>,,Out of office,Not Responsive,No,No,,<email-1247.202205061405@cascadetimber.com>,Custodians/Tom_Reyes/EMAIL-1247_Out_of_office.eml
EMAIL-1248,Kevin Tran,07/14/2022,13:05:00 PDT,Derek Holt <dholt@bellhavenadvisory.com>,Human Resources <hr@cascadetimber.com>,,Parking/facilities,Not Responsive,No,No,,<email-1248.202207141305@bellhavenadvisory.com>,Custodians/Kevin_Tran/EMAIL-1248_Parking_facilities.eml
EMAIL-1249,Human Resources,03/26/2023,15:50:00 PDT,Marcus Webb <mwebb@cascadetimber.com>,Jay Whitfield <jwhitfield@alderpointpartners.com>,,Calendar invite,Not Responsive,No,No,,<email-1249.202303261550@cascadetimber.com>,Custodians/Human_Resources/EMAIL-1249_Calendar_invite.eml
EMAIL-1250,Nina Alvarez,11/21/2022,15:15:00 PST,Craig Sato <csato@cascadetimber.com>,Sarah Nguyen <snguyen@cascadetimber.com>,,IT notice,Not Responsive,No,No,,<email-1250.202211211515@cascadetimber.com>,Custodians/Nina_Alvarez/EMAIL-1250_IT_notice.eml
EMAIL-1251,Robert Denniston,12/18/2023,09:25:00 PST,Wendy Park <wpark@cascadetimber.com>,Elena Marlowe <emarlowe@cascadetimber.com>,,Out of office,Not Responsive,No,No,,<email-1251.202312180925@cascadetimber.com>,Custodians/Robert_Denniston/EMAIL-1251_Out_of_office.eml
EMAIL-1252,Jay Whitfield,12/17/2021,13:45:00 PST,Frank Delgado <fdelgado@cascadetimber.com>,Elena Marlowe <emarlowe@cascadetimber.com>,,Fantasy pool,Not Responsive,No,No,,<email-1252.202112171345@cascadetimber.com>,Custodians/Jay_Whitfield/EMAIL-1252_Fantasy_pool.eml
EMAIL-1253,Dan Osei,10/05/2023,16:10:00 PDT,Priya Shah <pshah@alderpointpartners.com>,HR <hr@alderpointpartners.com>,,Parking/facilities,Not Responsive,No,No,,<email-1253.202310051610@alderpointpartners.com>,Custodians/Dan_Osei/EMAIL-1253_Parking_facilities.eml
EMAIL-1254,John Ellery,02/10/2023,15:15:00 PST,HR <hr@alderpointpartners.com>,Marcus Webb <mwebb@cascadetimber.com>,,Lunch plans,Not Responsive,No,No,,<email-1254.202302101515@alderpointpartners.com>,Custodians/John_Ellery/EMAIL-1254_Lunch_plans.eml
EMAIL-1255,Brenda Moss,11/07/2022,14:10:00 PST,Human Resources <hr@cascadetimber.com>,Deb Sanchez <dsanchez@cascadetimber.com>,,Calendar invite,Not Responsive,No,No,,<email-1255.202211071410@cascadetimber.com>,Custodians/Brenda_Moss/EMAIL-1255_Calendar_invite.eml
EMAIL-1256,Jay Whitfield,03/27/2023,11:15:00 PDT,Nina Alvarez <nalvarez@alderpointpartners.com>,Hannah Cole <hcole@cascadetimber.com>,,Fantasy pool,Not Responsive,No,No,,<email-1256.202303271115@alderpointpartners.com>,Custodians/Jay_Whitfield/EMAIL-1256_Fantasy_pool.eml
EMAIL-1257,Alan Brooks,12/09/2023,14:30:00 PST,Dan Osei <dosei@cascadetimber.com>,Elena Marlowe <emarlowe@cascadetimber.com>,,Parking/facilities,Not Responsive,No,No,,<email-1257.202312091430@cascadetimber.com>,Custodians/Alan_Brooks/EMAIL-1257_Parking_facilities.eml
EMAIL-1258,Elena Marlowe,05/31/2022,15:00:00 PDT,Wendy Park <wpark@cascadetimber.com>,Frank Delgado <fdelgado@cascadetimber.com>,,HR broadcast,Not Responsive,No,No,,<email-1258.202205311500@cascadetimber.com>,Custodians/Elena_Marlowe/EMAIL-1258_HR_broadcast.eml
EMAIL-1259,Elena Marlowe,04/18/2022,10:20:00 PDT,IT Notifications <it-notifications@cascadetimber.com>,Nina Alvarez <nalvarez@alderpointpartners.com>,,HR broadcast,Not Responsive,No,No,,<email-1259.202204181020@cascadetimber.com>,Custodians/Elena_Marlowe/EMAIL-1259_HR_broadcast.eml
EMAIL-1260,Elena Marlowe,07/15/2022,14:10:00 PDT,Sarah Nguyen <snguyen@cascadetimber.com>,Dan Osei <dosei@cascadetimber.com>,,Calendar invite,Not Responsive,No,No,,<email-1260.202207151410@cascadetimber.com>,Custodians/Elena_Marlowe/EMAIL-1260_Calendar_invite.eml
EMAIL-1261,A Patel,09/11/2023,15:05:00 PDT,Frank Delgado <fdelgado@cascadetimber.com>,Derek Holt <dholt@bellhavenadvisory.com>,Sarah Nguyen <snguyen@cascadetimber.com>,Out of office,Not Responsive,No,No,,<email-1261.202309111505@cascadetimber.com>,Custodians/A_Patel/EMAIL-1261_Out_of_office.eml
EMAIL-1262,Nina Alvarez,05/26/2023,11:45:00 PDT,Derek Holt <dholt@bellhavenadvisory.com>,Frank Delgado <fdelgado@cascadetimber.com>,,IT notice,Not Responsive,No,No,,<email-1262.202305261145@bellhavenadvisory.com>,Custodians/Nina_Alvarez/EMAIL-1262_IT_notice.eml
EMAIL-1263,John Ellery,01/12/2022,15:10:00 PST,Frank Delgado <fdelgado@cascadetimber.com>,Wendy Park <wpark@cascadetimber.com>,,Parking/facilities,Not Responsive,No,No,,<email-1263.202201121510@cascadetimber.com>,Custodians/John_Ellery/EMAIL-1263_Parking_facilities.eml
EMAIL-1264,John Ellery,12/20/2022,11:40:00 PST,HR <hr@alderpointpartners.com>,Nina Alvarez <nalvarez@alderpointpartners.com>,John Ellery <jellery@cascadetimber.com>,Conference chatter,Not Responsive,No,No,,<email-1264.202212201140@alderpointpartners.com>,Custodians/John_Ellery/EMAIL-1264_Conference_chatter.eml
EMAIL-1265,Hannah Cole,11/22/2023,11:05:00 PST,Derek Holt <dholt@bellhavenadvisory.com>,Elena Marlowe <emarlowe@cascadetimber.com>,,Out of office,Not Responsive,No,No,,<email-1265.202311221105@bellhavenadvisory.com>,Custodians/Hannah_Cole/EMAIL-1265_Out_of_office.eml
EMAIL-1266,Brenda Moss,05/06/2023,10:10:00 PDT,Human Resources <hr@cascadetimber.com>,Elena Marlowe <emarlowe@cascadetimber.com>,,HR broadcast,Not Responsive,No,No,,<email-1266.202305061010@cascadetimber.com>,Custodians/Brenda_Moss/EMAIL-1266_HR_broadcast.eml
EMAIL-1267,Jay Whitfield,01/06/2022,08:35:00 PST,Derek Holt <dholt@bellhavenadvisory.com>,Sarah Nguyen <snguyen@cascadetimber.com>,,Out of office,Not Responsive,No,No,,<email-1267.202201060835@bellhavenadvisory.com>,Custodians/Jay_Whitfield/EMAIL-1267_Out_of_office.eml
EMAIL-1268,Grace Lin,07/09/2023,08:25:00 PDT,Frank Delgado <fdelgado@cascadetimber.com>,Dan Osei <dosei@cascadetimber.com>,,Fantasy pool,Not Responsive,No,No,,<email-1268.202307090825@cascadetimber.com>,Custodians/Grace_Lin/EMAIL-1268_Fantasy_pool.eml
EMAIL-1269,Brenda Moss,12/02/2021,14:10:00 PST,Priya Shah <pshah@alderpointpartners.com>,Deb Sanchez <dsanchez@cascadetimber.com>,,Out of office,Not Responsive,No,No,,<email-1269.202112021410@alderpointpartners.com>,Custodians/Brenda_Moss/EMAIL-1269_Out_of_office.eml
EMAIL-1270,IT Notifications,03/06/2023,14:55:00 PDT,HR <hr@alderpointpartners.com>,Derek Holt <dholt@bellhavenadvisory.com>,,HR broadcast,Not Responsive,No,No,,<email-1270.202303061455@alderpointpartners.com>,Custodians/IT_Notifications/EMAIL-1270_HR_broadcast.eml
EMAIL-1271,Craig Sato,12/19/2023,09:55:00 PST,Dan Osei <dosei@cascadetimber.com>,Human Resources <hr@cascadetimber.com>,,Fantasy pool,Not Responsive,No,No,,<email-1271.202312190955@cascadetimber.com>,Custodians/Craig_Sato/EMAIL-1271_Fantasy_pool.eml
EMAIL-1272,Nina Alvarez,05/17/2022,09:30:00 PDT,Facilities <facilities@cascadetimber.com>,Tom Reyes <treyes@alderpointpartners.com>,,Out of office,Not Responsive,No,No,,<email-1272.202205170930@cascadetimber.com>,Custodians/Nina_Alvarez/EMAIL-1272_Out_of_office.eml
EMAIL-1273,Derek Holt,08/17/2022,15:30:00 PDT,Derek Holt <dholt@bellhavenadvisory.com>,Priya Shah <pshah@alderpointpartners.com>,,HR broadcast,Not Responsive,No,No,,<email-1273.202208171530@bellhavenadvisory.com>,Custodians/Derek_Holt/EMAIL-1273_HR_broadcast.eml
EMAIL-1274,Tom Reyes,03/06/2023,09:15:00 PDT,Facilities <facilities@cascadetimber.com>,Deb Sanchez <dsanchez@cascadetimber.com>,,Lunch plans,Not Responsive,No,No,,<email-1274.202303060915@cascadetimber.com>,Custodians/Tom_Reyes/EMAIL-1274_Lunch_plans.eml
EMAIL-1275,John Ellery,12/24/2021,14:35:00 PST,Deb Sanchez <dsanchez@cascadetimber.com>,John Ellery <jellery@cascadetimber.com>,,Fantasy pool,Not Responsive,Yes,No,,<email-1275.202112241435@cascadetimber.com>,Custodians/John_Ellery/EMAIL-1275_Fantasy_pool.eml
EMAIL-1276,HR,12/07/2023,15:10:00 PST,Dan Osei <dosei@cascadetimber.com>,Human Resources <hr@cascadetimber.com>,,Calendar invite,Not Responsive,No,No,,<email-1276.202312071510@cascadetimber.com>,Custodians/HR/EMAIL-1276_Calendar_invite.eml
EMAIL-1277,Sarah Nguyen,03/31/2023,08:40:00 PDT,Sarah Nguyen <snguyen@cascadetimber.com>,IT Notifications <it-notifications@cascadetimber.com>,,Out of office,Not Responsive,No,No,,<email-1277.202303310840@cascadetimber.com>,Custodians/Sarah_Nguyen/EMAIL-1277_Out_of_office.eml
EMAIL-1278,Human Resources,08/05/2022,14:35:00 PDT,Nina Alvarez <nalvarez@alderpointpartners.com>,Facilities <facilities@cascadetimber.com>,,Parking/facilities,Not Responsive,No,No,,<email-1278.202208051435@alderpointpartners.com>,Custodians/Human_Resources/EMAIL-1278_Parking_facilities.eml
EMAIL-1279,John Ellery,08/09/2022,09:00:00 PDT,Robert Denniston <rdenniston@cascadetimber.com>,John Ellery <jellery@cascadetimber.com>,,Duplicate — v4,Not Responsive,Yes,No,,<email-1279.202208090900@cascadetimber.com>,Custodians/John_Ellery/EMAIL-1279_Duplicate_v4.eml
EMAIL-1280,Derek Holt,01/05/2023,09:15:00 PST,Marcus Webb <mwebb@cascadetimber.com>,Elena Marlowe <emarlowe@cascadetimber.com>,,Parking/facilities,Not Responsive,No,No,,<email-1280.202301050915@cascadetimber.com>,Custodians/Derek_Holt/EMAIL-1280_Parking_facilities.eml
EMAIL-1281,Priya Shah,10/06/2022,08:15:00 PDT,Wendy Park <wpark@cascadetimber.com>,Frank Delgado <fdelgado@cascadetimber.com>,,Calendar invite,Not Responsive,No,No,,<email-1281.202210060815@cascadetimber.com>,Custodians/Priya_Shah/EMAIL-1281_Calendar_invite.eml
EMAIL-1282,Priya Shah,07/20/2023,08:00:00 PDT,Marcus Webb <mwebb@cascadetimber.com>,Sarah Nguyen <snguyen@cascadetimber.com>,,Lunch plans,Not Responsive,No,No,,<email-1282.202307200800@cascadetimber.com>,Custodians/Priya_Shah/EMAIL-1282_Lunch_plans.eml
EMAIL-1283,John Ellery,03/21/2023,11:50:00 PDT,Dan Osei <dosei@cascadetimber.com>,Jay Whitfield <jwhitfield@alderpointpartners.com>,,IT notice,Not Responsive,No,No,,<email-1283.202303211150@cascadetimber.com>,Custodians/John_Ellery/EMAIL-1283_IT_notice.eml
EMAIL-1284,Priya Shah,11/23/2021,08:25:00 PST,Nina Alvarez <nalvarez@alderpointpartners.com>,Craig Sato <csato@cascadetimber.com>,,Duplicate — v2,Not Responsive,No,No,,<email-1284.202111230825@alderpointpartners.com>,Custodians/Priya_Shah/EMAIL-1284_Duplicate_v2.eml
EMAIL-1285,Tom Reyes,12/25/2021,11:10:00 PST,Jay Whitfield <jwhitfield@alderpointpartners.com>,Elena Marlowe <emarlowe@cascadetimber.com>,,Parking/facilities,Not Responsive,No,No,,<email-1285.202112251110@alderpointpartners.com>,Custodians/Tom_Reyes/EMAIL-1285_Parking_facilities.eml
EMAIL-1286,Mia Chen,06/30/2023,14:55:00 PDT,Craig Sato <csato@cascadetimber.com>,Elena Marlowe <emarlowe@cascadetimber.com>,,Duplicate — v3,Not Responsive,No,No,,<email-1286.202306301455@cascadetimber.com>,Custodians/Mia_Chen/EMAIL-1286_Duplicate_v3.eml
EMAIL-1287,Human Resources,07/15/2023,14:50:00 PDT,Frank Delgado <fdelgado@cascadetimber.com>,Jay Whitfield <jwhitfield@alderpointpartners.com>,,Duplicate — v4,Not Responsive,No,No,,<email-1287.202307151450@cascadetimber.com>,Custodians/Human_Resources/EMAIL-1287_Duplicate_v4.eml
EMAIL-1288,Mia Chen,11/18/2022,08:55:00 PST,Jay Whitfield <jwhitfield@alderpointpartners.com>,Hannah Cole <hcole@cascadetimber.com>,,Conference chatter,Not Responsive,No,No,,<email-1288.202211180855@alderpointpartners.com>,Custodians/Mia_Chen/EMAIL-1288_Conference_chatter.eml
EMAIL-1289,Marcus Webb,04/13/2023,13:10:00 PDT,Tom Reyes <treyes@alderpointpartners.com>,Renee Ford <rford@bellhavenadvisory.com>,,Duplicate — v2,Not Responsive,No,No,,<email-1289.202304131310@alderpointpartners.com>,Custodians/Marcus_Webb/EMAIL-1289_Duplicate_v2.eml
EMAIL-1290,Dana Whitaker,04/22/2022,11:55:00 PDT,Derek Holt <dholt@bellhavenadvisory.com>,Wendy Park <wpark@cascadetimber.com>,,Out of office,Not Responsive,No,No,,<email-1290.202204221155@bellhavenadvisory.com>,Custodians/Dana_Whitaker/EMAIL-1290_Out_of_office.eml
EMAIL-1291,John Ellery,08/27/2022,08:40:00 PDT,Deb Sanchez <dsanchez@cascadetimber.com>,Robert Denniston <rdenniston@cascadetimber.com>,,Fantasy pool,Not Responsive,No,No,,<email-1291.202208270840@cascadetimber.com>,Custodians/John_Ellery/EMAIL-1291_Fantasy_pool.eml
EMAIL-1292,Sarah Nguyen,08/03/2023,09:35:00 PDT,Human Resources <hr@cascadetimber.com>,Sarah Nguyen <snguyen@cascadetimber.com>,,Lunch plans,Not Responsive,No,No,,<email-1292.202308030935@cascadetimber.com>,Custodians/Sarah_Nguyen/EMAIL-1292_Lunch_plans.eml
EMAIL-1293,Wendy Park,06/26/2023,19:55:00 PDT,Dan Osei <dosei@cascadetimber.com>,Jay Whitfield <jwhitfield@alderpointpartners.com>,,Calendar invite,Not Responsive,No,No,,<email-1293.202306261955@cascadetimber.com>,Custodians/Wendy_Park/EMAIL-1293_Calendar_invite.eml
EMAIL-1294,A Patel,06/05/2022,08:45:00 PDT,John Ellery <jellery@cascadetimber.com>,Deb Sanchez <dsanchez@cascadetimber.com>,,Calendar invite,Not Responsive,Yes,No,,<email-1294.202206050845@cascadetimber.com>,Custodians/A_Patel/EMAIL-1294_Calendar_invite.eml
EMAIL-1295,Derek Holt,04/17/2022,08:35:00 PDT,Sarah Nguyen <snguyen@cascadetimber.com>,Elena Marlowe <emarlowe@cascadetimber.com>,,Duplicate — v3,Not Responsive,No,No,,<email-1295.202204170835@cascadetimber.com>,Custodians/Derek_Holt/EMAIL-1295_Duplicate_v3.eml
EMAIL-1296,Robert Denniston,08/31/2023,08:55:00 PDT,Jay Whitfield <jwhitfield@alderpointpartners.com>,John Ellery <jellery@cascadetimber.com>,Tom Reyes <treyes@alderpointpartners.com>,Lunch plans,Not Responsive,No,No,,<email-1296.202308310855@alderpointpartners.com>,Custodians/Robert_Denniston/EMAIL-1296_Lunch_plans.eml
EMAIL-1297,Marcus Webb,11/07/2022,08:10:00 PST,Derek Holt <dholt@bellhavenadvisory.com>,Renee Ford <rford@bellhavenadvisory.com>,,Duplicate — v2,Not Responsive,No,No,,<email-1297.202211070810@bellhavenadvisory.com>,Custodians/Marcus_Webb/EMAIL-1297_Duplicate_v2.eml
EMAIL-1298,Alan Brooks,05/30/2023,10:50:00 PDT,Frank Delgado <fdelgado@cascadetimber.com>,IT Notifications <it-notifications@cascadetimber.com>,,Expense/travel,Not Responsive,No,No,,<email-1298.202305301050@cascadetimber.com>,Custodians/Alan_Brooks/EMAIL-1298_Expense_travel.eml
EMAIL-1299,Brenda Moss,03/24/2022,13:40:00 PDT,Human Resources <hr@cascadetimber.com>,Marcus Webb <mwebb@cascadetimber.com>,,Calendar invite,Not Responsive,No,No,,<email-1299.202203241340@cascadetimber.com>,Custodians/Brenda_Moss/EMAIL-1299_Calendar_invite.eml
EMAIL-1300,Sarah Nguyen,09/02/2022,10:30:00 PDT,Renee Ford <rford@bellhavenadvisory.com>,Hannah Cole <hcole@cascadetimber.com>,,Out of office,Not Responsive,No,No,,<email-1300.202209021030@bellhavenadvisory.com>,Custodians/Sarah_Nguyen/EMAIL-1300_Out_of_office.eml
EMAIL-1301,Sarah Nguyen,01/20/2022,08:35:00 PST,Elena Marlowe <emarlowe@cascadetimber.com>,Priya Shah <pshah@alderpointpartners.com>,,Lunch plans,Not Responsive,No,No,,<email-1301.202201200835@cascadetimber.com>,Custodians/Sarah_Nguyen/EMAIL-1301_Lunch_plans.eml
EMAIL-1302,Human Resources,07/07/2023,11:40:00 PDT,Robert Denniston <rdenniston@cascadetimber.com>,Frank Delgado <fdelgado@cascadetimber.com>,,Expense/travel,Not Responsive,No,No,,<email-1302.202307071140@cascadetimber.com>,Custodians/Human_Resources/EMAIL-1302_Expense_travel.eml
EMAIL-1303,A Patel,05/23/2023,09:00:00 PDT,HR <hr@alderpointpartners.com>,Frank Delgado <fdelgado@cascadetimber.com>,,Conference chatter,Not Responsive,No,No,,<email-1303.202305230900@alderpointpartners.com>,Custodians/A_Patel/EMAIL-1303_Conference_chatter.eml
EMAIL-1304,Robert Denniston,03/27/2023,16:55:00 PDT,IT Notifications <it-notifications@cascadetimber.com>,Hannah Cole <hcole@cascadetimber.com>,,Calendar invite,Not Responsive,No,No,,<email-1304.202303271655@cascadetimber.com>,Custodians/Robert_Denniston/EMAIL-1304_Calendar_invite.eml
EMAIL-1305,Grace Lin,11/12/2023,10:45:00 PST,Facilities <facilities@cascadetimber.com>,Jay Whitfield <jwhitfield@alderpointpartners.com>,,Conference chatter,Not Responsive,No,No,,<email-1305.202311121045@cascadetimber.com>,Custodians/Grace_Lin/EMAIL-1305_Conference_chatter.eml
EMAIL-1306,Dan Osei,06/15/2022,13:25:00 PDT,Hannah Cole <hcole@cascadetimber.com>,Elena Marlowe <emarlowe@cascadetimber.com>,,Lunch plans,Not Responsive,No,No,,<email-1306.202206151325@cascadetimber.com>,Custodians/Dan_Osei/EMAIL-1306_Lunch_plans.eml
EMAIL-1307,Priya Shah,06/30/2023,15:30:00 PDT,Renee Ford <rford@bellhavenadvisory.com>,Tom Reyes <treyes@alderpointpartners.com>,Derek Holt <dholt@bellhavenadvisory.com>,HR broadcast,Not Responsive,No,No,,<email-1307.202306301530@bellhavenadvisory.com>,Custodians/Priya_Shah/EMAIL-1307_HR_broadcast.eml
EMAIL-1308,Frank Delgado,12/30/2021,08:55:00 PST,IT Notifications <it-notifications@cascadetimber.com>,Human Resources <hr@cascadetimber.com>,,Lunch plans,Not Responsive,No,No,,<email-1308.202112300855@cascadetimber.com>,Custodians/Frank_Delgado/EMAIL-1308_Lunch_plans.eml
EMAIL-1309,Kevin Tran,03/20/2022,09:00:00 PDT,HR <hr@alderpointpartners.com>,Hannah Cole <hcole@cascadetimber.com>,Frank Delgado <fdelgado@cascadetimber.com>,Fantasy pool,Not Responsive,No,No,,<email-1309.202203200900@alderpointpartners.com>,Custodians/Kevin_Tran/EMAIL-1309_Fantasy_pool.eml
EMAIL-1310,Sarah Nguyen,11/05/2023,08:45:00 PST,Priya Shah <pshah@alderpointpartners.com>,Marcus Webb <mwebb@cascadetimber.com>,,Duplicate — v2,Not Responsive,No,No,,<email-1310.202311050845@alderpointpartners.com>,Custodians/Sarah_Nguyen/EMAIL-1310_Duplicate_v2.eml
EMAIL-1311,Nina Alvarez,02/11/2022,10:15:00 PST,Sarah Nguyen <snguyen@cascadetimber.com>,Derek Holt <dholt@bellhavenadvisory.com>,,HR broadcast,Not Responsive,No,No,,<email-1311.202202111015@cascadetimber.com>,Custodians/Nina_Alvarez/EMAIL-1311_HR_broadcast.eml
EMAIL-1312,Craig Sato,10/15/2022,13:05:00 PDT,Derek Holt <dholt@bellhavenadvisory.com>,Robert Denniston <rdenniston@cascadetimber.com>,,Conference chatter,Not Responsive,No,No,,<email-1312.202210151305@bellhavenadvisory.com>,Custodians/Craig_Sato/EMAIL-1312_Conference_chatter.eml
EMAIL-1313,Elena Marlowe,11/20/2023,09:20:00 PST,Renee Ford <rford@bellhavenadvisory.com>,Craig Sato <csato@cascadetimber.com>,,Parking/facilities,Not Responsive,No,No,,<email-1313.202311200920@bellhavenadvisory.com>,Custodians/Elena_Marlowe/EMAIL-1313_Parking_facilities.eml
EMAIL-1314,Elena Marlowe,08/30/2022,11:25:00 PDT,Craig Sato <csato@cascadetimber.com>,Facilities <facilities@cascadetimber.com>,,Parking/facilities,Not Responsive,No,No,,<email-1314.202208301125@cascadetimber.com>,Custodians/Elena_Marlowe/EMAIL-1314_Parking_facilities.eml
EMAIL-1315,Nina Alvarez,12/21/2021,11:20:00 PST,Renee Ford <rford@bellhavenadvisory.com>,Priya Shah <pshah@alderpointpartners.com>,,Lunch plans,Not Responsive,No,No,,<email-1315.202112211120@bellhavenadvisory.com>,Custodians/Nina_Alvarez/EMAIL-1315_Lunch_plans.eml
EMAIL-1316,Mia Chen,12/11/2023,09:40:00 PST,Jay Whitfield <jwhitfield@alderpointpartners.com>,Renee Ford <rford@bellhavenadvisory.com>,,Parking/facilities,Not Responsive,No,No,,<email-1316.202312110940@alderpointpartners.com>,Custodians/Mia_Chen/EMAIL-1316_Parking_facilities.eml
EMAIL-1317,Facilities,03/28/2023,16:15:00 PDT,Craig Sato <csato@cascadetimber.com>,Dan Osei <dosei@cascadetimber.com>,,HR broadcast,Not Responsive,No,No,,<email-1317.202303281615@cascadetimber.com>,Custodians/Facilities/EMAIL-1317_HR_broadcast.eml
EMAIL-1318,Human Resources,12/18/2021,09:15:00 PST,Wendy Park <wpark@cascadetimber.com>,Priya Shah <pshah@alderpointpartners.com>,,Parking/facilities,Not Responsive,No,No,,<email-1318.202112180915@cascadetimber.com>,Custodians/Human_Resources/EMAIL-1318_Parking_facilities.eml
EMAIL-1319,Tom Reyes,11/11/2022,15:15:00 PST,Renee Ford <rford@bellhavenadvisory.com>,IT Notifications <it-notifications@cascadetimber.com>,,Expense/travel,Not Responsive,No,No,,<email-1319.202211111515@bellhavenadvisory.com>,Custodians/Tom_Reyes/EMAIL-1319_Expense_travel.eml
EMAIL-1320,Mia Chen,01/16/2023,11:40:00 PST,Renee Ford <rford@bellhavenadvisory.com>,HR <hr@alderpointpartners.com>,,Duplicate — v3,Not Responsive,No,No,,<email-1320.202301161140@bellhavenadvisory.com>,Custodians/Mia_Chen/EMAIL-1320_Duplicate_v3.eml
EMAIL-1321,A Patel,08/26/2022,13:25:00 PDT,Jay Whitfield <jwhitfield@alderpointpartners.com>,Marcus Webb <mwebb@cascadetimber.com>,,Expense/travel,Not Responsive,No,No,,<email-1321.202208261325@alderpointpartners.com>,Custodians/A_Patel/EMAIL-1321_Expense_travel.eml
EMAIL-1322,Brenda Moss,02/24/2023,11:40:00 PST,Elena Marlowe <emarlowe@cascadetimber.com>,Nina Alvarez <nalvarez@alderpointpartners.com>,,IT notice,Not Responsive,No,No,,<email-1322.202302241140@cascadetimber.com>,Custodians/Brenda_Moss/EMAIL-1322_IT_notice.eml
EMAIL-1323,Grace Lin,02/17/2022,08:30:00 PST,IT Notifications <it-notifications@cascadetimber.com>,Derek Holt <dholt@bellhavenadvisory.com>,Priya Shah <pshah@alderpointpartners.com>,Lunch plans,Not Responsive,No,No,,<email-1323.202202170830@cascadetimber.com>,Custodians/Grace_Lin/EMAIL-1323_Lunch_plans.eml
EMAIL-1324,Sarah Nguyen,07/21/2023,17:05:00 PDT,Human Resources <hr@cascadetimber.com>,Deb Sanchez <dsanchez@cascadetimber.com>,,Calendar invite,Not Responsive,No,No,,<email-1324.202307211705@cascadetimber.com>,Custodians/Sarah_Nguyen/EMAIL-1324_Calendar_invite.eml
EMAIL-1325,HR,10/12/2023,14:15:00 PDT,Priya Shah <pshah@alderpointpartners.com>,HR <hr@alderpointpartners.com>,,HR broadcast,Not Responsive,No,No,,<email-1325.202310121415@alderpointpartners.com>,Custodians/HR/EMAIL-1325_HR_broadcast.eml
EMAIL-1326,Robert Denniston,12/24/2022,09:00:00 PST,HR <hr@alderpointpartners.com>,Deb Sanchez <dsanchez@cascadetimber.com>,Priya Shah <pshah@alderpointpartners.com>,Duplicate — v4,Not Responsive,No,No,,<email-1326.202212240900@alderpointpartners.com>,Custodians/Robert_Denniston/EMAIL-1326_Duplicate_v4.eml
EMAIL-1327,Dan Osei,02/06/2022,13:55:00 PST,Dan Osei <dosei@cascadetimber.com>,Priya Shah <pshah@alderpointpartners.com>,Robert Denniston <rdenniston@cascadetimber.com>,Duplicate — v3,Not Responsive,No,No,,<email-1327.202202061355@cascadetimber.com>,Custodians/Dan_Osei/EMAIL-1327_Duplicate_v3.eml
EMAIL-1328,Jay Whitfield,09/30/2023,15:20:00 PDT,Renee Ford <rford@bellhavenadvisory.com>,Tom Reyes <treyes@alderpointpartners.com>,HR <hr@alderpointpartners.com>,Parking/facilities,Not Responsive,No,No,,<email-1328.202309301520@bellhavenadvisory.com>,Custodians/Jay_Whitfield/EMAIL-1328_Parking_facilities.eml
EMAIL-1329,Dan Osei,03/11/2023,17:10:00 PDT,Wendy Park <wpark@cascadetimber.com>,Frank Delgado <fdelgado@cascadetimber.com>,,Duplicate — v3,Not Responsive,No,No,,<email-1329.202303111710@cascadetimber.com>,Custodians/Dan_Osei/EMAIL-1329_Duplicate_v3.eml
EMAIL-1330,Marcus Webb,05/03/2022,08:35:00 PDT,Facilities <facilities@cascadetimber.com>,Elena Marlowe <emarlowe@cascadetimber.com>,,IT notice,Not Responsive,No,No,,<email-1330.202205030835@cascadetimber.com>,Custodians/Marcus_Webb/EMAIL-1330_IT_notice.eml
EMAIL-1331,Craig Sato,02/08/2023,10:45:00 PST,Robert Denniston <rdenniston@cascadetimber.com>,Nina Alvarez <nalvarez@alderpointpartners.com>,,HR broadcast,Not Responsive,No,No,,<email-1331.202302081045@cascadetimber.com>,Custodians/Craig_Sato/EMAIL-1331_HR_broadcast.eml
EMAIL-1332,Frank Delgado,01/15/2022,09:25:00 PST,Tom Reyes <treyes@alderpointpartners.com>,Elena Marlowe <emarlowe@cascadetimber.com>,,Fantasy pool,Not Responsive,No,No,,<email-1332.202201150925@alderpointpartners.com>,Custodians/Frank_Delgado/EMAIL-1332_Fantasy_pool.eml
EMAIL-1333,Wendy Park,12/24/2022,10:20:00 PST,Frank Delgado <fdelgado@cascadetimber.com>,Marcus Webb <mwebb@cascadetimber.com>,Elena Marlowe <emarlowe@cascadetimber.com>,Conference chatter,Not Responsive,No,No,,<email-1333.202212241020@cascadetimber.com>,Custodians/Wendy_Park/EMAIL-1333_Conference_chatter.eml
EMAIL-1334,Dan Osei,02/12/2022,08:15:00 PST,Hannah Cole <hcole@cascadetimber.com>,Craig Sato <csato@cascadetimber.com>,,Expense/travel,Not Responsive,No,No,,<email-1334.202202120815@cascadetimber.com>,Custodians/Dan_Osei/EMAIL-1334_Expense_travel.eml
EMAIL-1335,Tom Reyes,02/14/2022,08:30:00 PST,Facilities <facilities@cascadetimber.com>,IT Notifications <it-notifications@cascadetimber.com>,,Out of office,Not Responsive,No,No,,<email-1335.202202140830@cascadetimber.com>,Custodians/Tom_Reyes/EMAIL-1335_Out_of_office.eml
EMAIL-1336,Wendy Park,09/08/2022,09:55:00 PDT,IT Notifications <it-notifications@cascadetimber.com>,Renee Ford <rford@bellhavenadvisory.com>,,Fantasy pool,Not Responsive,No,No,,<email-1336.202209080955@cascadetimber.com>,Custodians/Wendy_Park/EMAIL-1336_Fantasy_pool.eml
EMAIL-1337,IT Notifications,05/02/2022,11:35:00 PDT,Wendy Park <wpark@cascadetimber.com>,Frank Delgado <fdelgado@cascadetimber.com>,,Out of office,Not Responsive,No,No,,<email-1337.202205021135@cascadetimber.com>,Custodians/IT_Notifications/EMAIL-1337_Out_of_office.eml
EMAIL-1338,Facilities,11/06/2021,13:00:00 PST,Human Resources <hr@cascadetimber.com>,Marcus Webb <mwebb@cascadetimber.com>,,Conference chatter,Not Responsive,No,No,,<email-1338.202111061300@cascadetimber.com>,Custodians/Facilities/EMAIL-1338_Conference_chatter.eml
EMAIL-1339,Jay Whitfield,12/22/2023,11:15:00 PST,John Ellery <jellery@cascadetimber.com>,Elena Marlowe <emarlowe@cascadetimber.com>,,HR broadcast,Not Responsive,Yes,No,,<email-1339.202312221115@cascadetimber.com>,Custodians/Jay_Whitfield/EMAIL-1339_HR_broadcast.eml
EMAIL-1340,Grace Lin,01/19/2022,10:25:00 PST,Human Resources <hr@cascadetimber.com>,Hannah Cole <hcole@cascadetimber.com>,,Calendar invite,Not Responsive,No,No,,<email-1340.202201191025@cascadetimber.com>,Custodians/Grace_Lin/EMAIL-1340_Calendar_invite.eml
EMAIL-1341,Wendy Park,11/25/2021,09:15:00 PST,Renee Ford <rford@bellhavenadvisory.com>,Elena Marlowe <emarlowe@cascadetimber.com>,,Out of office,Not Responsive,No,No,,<email-1341.202111250915@bellhavenadvisory.com>,Custodians/Wendy_Park/EMAIL-1341_Out_of_office.eml
EMAIL-1342,Wendy Park,07/14/2022,16:00:00 PDT,Robert Denniston <rdenniston@cascadetimber.com>,Craig Sato <csato@cascadetimber.com>,,Expense/travel,Not Responsive,No,No,,<email-1342.202207141600@cascadetimber.com>,Custodians/Wendy_Park/EMAIL-1342_Expense_travel.eml
EMAIL-1343,Hannah Cole,01/31/2023,10:05:00 PST,Tom Reyes <treyes@alderpointpartners.com>,Nina Alvarez <nalvarez@alderpointpartners.com>,,Fantasy pool,Not Responsive,No,No,,<email-1343.202301311005@alderpointpartners.com>,Custodians/Hannah_Cole/EMAIL-1343_Fantasy_pool.eml
EMAIL-1344,Alan Brooks,11/12/2022,15:40:00 PST,Robert Denniston <rdenniston@cascadetimber.com>,Frank Delgado <fdelgado@cascadetimber.com>,,Expense/travel,Not Responsive,No,No,,<email-1344.202211121540@cascadetimber.com>,Custodians/Alan_Brooks/EMAIL-1344_Expense_travel.eml
EMAIL-1345,Marcus Webb,02/13/2022,10:10:00 PST,Nina Alvarez <nalvarez@alderpointpartners.com>,John Ellery <jellery@cascadetimber.com>,,IT notice,Not Responsive,No,No,,<email-1345.202202131010@alderpointpartners.com>,Custodians/Marcus_Webb/EMAIL-1345_IT_notice.eml
EMAIL-1346,Sarah Nguyen,12/19/2022,09:10:00 PST,Robert Denniston <rdenniston@cascadetimber.com>,Tom Reyes <treyes@alderpointpartners.com>,,Conference chatter,Not Responsive,No,No,,<email-1346.202212190910@cascadetimber.com>,Custodians/Sarah_Nguyen/EMAIL-1346_Conference_chatter.eml
EMAIL-1347,Wendy Park,08/16/2022,09:10:00 PDT,Facilities <facilities@cascadetimber.com>,Frank Delgado <fdelgado@cascadetimber.com>,,Expense/travel,Not Responsive,No,No,,<email-1347.202208160910@cascadetimber.com>,Custodians/Wendy_Park/EMAIL-1347_Expense_travel.eml
EMAIL-1348,Nina Alvarez,10/18/2022,14:10:00 PDT,Facilities <facilities@cascadetimber.com>,Nina Alvarez <nalvarez@alderpointpartners.com>,,Parking/facilities,Not Responsive,No,No,,<email-1348.202210181410@cascadetimber.com>,Custodians/Nina_Alvarez/EMAIL-1348_Parking_facilities.eml
EMAIL-1349,Derek Holt,10/26/2022,09:05:00 PDT,IT Notifications <it-notifications@cascadetimber.com>,Craig Sato <csato@cascadetimber.com>,,Expense/travel,Not Responsive,No,No,,<email-1349.202210260905@cascadetimber.com>,Custodians/Derek_Holt/EMAIL-1349_Expense_travel.eml
EMAIL-1350,Wendy Park,01/11/2022,08:00:00 PST,Facilities <facilities@cascadetimber.com>,Nina Alvarez <nalvarez@alderpointpartners.com>,,HR broadcast,Not Responsive,No,No,,<email-1350.202201110800@cascadetimber.com>,Custodians/Wendy_Park/EMAIL-1350_HR_broadcast.eml
EMAIL-1351,Mia Chen,11/07/2023,17:40:00 PST,Deb Sanchez <dsanchez@cascadetimber.com>,Elena Marlowe <emarlowe@cascadetimber.com>,,Lunch plans,Not Responsive,No,No,,<email-1351.202311071740@cascadetimber.com>,Custodians/Mia_Chen/EMAIL-1351_Lunch_plans.eml
EMAIL-1352,Frank Delgado,05/24/2023,08:15:00 PDT,Tom Reyes <treyes@alderpointpartners.com>,Jay Whitfield <jwhitfield@alderpointpartners.com>,,HR broadcast,Not Responsive,No,No,,<email-1352.202305240815@alderpointpartners.com>,Custodians/Frank_Delgado/EMAIL-1352_HR_broadcast.eml
EMAIL-1353,Human Resources,12/21/2023,09:10:00 PST,IT Notifications <it-notifications@cascadetimber.com>,Jay Whitfield <jwhitfield@alderpointpartners.com>,,Calendar invite,Not Responsive,No,No,,<email-1353.202312210910@cascadetimber.com>,Custodians/Human_Resources/EMAIL-1353_Calendar_invite.eml
EMAIL-1354,Elena Marlowe,08/21/2022,10:45:00 PDT,Wendy Park <wpark@cascadetimber.com>,Derek Holt <dholt@bellhavenadvisory.com>,,Conference chatter,Not Responsive,No,No,,<email-1354.202208211045@cascadetimber.com>,Custodians/Elena_Marlowe/EMAIL-1354_Conference_chatter.eml
EMAIL-1355,Mia Chen,11/05/2021,13:40:00 PST,Tom Reyes <treyes@alderpointpartners.com>,Derek Holt <dholt@bellhavenadvisory.com>,,Out of office,Not Responsive,No,No,,<email-1355.202111051340@alderpointpartners.com>,Custodians/Mia_Chen/EMAIL-1355_Out_of_office.eml
EMAIL-1356,Tom Reyes,10/24/2022,10:20:00 PDT,Priya Shah <pshah@alderpointpartners.com>,Nina Alvarez <nalvarez@alderpointpartners.com>,,Conference chatter,Not Responsive,No,No,,<email-1356.202210241020@alderpointpartners.com>,Custodians/Tom_Reyes/EMAIL-1356_Conference_chatter.eml
EMAIL-1357,Craig Sato,04/08/2023,11:55:00 PDT,Hannah Cole <hcole@cascadetimber.com>,Craig Sato <csato@cascadetimber.com>,Sarah Nguyen <snguyen@cascadetimber.com>,Parking/facilities,Not Responsive,No,No,,<email-1357.202304081155@cascadetimber.com>,Custodians/Craig_Sato/EMAIL-1357_Parking_facilities.eml
EMAIL-1358,Dan Osei,09/13/2022,10:30:00 PDT,Priya Shah <pshah@alderpointpartners.com>,Robert Denniston <rdenniston@cascadetimber.com>,,IT notice,Not Responsive,No,No,,<email-1358.202209131030@alderpointpartners.com>,Custodians/Dan_Osei/EMAIL-1358_IT_notice.eml
EMAIL-1359,Priya Shah,01/14/2023,09:20:00 PST,Priya Shah <pshah@alderpointpartners.com>,Facilities <facilities@cascadetimber.com>,,HR broadcast,Not Responsive,No,No,,<email-1359.202301140920@alderpointpartners.com>,Custodians/Priya_Shah/EMAIL-1359_HR_broadcast.eml
EMAIL-1360,Nina Alvarez,09/21/2023,10:50:00 PDT,Renee Ford <rford@bellhavenadvisory.com>,Tom Reyes <treyes@alderpointpartners.com>,,Conference chatter,Not Responsive,No,No,,<email-1360.202309211050@bellhavenadvisory.com>,Custodians/Nina_Alvarez/EMAIL-1360_Conference_chatter.eml
EMAIL-1361,Marcus Webb,07/08/2022,10:35:00 PDT,Human Resources <hr@cascadetimber.com>,IT Notifications <it-notifications@cascadetimber.com>,,Conference chatter,Not Responsive,No,No,,<email-1361.202207081035@cascadetimber.com>,Custodians/Marcus_Webb/EMAIL-1361_Conference_chatter.eml
EMAIL-1362,Grace Lin,09/25/2023,14:30:00 PDT,Renee Ford <rford@bellhavenadvisory.com>,Jay Whitfield <jwhitfield@alderpointpartners.com>,Frank Delgado <fdelgado@cascadetimber.com>,Expense/travel,Not Responsive,No,No,,<email-1362.202309251430@bellhavenadvisory.com>,Custodians/Grace_Lin/EMAIL-1362_Expense_travel.eml
EMAIL-1363,Sarah Nguyen,11/11/2023,09:50:00 PST,Marcus Webb <mwebb@cascadetimber.com>,Dan Osei <dosei@cascadetimber.com>,Jay Whitfield <jwhitfield@alderpointpartners.com>,Fantasy pool,Not Responsive,No,No,,<email-1363.202311110950@cascadetimber.com>,Custodians/Sarah_Nguyen/EMAIL-1363_Fantasy_pool.eml
EMAIL-1364,Frank Delgado,01/09/2022,11:40:00 PST,Hannah Cole <hcole@cascadetimber.com>,Frank Delgado <fdelgado@cascadetimber.com>,,Parking/facilities,Not Responsive,No,No,,<email-1364.202201091140@cascadetimber.com>,Custodians/Frank_Delgado/EMAIL-1364_Parking_facilities.eml
EMAIL-1365,Grace Lin,12/12/2023,14:15:00 PST,Human Resources <hr@cascadetimber.com>,Elena Marlowe <emarlowe@cascadetimber.com>,,HR broadcast,Not Responsive,No,No,,<email-1365.202312121415@cascadetimber.com>,Custodians/Grace_Lin/EMAIL-1365_HR_broadcast.eml
EMAIL-1366,Dan Osei,03/19/2023,15:55:00 PDT,Elena Marlowe <emarlowe@cascadetimber.com>,Dan Osei <dosei@cascadetimber.com>,,Fantasy pool,Not Responsive,No,No,,<email-1366.202303191555@cascadetimber.com>,Custodians/Dan_Osei/EMAIL-1366_Fantasy_pool.eml
EMAIL-1367,Wendy Park,08/24/2023,15:40:00 PDT,Sarah Nguyen <snguyen@cascadetimber.com>,Dan Osei <dosei@cascadetimber.com>,,Lunch plans,Not Responsive,No,No,,<email-1367.202308241540@cascadetimber.com>,Custodians/Wendy_Park/EMAIL-1367_Lunch_plans.eml
EMAIL-1368,Craig Sato,02/07/2022,08:30:00 PST,Sarah Nguyen <snguyen@cascadetimber.com>,Elena Marlowe <emarlowe@cascadetimber.com>,,Lunch plans,Not Responsive,No,No,,<email-1368.202202070830@cascadetimber.com>,Custodians/Craig_Sato/EMAIL-1368_Lunch_plans.eml
EMAIL-1369,Nina Alvarez,02/11/2023,10:00:00 PST,Nina Alvarez <nalvarez@alderpointpartners.com>,Derek Holt <dholt@bellhavenadvisory.com>,,Lunch plans,Not Responsive,No,No,,<email-1369.202302111000@alderpointpartners.com>,Custodians/Nina_Alvarez/EMAIL-1369_Lunch_plans.eml
EMAIL-1370,Sarah Nguyen,09/30/2022,13:25:00 PDT,Nina Alvarez <nalvarez@alderpointpartners.com>,Craig Sato <csato@cascadetimber.com>,,IT notice,Not Responsive,No,No,,<email-1370.202209301325@alderpointpartners.com>,Custodians/Sarah_Nguyen/EMAIL-1370_IT_notice.eml
EMAIL-1371,Human Resources,10/06/2023,09:25:00 PDT,Sarah Nguyen <snguyen@cascadetimber.com>,John Ellery <jellery@cascadetimber.com>,,HR broadcast,Not Responsive,Yes,No,,<email-1371.202310060925@cascadetimber.com>,Custodians/Human_Resources/EMAIL-1371_HR_broadcast.eml
EMAIL-1372,Facilities,09/23/2023,14:00:00 PDT,Jay Whitfield <jwhitfield@alderpointpartners.com>,Frank Delgado <fdelgado@cascadetimber.com>,,Out of office,Not Responsive,No,No,,<email-1372.202309231400@alderpointpartners.com>,Custodians/Facilities/EMAIL-1372_Out_of_office.eml
EMAIL-1373,A Patel,11/28/2022,11:50:00 PST,Wendy Park <wpark@cascadetimber.com>,John Ellery <jellery@cascadetimber.com>,,Duplicate — v4,Not Responsive,Yes,No,,<email-1373.202211281150@cascadetimber.com>,Custodians/A_Patel/EMAIL-1373_Duplicate_v4.eml
EMAIL-1374,Dan Osei,10/09/2023,14:30:00 PDT,Wendy Park <wpark@cascadetimber.com>,Tom Reyes <treyes@alderpointpartners.com>,Robert Denniston <rdenniston@cascadetimber.com>,Fantasy pool,Not Responsive,No,No,,<email-1374.202310091430@cascadetimber.com>,Custodians/Dan_Osei/EMAIL-1374_Fantasy_pool.eml
EMAIL-1375,Mia Chen,04/01/2022,11:25:00 PDT,Jay Whitfield <jwhitfield@alderpointpartners.com>,Frank Delgado <fdelgado@cascadetimber.com>,,Fantasy pool,Not Responsive,No,No,,<email-1375.202204011125@alderpointpartners.com>,Custodians/Mia_Chen/EMAIL-1375_Fantasy_pool.eml
EMAIL-1376,Frank Delgado,02/28/2023,13:00:00 PST,Human Resources <hr@cascadetimber.com>,IT Notifications <it-notifications@cascadetimber.com>,,Lunch plans,Not Responsive,No,No,,<email-1376.202302281300@cascadetimber.com>,Custodians/Frank_Delgado/EMAIL-1376_Lunch_plans.eml
EMAIL-1377,Grace Lin,07/02/2023,14:55:00 PDT,Craig Sato <csato@cascadetimber.com>,Priya Shah <pshah@alderpointpartners.com>,,Out of office,Not Responsive,No,No,,<email-1377.202307021455@cascadetimber.com>,Custodians/Grace_Lin/EMAIL-1377_Out_of_office.eml
EMAIL-1378,Jay Whitfield,07/29/2022,09:15:00 PDT,Derek Holt <dholt@bellhavenadvisory.com>,Hannah Cole <hcole@cascadetimber.com>,,Fantasy pool,Not Responsive,No,No,,<email-1378.202207290915@bellhavenadvisory.com>,Custodians/Jay_Whitfield/EMAIL-1378_Fantasy_pool.eml
EMAIL-1379,Jay Whitfield,04/28/2023,10:25:00 PDT,HR <hr@alderpointpartners.com>,Elena Marlowe <emarlowe@cascadetimber.com>,,Out of office,Not Responsive,No,No,,<email-1379.202304281025@alderpointpartners.com>,Custodians/Jay_Whitfield/EMAIL-1379_Out_of_office.eml
EMAIL-1380,IT Notifications,10/14/2023,08:20:00 PDT,Dan Osei <dosei@cascadetimber.com>,Facilities <facilities@cascadetimber.com>,,Lunch plans,Not Responsive,No,No,,<email-1380.202310140820@cascadetimber.com>,Custodians/IT_Notifications/EMAIL-1380_Lunch_plans.eml
EMAIL-1381,Brenda Moss,09/12/2023,15:05:00 PDT,John Ellery <jellery@cascadetimber.com>,Hannah Cole <hcole@cascadetimber.com>,Sarah Nguyen <snguyen@cascadetimber.com>,Expense/travel,Not Responsive,Yes,No,,<email-1381.202309121505@cascadetimber.com>,Custodians/Brenda_Moss/EMAIL-1381_Expense_travel.eml
EMAIL-1382,Wendy Park,10/22/2022,10:10:00 PDT,Jay Whitfield <jwhitfield@alderpointpartners.com>,HR <hr@alderpointpartners.com>,,Fantasy pool,Not Responsive,No,No,,<email-1382.202210221010@alderpointpartners.com>,Custodians/Wendy_Park/EMAIL-1382_Fantasy_pool.eml
EMAIL-1383,John Ellery,04/20/2022,09:45:00 PDT,Sarah Nguyen <snguyen@cascadetimber.com>,HR <hr@alderpointpartners.com>,,Parking/facilities,Not Responsive,No,No,,<email-1383.202204200945@cascadetimber.com>,Custodians/John_Ellery/EMAIL-1383_Parking_facilities.eml
EMAIL-1384,Hannah Cole,11/18/2023,14:05:00 PST,Tom Reyes <treyes@alderpointpartners.com>,Renee Ford <rford@bellhavenadvisory.com>,,Expense/travel,Not Responsive,No,No,,<email-1384.202311181405@alderpointpartners.com>,Custodians/Hannah_Cole/EMAIL-1384_Expense_travel.eml
EMAIL-1385,Craig Sato,10/12/2022,17:30:00 PDT,Marcus Webb <mwebb@cascadetimber.com>,Human Resources <hr@cascadetimber.com>,,Parking/facilities,Not Responsive,No,No,,<email-1385.202210121730@cascadetimber.com>,Custodians/Craig_Sato/EMAIL-1385_Parking_facilities.eml
EMAIL-1386,Wendy Park,05/05/2022,08:30:00 PDT,Facilities <facilities@cascadetimber.com>,Tom Reyes <treyes@alderpointpartners.com>,HR <hr@alderpointpartners.com>,Duplicate — v2,Not Responsive,No,No,,<email-1386.202205050830@cascadetimber.com>,Custodians/Wendy_Park/EMAIL-1386_Duplicate_v2.eml
EMAIL-1387,Hannah Cole,11/28/2022,10:10:00 PST,Deb Sanchez <dsanchez@cascadetimber.com>,Facilities <facilities@cascadetimber.com>,,Out of office,Not Responsive,No,No,,<email-1387.202211281010@cascadetimber.com>,Custodians/Hannah_Cole/EMAIL-1387_Out_of_office.eml
EMAIL-1388,Frank Delgado,11/25/2023,08:25:00 PST,Renee Ford <rford@bellhavenadvisory.com>,Derek Holt <dholt@bellhavenadvisory.com>,Tom Reyes <treyes@alderpointpartners.com>,IT notice,Not Responsive,No,No,,<email-1388.202311250825@bellhavenadvisory.com>,Custodians/Frank_Delgado/EMAIL-1388_IT_notice.eml
EMAIL-1389,Craig Sato,07/26/2022,08:05:00 PDT,Hannah Cole <hcole@cascadetimber.com>,Wendy Park <wpark@cascadetimber.com>,,Parking/facilities,Not Responsive,No,No,,<email-1389.202207260805@cascadetimber.com>,Custodians/Craig_Sato/EMAIL-1389_Parking_facilities.eml
EMAIL-1390,Brenda Moss,12/30/2022,16:35:00 PST,HR <hr@alderpointpartners.com>,Deb Sanchez <dsanchez@cascadetimber.com>,,IT notice,Not Responsive,No,No,,<email-1390.202212301635@alderpointpartners.com>,Custodians/Brenda_Moss/EMAIL-1390_IT_notice.eml
EMAIL-1391,Craig Sato,12/10/2022,08:00:00 PST,Tom Reyes <treyes@alderpointpartners.com>,Derek Holt <dholt@bellhavenadvisory.com>,,Calendar invite,Not Responsive,No,No,,<email-1391.202212100800@alderpointpartners.com>,Custodians/Craig_Sato/EMAIL-1391_Calendar_invite.eml
EMAIL-1392,Wendy Park,02/05/2022,10:35:00 PST,Sarah Nguyen <snguyen@cascadetimber.com>,HR <hr@alderpointpartners.com>,,Calendar invite,Not Responsive,No,No,,<email-1392.202202051035@cascadetimber.com>,Custodians/Wendy_Park/EMAIL-1392_Calendar_invite.eml
EMAIL-1393,Priya Shah,11/08/2021,10:25:00 PST,HR <hr@alderpointpartners.com>,Sarah Nguyen <snguyen@cascadetimber.com>,,Duplicate — v4,Not Responsive,No,No,,<email-1393.202111081025@alderpointpartners.com>,Custodians/Priya_Shah/EMAIL-1393_Duplicate_v4.eml
EMAIL-1394,Sarah Nguyen,07/08/2023,11:05:00 PDT,Tom Reyes <treyes@alderpointpartners.com>,Robert Denniston <rdenniston@cascadetimber.com>,,Expense/travel,Not Responsive,No,No,,<email-1394.202307081105@alderpointpartners.com>,Custodians/Sarah_Nguyen/EMAIL-1394_Expense_travel.eml
EMAIL-1395,Priya Shah,06/24/2022,09:10:00 PDT,Priya Shah <pshah@alderpointpartners.com>,IT Notifications <it-notifications@cascadetimber.com>,,Out of office,Not Responsive,No,No,,<email-1395.202206240910@alderpointpartners.com>,Custodians/Priya_Shah/EMAIL-1395_Out_of_office.eml
EMAIL-1396,Robert Denniston,02/12/2022,11:15:00 PST,Renee Ford <rford@bellhavenadvisory.com>,Facilities <facilities@cascadetimber.com>,,Duplicate — v3,Not Responsive,No,No,,<email-1396.202202121115@bellhavenadvisory.com>,Custodians/Robert_Denniston/EMAIL-1396_Duplicate_v3.eml
EMAIL-1397,Derek Holt,03/31/2023,09:45:00 PDT,Hannah Cole <hcole@cascadetimber.com>,Deb Sanchez <dsanchez@cascadetimber.com>,,IT notice,Not Responsive,No,No,,<email-1397.202303310945@cascadetimber.com>,Custodians/Derek_Holt/EMAIL-1397_IT_notice.eml
EMAIL-1398,Tom Reyes,10/22/2022,10:25:00 PDT,Sarah Nguyen <snguyen@cascadetimber.com>,Facilities <facilities@cascadetimber.com>,,Calendar invite,Not Responsive,No,No,,<email-1398.202210221025@cascadetimber.com>,Custodians/Tom_Reyes/EMAIL-1398_Calendar_invite.eml
EMAIL-1399,Mia Chen,09/21/2023,15:20:00 PDT,HR <hr@alderpointpartners.com>,Facilities <facilities@cascadetimber.com>,,Fantasy pool,Not Responsive,No,No,,<email-1399.202309211520@alderpointpartners.com>,Custodians/Mia_Chen/EMAIL-1399_Fantasy_pool.eml
EMAIL-1400,Dan Osei,10/26/2023,10:00:00 PDT,Marcus Webb <mwebb@cascadetimber.com>,Human Resources <hr@cascadetimber.com>,,Parking/facilities,Not Responsive,No,No,,<email-1400.202310261000@cascadetimber.com>,Custodians/Dan_Osei/EMAIL-1400_Parking_facilities.eml
EMAIL-1401,Tom Reyes,03/16/2022,10:12:00 PDT,Tom Reyes <treyes@alderpointpartners.com>,Nina Alvarez <nalvarez@alderpointpartners.com>,,RE: Parcel scouting — Klamath County,Routine,No,No,,<email-1401.202203161012@alderpointpartners.com>,Custodians/Tom_Reyes/EMAIL-1401_RE_Parcel_scouting_Klamath_County.eml
EMAIL-1402,Nina Alvarez,03/16/2022,14:40:00 PDT,Nina Alvarez <nalvarez@alderpointpartners.com>,Tom Reyes <treyes@alderpointpartners.com>,,RE: Parcel scouting — Klamath County,Routine,No,No,,<email-1402.202203161440@alderpointpartners.com>,Custodians/Nina_Alvarez/EMAIL-1402_RE_Parcel_scouting_Klamath_County.eml
EMAIL-1403,Tom Reyes,03/16/2022,15:05:00 PDT,Tom Reyes <treyes@alderpointpartners.com>,Nina Alvarez <nalvarez@alderpointpartners.com>,Priya Shah <pshah@alderpointpartners.com>,RE: Parcel scouting — Klamath County,Routine,No,No,,<email-1403.202203161505@alderpointpartners.com>,Custodians/Tom_Reyes/EMAIL-1403_RE_Parcel_scouting_Klamath_County.eml
EMAIL-1404,Priya Shah,03/17/2022,08:20:00 PDT,Priya Shah <pshah@alderpointpartners.com>,Tom Reyes <treyes@alderpointpartners.com>; Nina Alvarez <nalvarez@alderpointpartners.com>,,RE: Parcel scouting — Klamath County,Routine,No,No,,<email-1404.202203170820@alderpointpartners.com>,Custodians/Priya_Shah/EMAIL-1404_RE_Parcel_scouting_Klamath_County.eml
EMAIL-1405,Tom Reyes,03/17/2022,09:02:00 PDT,Tom Reyes <treyes@alderpointpartners.com>,Priya Shah <pshah@alderpointpartners.com>,,RE: Parcel scouting — Klamath County,Routine,No,No,,<email-1405.202203170902@alderpointpartners.com>,Custodians/Tom_Reyes/EMAIL-1405_RE_Parcel_scouting_Klamath_County.eml
EMAIL-1406,Priya Shah,03/17/2022,11:48:00 PDT,Priya Shah <pshah@alderpointpartners.com>,Tom Reyes <treyes@alderpointpartners.com>,,RE: Parcel scouting — Klamath County,Routine,No,No,,<email-1406.202203171148@alderpointpartners.com>,Custodians/Priya_Shah/EMAIL-1406_RE_Parcel_scouting_Klamath_County.eml
EMAIL-1407,Nina Alvarez,03/18/2022,11:15:00 PDT,Nina Alvarez <nalvarez@alderpointpartners.com>,Tom Reyes <treyes@alderpointpartners.com>; Priya Shah <pshah@alderpointpartners.com>,,RE: Parcel scouting — Klamath County,Routine,No,No,,<email-1407.202203181115@alderpointpartners.com>,Custodians/Nina_Alvarez/EMAIL-1407_RE_Parcel_scouting_Klamath_County.eml
EMAIL-1408,Tom Reyes,03/18/2022,11:40:00 PDT,Tom Reyes <treyes@alderpointpartners.com>,Nina Alvarez <nalvarez@alderpointpartners.com>,,RE: Parcel scouting — Klamath County,Routine,No,No,,<email-1408.202203181140@alderpointpartners.com>,Custodians/Tom_Reyes/EMAIL-1408_RE_Parcel_scouting_Klamath_County.eml
EMAIL-1409,Tom Reyes,03/22/2022,17:50:00 PDT,Tom Reyes <treyes@alderpointpartners.com>,Nina Alvarez <nalvarez@alderpointpartners.com>,Priya Shah <pshah@alderpointpartners.com>,RE: Parcel scouting — Klamath County,Routine,No,No,,<email-1409.202203221750@alderpointpartners.com>,Custodians/Tom_Reyes/EMAIL-1409_RE_Parcel_scouting_Klamath_County.eml
EMAIL-1410,Tom Reyes,03/23/2022,08:55:00 PDT,Tom Reyes <treyes@alderpointpartners.com>,Hannah Cole <hcole@cascadetimber.com>,,Fwd: RE: Parcel scouting — Klamath County,Routine,No,No,,<email-1410.202203230855@alderpointpartners.com>,Custodians/Tom_Reyes/EMAIL-1410_Fwd_RE_Parcel_scouting_Klamath_County.eml
EMAIL-1411,Hannah Cole,03/23/2022,13:30:00 PDT,Hannah Cole <hcole@cascadetimber.com>,Tom Reyes <treyes@alderpointpartners.com>,,RE: Fwd: RE: Parcel scouting — Klamath County,Routine,No,No,,<email-1411.202203231330@cascadetimber.com>,Custodians/Hannah_Cole/EMAIL-1411_RE_Fwd_RE_Parcel_scouting_Klamath_County.eml
EMAIL-1412,Tom Reyes,03/24/2022,08:05:00 PDT,Tom Reyes <treyes@alderpointpartners.com>,Hannah Cole <hcole@cascadetimber.com>,Nina Alvarez <nalvarez@alderpointpartners.com>,RE: Fwd: RE: Parcel scouting — Klamath County,Routine,No,No,,<email-1412.202203240805@alderpointpartners.com>,Custodians/Tom_Reyes/EMAIL-1412_RE_Fwd_RE_Parcel_scouting_Klamath_County.eml
EMAIL-1421,Tom Reyes,09/16/2022,10:20:00 PDT,Tom Reyes <treyes@alderpointpartners.com>,Priya Shah <pshah@alderpointpartners.com>,,RE: Bellhaven registration,Routine,No,No,,<email-1421.202209161020@alderpointpartners.com>,Custodians/Tom_Reyes/EMAIL-1421_RE_Bellhaven_registration.eml
EMAIL-1422,Priya Shah,09/19/2022,08:45:00 PDT,Priya Shah <pshah@alderpointpartners.com>,Tom Reyes <treyes@alderpointpartners.com>,Jay Whitfield <jwhitfield@alderpointpartners.com>,RE: Bellhaven registration,Routine,No,No,,<email-1422.202209190845@alderpointpartners.com>,Custodians/Priya_Shah/EMAIL-1422_RE_Bellhaven_registration.eml
EMAIL-1423,Jay Whitfield,09/19/2022,11:10:00 PDT,Jay Whitfield <jwhitfield@alderpointpartners.com>,Priya Shah <pshah@alderpointpartners.com>; Tom Reyes <treyes@alderpointpartners.com>,,RE: Bellhaven registration,Routine,No,No,,<email-1423.202209191110@alderpointpartners.com>,Custodians/Jay_Whitfield/EMAIL-1423_RE_Bellhaven_registration.eml
EMAIL-1424,Priya Shah,09/19/2022,15:30:00 PDT,Priya Shah <pshah@alderpointpartners.com>,Jay Whitfield <jwhitfield@alderpointpartners.com>,,RE: Bellhaven registration,Routine,No,No,,<email-1424.202209191530@alderpointpartners.com>,Custodians/Priya_Shah/EMAIL-1424_RE_Bellhaven_registration.eml
EMAIL-1425,Tom Reyes,09/20/2022,09:05:00 PDT,Tom Reyes <treyes@alderpointpartners.com>,Derek Holt <dholt@bellhavenadvisory.com>,,RE: Engagement — Coastal Solar credit placements,Routine,No,No,,<email-1425.202209200905@alderpointpartners.com>,Custodians/Tom_Reyes/EMAIL-1425_RE_Engagement_Coastal_Solar_credit_placements.eml
EMAIL-1426,Derek Holt,09/21/2022,10:40:00 PDT,Derek Holt <dholt@bellhavenadvisory.com>,Tom Reyes <treyes@alderpointpartners.com>,,RE: Engagement — Coastal Solar credit placements,Routine,No,No,,<email-1426.202209211040@bellhavenadvisory.com>,Custodians/Derek_Holt/EMAIL-1426_RE_Engagement_Coastal_Solar_credit_placements.eml
EMAIL-1427,Tom Reyes,09/21/2022,11:15:00 PDT,Tom Reyes <treyes@alderpointpartners.com>,Priya Shah <pshah@alderpointpartners.com>,,Fwd: RE: Engagement — Coastal Solar credit placements,Routine,No,No,,<email-1427.202209211115@alderpointpartners.com>,Custodians/Tom_Reyes/EMAIL-1427_Fwd_RE_Engagement_Coastal_Solar_credit_placements.eml
EMAIL-1428,Priya Shah,09/21/2022,13:02:00 PDT,Priya Shah <pshah@alderpointpartners.com>,Tom Reyes <treyes@alderpointpartners.com>,,Re: Fwd: RE: Engagement — Coastal Solar credit placements,Routine,No,No,,<email-1428.202209211302@alderpointpartners.com>,Custodians/Priya_Shah/EMAIL-1428_Re_Fwd_RE_Engagement_Coastal_Solar_credit_placements.eml
EMAIL-1429,Jay Whitfield,09/23/2022,14:20:00 PDT,Jay Whitfield <jwhitfield@alderpointpartners.com>,Priya Shah <pshah@alderpointpartners.com>,Tom Reyes <treyes@alderpointpartners.com>,RE: Bellhaven registration,Routine,No,No,,<email-1429.202209231420@alderpointpartners.com>,Custodians/Jay_Whitfield/EMAIL-1429_RE_Bellhaven_registration.eml
EMAIL-1430,Tom Reyes,09/26/2022,09:30:00 PDT,Tom Reyes <treyes@alderpointpartners.com>,Derek Holt <dholt@bellhavenadvisory.com>,,RE: Engagement — Coastal Solar credit placements,Routine,No,No,,<email-1430.202209260930@alderpointpartners.com>,Custodians/Tom_Reyes/EMAIL-1430_RE_Engagement_Coastal_Solar_credit_placements.eml
EMAIL-1431,Derek Holt,09/26/2022,14:10:00 PDT,Derek Holt <dholt@bellhavenadvisory.com>,Tom Reyes <treyes@alderpointpartners.com>,,RE: Engagement — Coastal Solar credit placements,Routine,No,No,,<email-1431.202209261410@bellhavenadvisory.com>,Custodians/Derek_Holt/EMAIL-1431_RE_Engagement_Coastal_Solar_credit_placements.eml
EMAIL-1432,Priya Shah,09/27/2022,16:40:00 PDT,Priya Shah <pshah@alderpointpartners.com>,Tom Reyes <treyes@alderpointpartners.com>,,Re: Fwd: RE: Engagement — Coastal Solar credit placements,Routine,No,No,,<email-1432.202209271640@alderpointpartners.com>,Custodians/Priya_Shah/EMAIL-1432_Re_Fwd_RE_Engagement_Coastal_Solar_credit_placements.eml
EMAIL-1433,Tom Reyes,09/28/2022,08:15:00 PDT,Tom Reyes <treyes@alderpointpartners.com>,Priya Shah <pshah@alderpointpartners.com>,,Re: Fwd: RE: Engagement — Coastal Solar credit placements,Routine,No,No,,<email-1433.202209280815@alderpointpartners.com>,Custodians/Tom_Reyes/EMAIL-1433_Re_Fwd_RE_Engagement_Coastal_Solar_credit_placements.eml
EMAIL-1434,Jay Whitfield,10/03/2022,10:20:00 PDT,Jay Whitfield <jwhitfield@alderpointpartners.com>,Priya Shah <pshah@alderpointpartners.com>; Tom Reyes <treyes@alderpointpartners.com>,,RE: Bellhaven registration,Routine,No,No,,<email-1434.202210031020@alderpointpartners.com>,Custodians/Jay_Whitfield/EMAIL-1434_RE_Bellhaven_registration.eml
EMAIL-1441,Priya Shah,10/19/2022,13:40:00 PDT,Priya Shah <pshah@alderpointpartners.com>,Tom Reyes <treyes@alderpointpartners.com>,,RE: Q4 placement targets,Routine,No,No,,<email-1441.202210191340@alderpointpartners.com>,Custodians/Priya_Shah/EMAIL-1441_RE_Q4_placement_targets.eml
EMAIL-1442,Tom Reyes,10/21/2022,10:25:00 PDT,Tom Reyes <treyes@alderpointpartners.com>,Priya Shah <pshah@alderpointpartners.com>,,RE: Q4 placement targets,Routine,No,No,,<email-1442.202210211025@alderpointpartners.com>,Custodians/Tom_Reyes/EMAIL-1442_RE_Q4_placement_targets.eml
EMAIL-1443,Priya Shah,10/21/2022,14:05:00 PDT,Priya Shah <pshah@alderpointpartners.com>,Jay Whitfield <jwhitfield@alderpointpartners.com>,,Fwd: RE: Q4 placement targets,Routine,No,No,,<email-1443.202210211405@alderpointpartners.com>,Custodians/Priya_Shah/EMAIL-1443_Fwd_RE_Q4_placement_targets.eml
EMAIL-1444,Jay Whitfield,10/24/2022,09:15:00 PDT,Jay Whitfield <jwhitfield@alderpointpartners.com>,Priya Shah <pshah@alderpointpartners.com>,,Re: Fwd: RE: Q4 placement targets,Routine,No,No,,<email-1444.202210240915@alderpointpartners.com>,Custodians/Jay_Whitfield/EMAIL-1444_Re_Fwd_RE_Q4_placement_targets.eml
EMAIL-1445,Priya Shah,10/24/2022,11:30:00 PDT,Priya Shah <pshah@alderpointpartners.com>,Robert Denniston <rdenniston@cascadetimber.com>,Tom Reyes <treyes@alderpointpartners.com>; Craig Sato <csato@cascadetimber.com>,RE: Q4 placement targets,Routine,No,No,,<email-1445.202210241130@alderpointpartners.com>,Custodians/Priya_Shah/EMAIL-1445_RE_Q4_placement_targets.eml
EMAIL-1446,Robert Denniston,10/25/2022,08:50:00 PDT,Robert Denniston <rdenniston@cascadetimber.com>,Priya Shah <pshah@alderpointpartners.com>,Craig Sato <csato@cascadetimber.com>,RE: Q4 placement targets,Routine,No,No,,<email-1446.202210250850@cascadetimber.com>,Custodians/Robert_Denniston/EMAIL-1446_RE_Q4_placement_targets.eml
EMAIL-1447,Craig Sato,10/25/2022,15:20:00 PDT,Craig Sato <csato@cascadetimber.com>,Robert Denniston <rdenniston@cascadetimber.com>,,RE: Q4 placement targets,Routine,No,No,,<email-1447.202210251520@cascadetimber.com>,Custodians/Craig_Sato/EMAIL-1447_RE_Q4_placement_targets.eml
EMAIL-1448,Craig Sato,10/27/2022,10:40:00 PDT,Craig Sato <csato@cascadetimber.com>,Sarah Nguyen <snguyen@cascadetimber.com>,,FW: RE: Q4 placement targets,Routine,No,No,,<email-1448.202210271040@cascadetimber.com>,Custodians/Craig_Sato/EMAIL-1448_FW_RE_Q4_placement_targets.eml
EMAIL-1449,Sarah Nguyen,10/27/2022,16:05:00 PDT,Sarah Nguyen <snguyen@cascadetimber.com>,Craig Sato <csato@cascadetimber.com>,,RE: FW: RE: Q4 placement targets,Routine,No,No,,<email-1449.202210271605@cascadetimber.com>,Custodians/Sarah_Nguyen/EMAIL-1449_RE_FW_RE_Q4_placement_targets.eml
EMAIL-1450,Sarah Nguyen,10/28/2022,09:30:00 PDT,Sarah Nguyen <snguyen@cascadetimber.com>,Priya Shah <pshah@alderpointpartners.com>,Craig Sato <csato@cascadetimber.com>,Q4 submissions — packet support,Routine,No,No,,<email-1450.202210280930@cascadetimber.com>,Custodians/Sarah_Nguyen/EMAIL-1450_Q4_submissions_packet_support.eml
EMAIL-1451,Priya Shah,10/31/2022,08:45:00 PDT,Priya Shah <pshah@alderpointpartners.com>,Tom Reyes <treyes@alderpointpartners.com>,,Fwd: Q4 submissions — packet support,Routine,No,No,,<email-1451.202210310845@alderpointpartners.com>,Custodians/Priya_Shah/EMAIL-1451_Fwd_Q4_submissions_packet_support.eml
EMAIL-1452,Tom Reyes,10/31/2022,11:10:00 PDT,Tom Reyes <treyes@alderpointpartners.com>,Priya Shah <pshah@alderpointpartners.com>,,Re: Fwd: Q4 submissions — packet support,Routine,No,No,,<email-1452.202210311110@alderpointpartners.com>,Custodians/Tom_Reyes/EMAIL-1452_Re_Fwd_Q4_submissions_packet_support.eml
EMAIL-1453,Tom Reyes,11/04/2022,09:20:00 PDT,Tom Reyes <treyes@alderpointpartners.com>,Hannah Cole <hcole@cascadetimber.com>,,Fwd: Fwd: Q4 submissions — packet support,Routine,No,No,,<email-1453.202211040920@alderpointpartners.com>,Custodians/Tom_Reyes/EMAIL-1453_Fwd_Fwd_Q4_submissions_packet_support.eml
EMAIL-1454,Hannah Cole,11/08/2022,10:15:00 PST,Hannah Cole <hcole@cascadetimber.com>,Tom Reyes <treyes@alderpointpartners.com>,Sarah Nguyen <snguyen@cascadetimber.com>,RE: Fwd: Fwd: Q4 submissions — packet support,Routine,No,No,,<email-1454.202211081015@cascadetimber.com>,Custodians/Hannah_Cole/EMAIL-1454_RE_Fwd_Fwd_Q4_submissions_packet_support.eml
EMAIL-1461,Robert Denniston,05/24/2023,15:55:00 PDT,Robert Denniston <rdenniston@cascadetimber.com>,Craig Sato <csato@cascadetimber.com>,,FW: RE: IRS subpoena — heads up,Chronology Key Event,No,No,,<email-1461.202305241555@cascadetimber.com>,Custodians/Robert_Denniston/EMAIL-1461_FW_RE_IRS_subpoena_heads_up.eml
EMAIL-1462,Craig Sato,05/24/2023,18:10:00 PDT,Craig Sato <csato@cascadetimber.com>,Robert Denniston <rdenniston@cascadetimber.com>,,RE: FW: RE: IRS subpoena — heads up,Chronology Key Event,No,No,NW_exposure_face_schedule_2023-05-24.csv,<email-1462.202305241810@cascadetimber.com>,Custodians/Craig_Sato/EMAIL-1462_RE_FW_RE_IRS_subpoena_heads_up.eml
EMAIL-1463,Robert Denniston,05/25/2023,07:40:00 PDT,Robert Denniston <rdenniston@cascadetimber.com>,John Ellery <jellery@cascadetimber.com>,Craig Sato <csato@cascadetimber.com>,FW: NW exposure schedule for board call,Privileged Legal Advice,Yes,No,NW_exposure_face_schedule_2023-05-24.csv,<email-1463.202305250740@cascadetimber.com>,Custodians/Robert_Denniston/EMAIL-1463_FW_NW_exposure_schedule_for_board_call.eml
EMAIL-1464,John Ellery,05/25/2023,09:25:00 PDT,John Ellery <jellery@cascadetimber.com>,Robert Denniston <rdenniston@cascadetimber.com>,Craig Sato <csato@cascadetimber.com>,RE: FW: NW exposure schedule for board call,Privileged Legal Advice,Yes,No,,<email-1464.202305250925@cascadetimber.com>,Custodians/John_Ellery/EMAIL-1464_RE_FW_NW_exposure_schedule_for_board_call.eml
EMAIL-1465,John Ellery,05/25/2023,11:40:00 PDT,John Ellery <jellery@cascadetimber.com>,Grace Lin <glin@llassociates.com>,Mia Chen <mchen@llassociates.com>,FW: RE: FW: NW exposure schedule for board call,Privileged Work Product,Yes,No,,<email-1465.202305251140@cascadetimber.com>,Custodians/John_Ellery/EMAIL-1465_FW_RE_FW_NW_exposure_schedule_for_board_call.eml
EMAIL-1466,Grace Lin,05/26/2023,15:20:00 PDT,Grace Lin <glin@llassociates.com>,John Ellery <jellery@cascadetimber.com>,Mia Chen <mchen@llassociates.com>,RE: FW: RE: FW: NW exposure schedule for board call,Privileged Work Product,Yes,No,,<email-1466.202305261520@llassociates.com>,Custodians/Grace_Lin/EMAIL-1466_RE_FW_RE_FW_NW_exposure_schedule_for_board_call.eml
EMAIL-1467,Mia Chen,05/26/2023,16:45:00 PDT,Mia Chen <mchen@llassociates.com>,John Ellery <jellery@cascadetimber.com>; Robert Denniston <rdenniston@cascadetimber.com>; Craig Sato <csato@cascadetimber.com>,Grace Lin <glin@llassociates.com>,RE: FW: RE: FW: NW exposure schedule for board call,Privileged Work Product,Yes,No,,<email-1467.202305261645@llassociates.com>,Custodians/Mia_Chen/EMAIL-1467_RE_FW_RE_FW_NW_exposure_schedule_for_board_call.eml
EMAIL-1468,Craig Sato,05/30/2023,08:20:00 PDT,Craig Sato <csato@cascadetimber.com>,Mia Chen <mchen@llassociates.com>; John Ellery <jellery@cascadetimber.com>; Robert Denniston <rdenniston@cascadetimber.com>,Grace Lin <glin@llassociates.com>,RE: FW: RE: FW: NW exposure schedule for board call,Privileged Work Product,Yes,No,,<email-1468.202305300820@cascadetimber.com>,Custodians/Craig_Sato/EMAIL-1468_RE_FW_RE_FW_NW_exposure_schedule_for_board_call.eml
EMAIL-1469,Craig Sato,05/31/2023,16:55:00 PDT,Craig Sato <csato@cascadetimber.com>,John Ellery <jellery@cascadetimber.com>,Grace Lin <glin@llassociates.com>; Mia Chen <mchen@llassociates.com>; Robert Denniston <rdenniston@cascadetimber.com>,Exposure workbook — structure per call (prepared at request of counsel),Privileged Work Product,Yes,No,NW_exposure_structure_2023-05-31.csv,<email-1469.202305311655@cascadetimber.com>,Custodians/Craig_Sato/EMAIL-1469_Exposure_workbook_structure_per_call_prepared_at_request_of_counsel.eml
EMAIL-1470,John Ellery,06/02/2023,10:30:00 PDT,John Ellery <jellery@cascadetimber.com>,Sarah Nguyen <snguyen@cascadetimber.com>,,FW: Exposure workbook — structure per call (prepared at request of counsel),Privileged Legal Advice,Yes,No,NW_exposure_structure_2023-05-31.csv,<email-1470.202306021030@cascadetimber.com>,Custodians/John_Ellery/EMAIL-1470_FW_Exposure_workbook_structure_per_call_prepared_at_request_of_counsel.eml
EMAIL-1471,Sarah Nguyen,06/05/2023,14:10:00 PDT,Sarah Nguyen <snguyen@cascadetimber.com>,John Ellery <jellery@cascadetimber.com>,,RE: FW: Exposure workbook — structure per call (prepared at request of counsel),Privileged Legal Advice,Yes,No,,<email-1471.202306051410@cascadetimber.com>,Custodians/Sarah_Nguyen/EMAIL-1471_RE_FW_Exposure_workbook_structure_per_call_prepared_at_request_of_counsel.eml
EMAIL-1472,Robert Denniston,06/07/2023,08:50:00 PDT,Robert Denniston <rdenniston@cascadetimber.com>,John Ellery <jellery@cascadetimber.com>,Craig Sato <csato@cascadetimber.com>,RE: Exposure workbook — structure per call (prepared at request of counsel),Privileged Legal Advice,Yes,No,,<email-1472.202306070850@cascadetimber.com>,Custodians/Robert_Denniston/EMAIL-1472_RE_Exposure_workbook_structure_per_call_prepared_at_request_of_counsel.eml
EMAIL-1473,John Ellery,06/07/2023,11:35:00 PDT,John Ellery <jellery@cascadetimber.com>,Robert Denniston <rdenniston@cascadetimber.com>,Craig Sato <csato@cascadetimber.com>; Grace Lin <glin@llassociates.com>,RE: Exposure workbook — structure per call (prepared at request of counsel),Privileged Work Product,Yes,No,,<email-1473.202306071135@cascadetimber.com>,Custodians/John_Ellery/EMAIL-1473_RE_Exposure_workbook_structure_per_call_prepared_at_request_of_counsel.eml
EMAIL-1474,Craig Sato,06/14/2023,09:05:00 PDT,Craig Sato <csato@cascadetimber.com>,John Ellery <jellery@cascadetimber.com>,Robert Denniston <rdenniston@cascadetimber.com>,RE: Exposure workbook — structure per call (prepared at request of counsel),Privileged Legal Advice,Yes,No,,<email-1474.202306140905@cascadetimber.com>,Custodians/Craig_Sato/EMAIL-1474_RE_Exposure_workbook_structure_per_call_prepared_at_request_of_counsel.eml
